ID,类型,值,深度,发现时间,状态,标题/备注,指纹,CMS,服务器
domain:1sy.top,domain,1sy.top,0,2026-08-18 20:44:50,scanned,,,,
domain:ssh.1sy.top,domain,ssh.1sy.top,1,2026-08-18 20:45:25,scanned,,,,
domain:pgadmin.1sy.top,domain,pgadmin.1sy.top,1,2026-08-18 20:45:25,scanned,,,,
domain:intranet.1sy.top,domain,intranet.1sy.top,1,2026-08-18 20:45:25,scanned,,,,
domain:wechat.1sy.top,domain,wechat.1sy.top,1,2026-08-18 20:45:25,scanned,,,,
domain:chat.1sy.top,domain,chat.1sy.top,1,2026-08-18 20:45:25,scanned,,,,
domain:proxy.1sy.top,domain,proxy.1sy.top,1,2026-08-18 20:45:25,scanned,,,,
domain:im.1sy.top,domain,im.1sy.top,1,2026-08-18 20:45:25,scanned,,,,
domain:uat.1sy.top,domain,uat.1sy.top,1,2026-08-18 20:45:25,scanned,,,,
domain:book.1sy.top,domain,book.1sy.top,1,2026-08-18 20:45:25,scanned,,,,
domain:cart.1sy.top,domain,cart.1sy.top,1,2026-08-18 20:45:25,scanned,,,,
domain:www.1sy.top,domain,www.1sy.top,1,2026-08-18 20:45:25,scanned,,,,
domain:metrics.1sy.top,domain,metrics.1sy.top,1,2026-08-18 20:45:25,scanned,,,,
domain:api-gateway.1sy.top,domain,api-gateway.1sy.top,1,2026-08-18 20:45:25,scanned,,,,
domain:uploads.1sy.top,domain,uploads.1sy.top,1,2026-08-18 20:45:25,scanned,,,,
domain:lb.1sy.top,domain,lb.1sy.top,1,2026-08-18 20:45:25,scanned,,,,
domain:tmp.1sy.top,domain,tmp.1sy.top,1,2026-08-18 20:45:25,scanned,,,,
domain:webmail.1sy.top,domain,webmail.1sy.top,1,2026-08-18 20:45:25,scanned,,,,
domain:career.1sy.top,domain,career.1sy.top,1,2026-08-18 20:45:25,scanned,,,,
domain:git.1sy.top,domain,git.1sy.top,1,2026-08-18 20:45:25,scanned,,,,
domain:sftp.1sy.top,domain,sftp.1sy.top,1,2026-08-18 20:45:25,scanned,,,,
domain:jobs.1sy.top,domain,jobs.1sy.top,1,2026-08-18 20:45:25,scanned,,,,
domain:github.1sy.top,domain,github.1sy.top,1,2026-08-18 20:45:25,scanned,,,,
domain:oss.1sy.top,domain,oss.1sy.top,1,2026-08-18 20:45:25,scanned,,,,
domain:cdn2.1sy.top,domain,cdn2.1sy.top,1,2026-08-18 20:45:25,scanned,,,,
domain:images.1sy.top,domain,images.1sy.top,1,2026-08-18 20:45:25,excluded,,,,
domain:cms.1sy.top,domain,cms.1sy.top,1,2026-08-18 20:45:25,excluded,,,,
domain:socket.1sy.top,domain,socket.1sy.top,1,2026-08-18 20:45:25,excluded,,,,
domain:cached.1sy.top,domain,cached.1sy.top,1,2026-08-18 20:45:25,excluded,,,,
domain:elk.1sy.top,domain,elk.1sy.top,1,2026-08-18 20:45:25,excluded,,,,
domain:miniapp.1sy.top,domain,miniapp.1sy.top,1,2026-08-18 20:45:25,excluded,,,,
domain:wiki.1sy.top,domain,wiki.1sy.top,1,2026-08-18 20:45:25,excluded,,,,
domain:apps.1sy.top,domain,apps.1sy.top,1,2026-08-18 20:45:25,excluded,,,,
domain:read.1sy.top,domain,read.1sy.top,1,2026-08-18 20:45:25,excluded,,,,
domain:data.1sy.top,domain,data.1sy.top,1,2026-08-18 20:45:25,excluded,,,,
domain:assets.1sy.top,domain,assets.1sy.top,1,2026-08-18 20:45:25,excluded,,,,
domain:comic.1sy.top,domain,comic.1sy.top,1,2026-08-18 20:45:25,excluded,,,,
domain:ccgj.1sy.top,domain,ccgj.1sy.top,1,2026-08-18 20:45:25,excluded,,,,
domain:backup.1sy.top,domain,backup.1sy.top,1,2026-08-18 20:45:25,excluded,,,,
domain:health.1sy.top,domain,health.1sy.top,1,2026-08-18 20:45:25,excluded,,,,
domain:idc.1sy.top,domain,idc.1sy.top,1,2026-08-18 20:45:25,excluded,,,,
domain:yyz.1sy.top,domain,yyz.1sy.top,1,2026-08-18 20:45:25,excluded,,,,
domain:shop.1sy.top,domain,shop.1sy.top,1,2026-08-18 20:45:25,excluded,,,,
domain:api2.1sy.top,domain,api2.1sy.top,1,2026-08-18 20:45:25,excluded,,,,
domain:cas.1sy.top,domain,cas.1sy.top,1,2026-08-18 20:45:25,excluded,,,,
domain:grpc.1sy.top,domain,grpc.1sy.top,1,2026-08-18 20:45:25,excluded,,,,
domain:api-prod.1sy.top,domain,api-prod.1sy.top,1,2026-08-18 20:45:25,excluded,,,,
domain:ns2.1sy.top,domain,ns2.1sy.top,1,2026-08-18 20:45:25,excluded,,,,
domain:prod.1sy.top,domain,prod.1sy.top,1,2026-08-18 20:45:25,excluded,,,,
domain:m.1sy.top,domain,m.1sy.top,1,2026-08-18 20:45:25,excluded,,,,
domain:phpadmin.1sy.top,domain,phpadmin.1sy.top,1,2026-08-18 20:45:25,excluded,,,,
domain:index.1sy.top,domain,index.1sy.top,1,2026-08-18 20:45:25,excluded,,,,
domain:zabbix.1sy.top,domain,zabbix.1sy.top,1,2026-08-18 20:45:25,excluded,,,,
domain:security.1sy.top,domain,security.1sy.top,1,2026-08-18 20:45:25,excluded,,,,
domain:manager.1sy.top,domain,manager.1sy.top,1,2026-08-18 20:45:25,excluded,,,,
domain:buy.1sy.top,domain,buy.1sy.top,1,2026-08-18 20:45:25,excluded,,,,
domain:cdn3.1sy.top,domain,cdn3.1sy.top,1,2026-08-18 20:45:25,excluded,,,,
domain:ns3.1sy.top,domain,ns3.1sy.top,1,2026-08-18 20:45:25,excluded,,,,
domain:news.1sy.top,domain,news.1sy.top,1,2026-08-18 20:45:25,excluded,,,,
domain:recruit.1sy.top,domain,recruit.1sy.top,1,2026-08-18 20:45:25,excluded,,,,
domain:img.1sy.top,domain,img.1sy.top,1,2026-08-18 20:45:25,excluded,,,,
domain:static2.1sy.top,domain,static2.1sy.top,1,2026-08-18 20:45:25,excluded,,,,
domain:sale.1sy.top,domain,sale.1sy.top,1,2026-08-18 20:45:25,excluded,,,,
domain:api-test.1sy.top,domain,api-test.1sy.top,1,2026-08-18 20:45:25,excluded,,,,
domain:ebook.1sy.top,domain,ebook.1sy.top,1,2026-08-18 20:45:25,excluded,,,,
domain:library.1sy.top,domain,library.1sy.top,1,2026-08-18 20:45:25,excluded,,,,
domain:saml.1sy.top,domain,saml.1sy.top,1,2026-08-18 20:45:25,excluded,,,,
domain:download.1sy.top,domain,download.1sy.top,1,2026-08-18 20:45:25,excluded,,,,
domain:market.1sy.top,domain,market.1sy.top,1,2026-08-18 20:45:25,excluded,,,,
domain:main.1sy.top,domain,main.1sy.top,1,2026-08-18 20:45:25,excluded,,,,
domain:oa.1sy.top,domain,oa.1sy.top,1,2026-08-18 20:45:25,excluded,,,,
domain:gray.1sy.top,domain,gray.1sy.top,1,2026-08-18 20:45:25,excluded,,,,
domain:about.1sy.top,domain,about.1sy.top,1,2026-08-18 20:45:25,excluded,,,,
domain:web.1sy.top,domain,web.1sy.top,1,2026-08-18 20:45:25,excluded,,,,
domain:magazine.1sy.top,domain,magazine.1sy.top,1,2026-08-18 20:45:25,excluded,,,,
domain:oauth.1sy.top,domain,oauth.1sy.top,1,2026-08-18 20:45:25,excluded,,,,
domain:prometheus.1sy.top,domain,prometheus.1sy.top,1,2026-08-18 20:45:25,excluded,,,,
domain:auth.1sy.top,domain,auth.1sy.top,1,2026-08-18 20:45:25,excluded,,,,
domain:sms.1sy.top,domain,sms.1sy.top,1,2026-08-18 20:45:25,excluded,,,,
domain:service.1sy.top,domain,service.1sy.top,1,2026-08-18 20:45:25,excluded,,,,
domain:wechat2.1sy.top,domain,wechat2.1sy.top,1,2026-08-18 20:45:25,excluded,,,,
domain:file.1sy.top,domain,file.1sy.top,1,2026-08-18 20:45:25,excluded,,,,
domain:doc.1sy.top,domain,doc.1sy.top,1,2026-08-18 20:45:25,excluded,,,,
domain:ftp.1sy.top,domain,ftp.1sy.top,1,2026-08-18 20:45:25,excluded,,,,
domain:documentation.1sy.top,domain,documentation.1sy.top,1,2026-08-18 20:45:25,excluded,,,,
domain:analytics.1sy.top,domain,analytics.1sy.top,1,2026-08-18 20:45:25,excluded,,,,
domain:checkout.1sy.top,domain,checkout.1sy.top,1,2026-08-18 20:45:25,excluded,,,,
domain:ldap.1sy.top,domain,ldap.1sy.top,1,2026-08-18 20:45:25,excluded,,,,
domain:apis.1sy.top,domain,apis.1sy.top,1,2026-08-18 20:45:25,excluded,,,,
domain:pre.1sy.top,domain,pre.1sy.top,1,2026-08-18 20:45:25,excluded,,,,
domain:radio.1sy.top,domain,radio.1sy.top,1,2026-08-18 20:45:25,excluded,,,,
domain:kibana.1sy.top,domain,kibana.1sy.top,1,2026-08-18 20:45:25,excluded,,,,
domain:graphql.1sy.top,domain,graphql.1sy.top,1,2026-08-18 20:45:25,excluded,,,,
domain:test.1sy.top,domain,test.1sy.top,1,2026-08-18 20:45:25,excluded,,,,
domain:gateway.1sy.top,domain,gateway.1sy.top,1,2026-08-18 20:45:25,excluded,,,,
domain:smtp.1sy.top,domain,smtp.1sy.top,1,2026-08-18 20:45:25,excluded,,,,
domain:community.1sy.top,domain,community.1sy.top,1,2026-08-18 20:45:25,excluded,,,,
domain:nlb.1sy.top,domain,nlb.1sy.top,1,2026-08-18 20:45:25,excluded,,,,
domain:video.1sy.top,domain,video.1sy.top,1,2026-08-18 20:45:25,excluded,,,,
domain:stats.1sy.top,domain,stats.1sy.top,1,2026-08-18 20:45:25,excluded,,,,
domain:upload.1sy.top,domain,upload.1sy.top,1,2026-08-18 20:45:25,excluded,,,,
domain:alipay.1sy.top,domain,alipay.1sy.top,1,2026-08-18 20:45:25,excluded,,,,
domain:gw.1sy.top,domain,gw.1sy.top,1,2026-08-18 20:45:25,excluded,,,,
domain:dns.1sy.top,domain,dns.1sy.top,1,2026-08-18 20:45:25,excluded,,,,
domain:ns1.1sy.top,domain,ns1.1sy.top,1,2026-08-18 20:45:25,excluded,,,,
domain:files.1sy.top,domain,files.1sy.top,1,2026-08-18 20:45:25,excluded,,,,
domain:forum.1sy.top,domain,forum.1sy.top,1,2026-08-18 20:45:25,excluded,,,,
domain:db.1sy.top,domain,db.1sy.top,1,2026-08-18 20:45:25,excluded,,,,
domain:erp.1sy.top,domain,erp.1sy.top,1,2026-08-18 20:45:25,excluded,,,,
domain:game.1sy.top,domain,game.1sy.top,1,2026-08-18 20:45:25,excluded,,,,
domain:rest.1sy.top,domain,rest.1sy.top,1,2026-08-18 20:45:25,excluded,,,,
domain:hrm.1sy.top,domain,hrm.1sy.top,1,2026-08-18 20:45:25,excluded,,,,
domain:cdn.1sy.top,domain,cdn.1sy.top,1,2026-08-18 20:45:25,excluded,,,,
domain:imap.1sy.top,domain,imap.1sy.top,1,2026-08-18 20:45:25,excluded,,,,
domain:console.1sy.top,domain,console.1sy.top,1,2026-08-18 20:45:25,excluded,,,,
domain:crm.1sy.top,domain,crm.1sy.top,1,2026-08-18 20:45:25,excluded,,,,
domain:registry.1sy.top,domain,registry.1sy.top,1,2026-08-18 20:45:25,excluded,,,,
domain:hr.1sy.top,domain,hr.1sy.top,1,2026-08-18 20:45:25,excluded,,,,
domain:media.1sy.top,domain,media.1sy.top,1,2026-08-18 20:45:25,excluded,,,,
domain:payment.1sy.top,domain,payment.1sy.top,1,2026-08-18 20:45:25,excluded,,,,
domain:home.1sy.top,domain,home.1sy.top,1,2026-08-18 20:45:25,excluded,,,,
domain:radius.1sy.top,domain,radius.1sy.top,1,2026-08-18 20:45:25,excluded,,,,
domain:story.1sy.top,domain,story.1sy.top,1,2026-08-18 20:45:25,excluded,,,,
domain:openapi.1sy.top,domain,openapi.1sy.top,1,2026-08-18 20:45:25,excluded,,,,
domain:mailchimp.1sy.top,domain,mailchimp.1sy.top,1,2026-08-18 20:45:25,excluded,,,,
domain:order2.1sy.top,domain,order2.1sy.top,1,2026-08-18 20:45:25,excluded,,,,
domain:demo.1sy.top,domain,demo.1sy.top,1,2026-08-18 20:45:25,excluded,,,,
domain:store.1sy.top,domain,store.1sy.top,1,2026-08-18 20:45:25,excluded,,,,
domain:staging2.1sy.top,domain,staging2.1sy.top,1,2026-08-18 20:45:25,excluded,,,,
domain:open.1sy.top,domain,open.1sy.top,1,2026-08-18 20:45:25,excluded,,,,
domain:office.1sy.top,domain,office.1sy.top,1,2026-08-18 20:45:25,excluded,,,,
domain:api-gw.1sy.top,domain,api-gw.1sy.top,1,2026-08-18 20:45:25,excluded,,,,
domain:administrator.1sy.top,domain,administrator.1sy.top,1,2026-08-18 20:45:25,excluded,,,,
domain:preprod.1sy.top,domain,preprod.1sy.top,1,2026-08-18 20:45:25,excluded,,,,
domain:mobile.1sy.top,domain,mobile.1sy.top,1,2026-08-18 20:45:25,excluded,,,,
domain:cache.1sy.top,domain,cache.1sy.top,1,2026-08-18 20:45:25,excluded,,,,
domain:auth2.1sy.top,domain,auth2.1sy.top,1,2026-08-18 20:45:25,excluded,,,,
domain:services.1sy.top,domain,services.1sy.top,1,2026-08-18 20:45:25,excluded,,,,
domain:reader.1sy.top,domain,reader.1sy.top,1,2026-08-18 20:45:25,excluded,,,,
domain:push.1sy.top,domain,push.1sy.top,1,2026-08-18 20:45:25,excluded,,,,
domain:build.1sy.top,domain,build.1sy.top,1,2026-08-18 20:45:25,excluded,,,,
domain:dev2.1sy.top,domain,dev2.1sy.top,1,2026-08-18 20:45:25,excluded,,,,
domain:export.1sy.top,domain,export.1sy.top,1,2026-08-18 20:45:25,excluded,,,,
domain:pay2.1sy.top,domain,pay2.1sy.top,1,2026-08-18 20:45:25,excluded,,,,
domain:portal.1sy.top,domain,portal.1sy.top,1,2026-08-18 20:45:25,excluded,,,,
domain:grafana.1sy.top,domain,grafana.1sy.top,1,2026-08-18 20:45:25,excluded,,,,
domain:production.1sy.top,domain,production.1sy.top,1,2026-08-18 20:45:25,excluded,,,,
domain:mobi.1sy.top,domain,mobi.1sy.top,1,2026-08-18 20:45:25,excluded,,,,
domain:order.1sy.top,domain,order.1sy.top,1,2026-08-18 20:45:25,excluded,,,,
domain:mysql.1sy.top,domain,mysql.1sy.top,1,2026-08-18 20:45:25,excluded,,,,
domain:qs.1sy.top,domain,qs.1sy.top,1,2026-08-18 20:45:25,excluded,,,,
domain:es.1sy.top,domain,es.1sy.top,1,2026-08-18 20:45:25,excluded,,,,
domain:tv.1sy.top,domain,tv.1sy.top,1,2026-08-18 20:45:25,excluded,,,,
domain:api.1sy.top,domain,api.1sy.top,1,2026-08-18 20:45:25,excluded,,,,
domain:reports.1sy.top,domain,reports.1sy.top,1,2026-08-18 20:45:25,excluded,,,,
domain:documents.1sy.top,domain,documents.1sy.top,1,2026-08-18 20:45:25,excluded,,,,
domain:temp.1sy.top,domain,temp.1sy.top,1,2026-08-18 20:45:25,excluded,,,,
domain:sse.1sy.top,domain,sse.1sy.top,1,2026-08-18 20:45:25,excluded,,,,
domain:mx1.1sy.top,domain,mx1.1sy.top,1,2026-08-18 20:45:25,excluded,,,,
domain:unionpay.1sy.top,domain,unionpay.1sy.top,1,2026-08-18 20:45:25,excluded,,,,
domain:weixin.1sy.top,domain,weixin.1sy.top,1,2026-08-18 20:45:25,excluded,,,,
domain:pay.1sy.top,domain,pay.1sy.top,1,2026-08-18 20:45:25,excluded,,,,
domain:homepage.1sy.top,domain,homepage.1sy.top,1,2026-08-18 20:45:25,excluded,,,,
domain:site.1sy.top,domain,site.1sy.top,1,2026-08-18 20:45:25,excluded,,,,
domain:sites.1sy.top,domain,sites.1sy.top,1,2026-08-18 20:45:25,excluded,,,,
domain:notification.1sy.top,domain,notification.1sy.top,1,2026-08-18 20:45:25,excluded,,,,
domain:test2.1sy.top,domain,test2.1sy.top,1,2026-08-18 20:45:25,excluded,,,,
domain:wss.1sy.top,domain,wss.1sy.top,1,2026-08-18 20:45:25,excluded,,,,
domain:jenkins.1sy.top,domain,jenkins.1sy.top,1,2026-08-18 20:45:25,excluded,,,,
domain:sess.1sy.top,domain,sess.1sy.top,1,2026-08-18 20:45:25,excluded,,,,
domain:cos.1sy.top,domain,cos.1sy.top,1,2026-08-18 20:45:25,excluded,,,,
domain:sywp.1sy.top,domain,sywp.1sy.top,1,2026-08-18 20:45:25,excluded,,,,
domain:products.1sy.top,domain,products.1sy.top,1,2026-08-18 20:45:25,excluded,,,,
domain:hf.1sy.top,domain,hf.1sy.top,1,2026-08-18 20:45:25,excluded,,,,
domain:static.1sy.top,domain,static.1sy.top,1,2026-08-18 20:45:25,excluded,,,,
domain:mini.1sy.top,domain,mini.1sy.top,1,2026-08-18 20:45:25,excluded,,,,
domain:public.1sy.top,domain,public.1sy.top,1,2026-08-18 20:45:25,excluded,,,,
domain:message.1sy.top,domain,message.1sy.top,1,2026-08-18 20:45:25,excluded,,,,
domain:ws.1sy.top,domain,ws.1sy.top,1,2026-08-18 20:45:25,excluded,,,,
domain:pub.1sy.top,domain,pub.1sy.top,1,2026-08-18 20:45:25,excluded,,,,
domain:sso.1sy.top,domain,sso.1sy.top,1,2026-08-18 20:45:25,excluded,,,,
domain:img3.1sy.top,domain,img3.1sy.top,1,2026-08-18 20:45:25,excluded,,,,
domain:docs.1sy.top,domain,docs.1sy.top,1,2026-08-18 20:45:25,excluded,,,,
domain:image.1sy.top,domain,image.1sy.top,1,2026-08-18 20:45:25,excluded,,,,
domain:music.1sy.top,domain,music.1sy.top,1,2026-08-18 20:45:25,excluded,,,,
domain:svn.1sy.top,domain,svn.1sy.top,1,2026-08-18 20:45:25,excluded,,,,
domain:bucket.1sy.top,domain,bucket.1sy.top,1,2026-08-18 20:45:25,excluded,,,,
domain:wx.1sy.top,domain,wx.1sy.top,1,2026-08-18 20:45:25,excluded,,,,
domain:live.1sy.top,domain,live.1sy.top,1,2026-08-18 20:45:25,excluded,,,,
domain:stage.1sy.top,domain,stage.1sy.top,1,2026-08-18 20:45:25,excluded,,,,
domain:keycloak.1sy.top,domain,keycloak.1sy.top,1,2026-08-18 20:45:25,excluded,,,,
domain:bbs.1sy.top,domain,bbs.1sy.top,1,2026-08-18 20:45:25,excluded,,,,
domain:tracking.1sy.top,domain,tracking.1sy.top,1,2026-08-18 20:45:25,excluded,,,,
domain:games.1sy.top,domain,games.1sy.top,1,2026-08-18 20:45:25,excluded,,,,
domain:vpn.1sy.top,domain,vpn.1sy.top,1,2026-08-18 20:45:25,excluded,,,,
domain:api-dev.1sy.top,domain,api-dev.1sy.top,1,2026-08-18 20:45:25,excluded,,,,
domain:novel.1sy.top,domain,novel.1sy.top,1,2026-08-18 20:45:25,excluded,,,,
domain:ygx.1sy.top,domain,ygx.1sy.top,1,2026-08-18 20:45:25,excluded,,,,
domain:manage.1sy.top,domain,manage.1sy.top,1,2026-08-18 20:45:25,excluded,,,,
domain:kubernetes.1sy.top,domain,kubernetes.1sy.top,1,2026-08-18 20:45:25,excluded,,,,
domain:ci.1sy.top,domain,ci.1sy.top,1,2026-08-18 20:45:25,excluded,,,,
domain:app.1sy.top,domain,app.1sy.top,1,2026-08-18 20:45:25,excluded,,,,
domain:cd.1sy.top,domain,cd.1sy.top,1,2026-08-18 20:45:25,excluded,,,,
domain:api-staging.1sy.top,domain,api-staging.1sy.top,1,2026-08-18 20:45:25,excluded,,,,
domain:qa.1sy.top,domain,qa.1sy.top,1,2026-08-18 20:45:25,excluded,,,,
domain:article.1sy.top,domain,article.1sy.top,1,2026-08-18 20:45:25,excluded,,,,
domain:wap2.1sy.top,domain,wap2.1sy.top,1,2026-08-18 20:45:25,excluded,,,,
domain:canary.1sy.top,domain,canary.1sy.top,1,2026-08-18 20:45:25,excluded,,,,
domain:api-internal.1sy.top,domain,api-internal.1sy.top,1,2026-08-18 20:45:25,excluded,,,,
domain:staging.1sy.top,domain,staging.1sy.top,1,2026-08-18 20:45:25,excluded,,,,
domain:report.1sy.top,domain,report.1sy.top,1,2026-08-18 20:45:25,excluded,,,,
domain:pop3.1sy.top,domain,pop3.1sy.top,1,2026-08-18 20:45:25,excluded,,,,
domain:mail1.1sy.top,domain,mail1.1sy.top,1,2026-08-18 20:45:25,excluded,,,,
domain:internal.1sy.top,domain,internal.1sy.top,1,2026-08-18 20:45:25,excluded,,,,
domain:sandbox.1sy.top,domain,sandbox.1sy.top,1,2026-08-18 20:45:25,excluded,,,,
domain:mall.1sy.top,domain,mall.1sy.top,1,2026-08-18 20:45:25,excluded,,,,
domain:h5.1sy.top,domain,h5.1sy.top,1,2026-08-18 20:45:25,excluded,,,,
domain:preview.1sy.top,domain,preview.1sy.top,1,2026-08-18 20:45:25,excluded,,,,
domain:gitlab.1sy.top,domain,gitlab.1sy.top,1,2026-08-18 20:45:25,excluded,,,,
domain:webapp.1sy.top,domain,webapp.1sy.top,1,2026-08-18 20:45:25,excluded,,,,
domain:ios.1sy.top,domain,ios.1sy.top,1,2026-08-18 20:45:25,excluded,,,,
domain:deomps.1sy.top,domain,deomps.1sy.top,1,2026-08-18 20:45:25,excluded,,,,
domain:logs.1sy.top,domain,logs.1sy.top,1,2026-08-18 20:45:25,excluded,,,,
domain:notify.1sy.top,domain,notify.1sy.top,1,2026-08-18 20:45:25,excluded,,,,
domain:monitoring.1sy.top,domain,monitoring.1sy.top,1,2026-08-18 20:45:25,excluded,,,,
domain:paper.1sy.top,domain,paper.1sy.top,1,2026-08-18 20:45:25,excluded,,,,
domain:cc.1sy.top,domain,cc.1sy.top,1,2026-08-18 20:45:25,excluded,,,,
domain:newsletter.1sy.top,domain,newsletter.1sy.top,1,2026-08-18 20:45:25,excluded,,,,
domain:dev.1sy.top,domain,dev.1sy.top,1,2026-08-18 20:45:25,excluded,,,,
domain:mzf.1sy.top,domain,mzf.1sy.top,1,2026-08-18 20:45:25,excluded,,,,
domain:bak.1sy.top,domain,bak.1sy.top,1,2026-08-18 20:45:25,excluded,,,,
domain:mysqladmin.1sy.top,domain,mysqladmin.1sy.top,1,2026-08-18 20:45:25,excluded,,,,
domain:product.1sy.top,domain,product.1sy.top,1,2026-08-18 20:45:25,excluded,,,,
domain:android.1sy.top,domain,android.1sy.top,1,2026-08-18 20:45:25,excluded,,,,
domain:pop.1sy.top,domain,pop.1sy.top,1,2026-08-18 20:45:25,excluded,,,,
domain:remote.1sy.top,domain,remote.1sy.top,1,2026-08-18 20:45:25,excluded,,,,
domain:beta.1sy.top,domain,beta.1sy.top,1,2026-08-18 20:45:25,excluded,,,,
domain:mail.1sy.top,domain,mail.1sy.top,1,2026-08-18 20:45:25,excluded,,,,
domain:k8s.1sy.top,domain,k8s.1sy.top,1,2026-08-18 20:45:25,excluded,,,,
domain:wap.1sy.top,domain,wap.1sy.top,1,2026-08-18 20:45:25,excluded,,,,
domain:careers.1sy.top,domain,careers.1sy.top,1,2026-08-18 20:45:25,excluded,,,,
domain:help.1sy.top,domain,help.1sy.top,1,2026-08-18 20:45:25,excluded,,,,
domain:mx2.1sy.top,domain,mx2.1sy.top,1,2026-08-18 20:45:25,excluded,,,,
domain:ym.1sy.top,domain,ym.1sy.top,1,2026-08-18 20:45:25,excluded,,,,
domain:faq.1sy.top,domain,faq.1sy.top,1,2026-08-18 20:45:25,excluded,,,,
domain:development.1sy.top,domain,development.1sy.top,1,2026-08-18 20:45:25,excluded,,,,
domain:admin.1sy.top,domain,admin.1sy.top,1,2026-08-18 20:45:25,excluded,,,,
domain:dxhz.1sy.top,domain,dxhz.1sy.top,1,2026-08-18 20:45:25,excluded,,,,
domain:phpmyadmin.1sy.top,domain,phpmyadmin.1sy.top,1,2026-08-18 20:45:25,excluded,,,,
domain:m2.1sy.top,domain,m2.1sy.top,1,2026-08-18 20:45:25,excluded,,,,
domain:q.1sy.top,domain,q.1sy.top,1,2026-08-18 20:45:25,excluded,,,,
domain:webview.1sy.top,domain,webview.1sy.top,1,2026-08-18 20:45:25,excluded,,,,
domain:contact.1sy.top,domain,contact.1sy.top,1,2026-08-18 20:45:25,excluded,,,,
domain:token.1sy.top,domain,token.1sy.top,1,2026-08-18 20:45:25,excluded,,,,
domain:job.1sy.top,domain,job.1sy.top,1,2026-08-18 20:45:25,excluded,,,,
domain:books.1sy.top,domain,books.1sy.top,1,2026-08-18 20:45:25,excluded,,,,
domain:database.1sy.top,domain,database.1sy.top,1,2026-08-18 20:45:25,excluded,,,,
domain:login.1sy.top,domain,login.1sy.top,1,2026-08-18 20:45:25,excluded,,,,
domain:support.1sy.top,domain,support.1sy.top,1,2026-08-18 20:45:25,excluded,,,,
domain:idc.dr.1sy.top,domain,idc.dr.1sy.top,1,2026-08-18 20:45:25,excluded,,,,
domain:blog.1sy.top,domain,blog.1sy.top,1,2026-08-18 20:45:25,excluded,,,,
domain:redis.1sy.top,domain,redis.1sy.top,1,2026-08-18 20:45:25,excluded,,,,
domain:log.1sy.top,domain,log.1sy.top,1,2026-08-18 20:45:25,excluded,,,,
domain:sy.1sy.top,domain,sy.1sy.top,1,2026-08-18 20:45:25,excluded,,,,
domain:mx.1sy.top,domain,mx.1sy.top,1,2026-08-18 20:45:25,excluded,,,,
domain:elastic.1sy.top,domain,elastic.1sy.top,1,2026-08-18 20:45:25,excluded,,,,
domain:mail2.1sy.top,domain,mail2.1sy.top,1,2026-08-18 20:45:25,excluded,,,,
domain:websocket.1sy.top,domain,websocket.1sy.top,1,2026-08-18 20:45:25,excluded,,,,
domain:session.1sy.top,domain,session.1sy.top,1,2026-08-18 20:45:25,excluded,,,,
domain:img2.1sy.top,domain,img2.1sy.top,1,2026-08-18 20:45:25,excluded,,,,
domain:sso2.1sy.top,domain,sso2.1sy.top,1,2026-08-18 20:45:25,excluded,,,,
domain:testing.1sy.top,domain,testing.1sy.top,1,2026-08-18 20:45:25,excluded,,,,
domain:monitor.1sy.top,domain,monitor.1sy.top,1,2026-08-18 20:45:25,excluded,,,,
domain:docker.1sy.top,domain,docker.1sy.top,1,2026-08-18 20:45:25,excluded,,,,
domain:storage.1sy.top,domain,storage.1sy.top,1,2026-08-18 20:45:25,excluded,,,,
domain:status.1sy.top,domain,status.1sy.top,1,2026-08-18 20:45:25,excluded,,,,
domain:static3.1sy.top,domain,static3.1sy.top,1,2026-08-18 20:45:25,excluded,,,,
domain:logging.1sy.top,domain,logging.1sy.top,1,2026-08-18 20:45:25,excluded,,,,
url:http://1sy.top/,url,http://1sy.top/,1,2026-08-18 20:45:26,eliminated,,,,
url:https://1sy.top/,url,https://1sy.top/,1,2026-08-18 20:45:26,eliminated,,,,
domain:library.intranet.1sy.top,domain,library.intranet.1sy.top,2,2026-08-18 20:45:45,excluded,,,,
domain:api-staging.intranet.1sy.top,domain,api-staging.intranet.1sy.top,2,2026-08-18 20:45:45,excluded,,,,
domain:community.intranet.1sy.top,domain,community.intranet.1sy.top,2,2026-08-18 20:45:45,excluded,,,,
domain:staging2.intranet.1sy.top,domain,staging2.intranet.1sy.top,2,2026-08-18 20:45:45,excluded,,,,
domain:github.intranet.1sy.top,domain,github.intranet.1sy.top,2,2026-08-18 20:45:45,excluded,,,,
domain:redis.intranet.1sy.top,domain,redis.intranet.1sy.top,2,2026-08-18 20:45:45,excluded,,,,
domain:jenkins.intranet.1sy.top,domain,jenkins.intranet.1sy.top,2,2026-08-18 20:45:45,excluded,,,,
domain:kibana.intranet.1sy.top,domain,kibana.intranet.1sy.top,2,2026-08-18 20:45:45,excluded,,,,
domain:imap.intranet.1sy.top,domain,imap.intranet.1sy.top,2,2026-08-18 20:45:45,excluded,,,,
domain:mx2.intranet.1sy.top,domain,mx2.intranet.1sy.top,2,2026-08-18 20:45:45,excluded,,,,
domain:pgadmin.intranet.1sy.top,domain,pgadmin.intranet.1sy.top,2,2026-08-18 20:45:45,excluded,,,,
domain:api-internal.intranet.1sy.top,domain,api-internal.intranet.1sy.top,2,2026-08-18 20:45:45,excluded,,,,
domain:registry.intranet.1sy.top,domain,registry.intranet.1sy.top,2,2026-08-18 20:45:45,excluded,,,,
domain:administrator.intranet.1sy.top,domain,administrator.intranet.1sy.top,2,2026-08-18 20:45:45,excluded,,,,
domain:qa.intranet.1sy.top,domain,qa.intranet.1sy.top,2,2026-08-18 20:45:45,excluded,,,,
domain:ios.intranet.1sy.top,domain,ios.intranet.1sy.top,2,2026-08-18 20:45:45,excluded,,,,
domain:chat.intranet.1sy.top,domain,chat.intranet.1sy.top,2,2026-08-18 20:45:45,excluded,,,,
domain:reader.intranet.1sy.top,domain,reader.intranet.1sy.top,2,2026-08-18 20:45:45,excluded,,,,
domain:testing.intranet.1sy.top,domain,testing.intranet.1sy.top,2,2026-08-18 20:45:45,excluded,,,,
domain:staging.intranet.1sy.top,domain,staging.intranet.1sy.top,2,2026-08-18 20:45:45,excluded,,,,
domain:session.intranet.1sy.top,domain,session.intranet.1sy.top,2,2026-08-18 20:45:45,excluded,,,,
domain:upload.intranet.1sy.top,domain,upload.intranet.1sy.top,2,2026-08-18 20:45:45,excluded,,,,
domain:oss.intranet.1sy.top,domain,oss.intranet.1sy.top,2,2026-08-18 20:45:45,excluded,,,,
domain:home.intranet.1sy.top,domain,home.intranet.1sy.top,2,2026-08-18 20:45:45,excluded,,,,
domain:webview.intranet.1sy.top,domain,webview.intranet.1sy.top,2,2026-08-18 20:45:45,excluded,,,,
domain:graphql.intranet.1sy.top,domain,graphql.intranet.1sy.top,2,2026-08-18 20:45:45,excluded,,,,
domain:www.intranet.1sy.top,domain,www.intranet.1sy.top,2,2026-08-18 20:45:45,excluded,,,,
domain:services.intranet.1sy.top,domain,services.intranet.1sy.top,2,2026-08-18 20:45:45,excluded,,,,
domain:sftp.intranet.1sy.top,domain,sftp.intranet.1sy.top,2,2026-08-18 20:45:45,excluded,,,,
domain:mail.intranet.1sy.top,domain,mail.intranet.1sy.top,2,2026-08-18 20:45:45,excluded,,,,
domain:uploads.intranet.1sy.top,domain,uploads.intranet.1sy.top,2,2026-08-18 20:45:45,excluded,,,,
domain:gitlab.intranet.1sy.top,domain,gitlab.intranet.1sy.top,2,2026-08-18 20:45:45,excluded,,,,
domain:phpmyadmin.intranet.1sy.top,domain,phpmyadmin.intranet.1sy.top,2,2026-08-18 20:45:45,excluded,,,,
domain:order2.intranet.1sy.top,domain,order2.intranet.1sy.top,2,2026-08-18 20:45:45,excluded,,,,
domain:apps.intranet.1sy.top,domain,apps.intranet.1sy.top,2,2026-08-18 20:45:45,excluded,,,,
domain:api-gateway.intranet.1sy.top,domain,api-gateway.intranet.1sy.top,2,2026-08-18 20:45:45,excluded,,,,
domain:mobile.intranet.1sy.top,domain,mobile.intranet.1sy.top,2,2026-08-18 20:45:45,excluded,,,,
domain:metrics.intranet.1sy.top,domain,metrics.intranet.1sy.top,2,2026-08-18 20:45:45,excluded,,,,
domain:health.intranet.1sy.top,domain,health.intranet.1sy.top,2,2026-08-18 20:45:45,excluded,,,,
domain:music.intranet.1sy.top,domain,music.intranet.1sy.top,2,2026-08-18 20:45:45,excluded,,,,
domain:mobi.intranet.1sy.top,domain,mobi.intranet.1sy.top,2,2026-08-18 20:45:45,excluded,,,,
domain:db.intranet.1sy.top,domain,db.intranet.1sy.top,2,2026-08-18 20:45:45,excluded,,,,
domain:security.intranet.1sy.top,domain,security.intranet.1sy.top,2,2026-08-18 20:45:45,excluded,,,,
domain:story.intranet.1sy.top,domain,story.intranet.1sy.top,2,2026-08-18 20:45:45,excluded,,,,
domain:book.intranet.1sy.top,domain,book.intranet.1sy.top,2,2026-08-18 20:45:45,excluded,,,,
domain:production.intranet.1sy.top,domain,production.intranet.1sy.top,2,2026-08-18 20:45:45,excluded,,,,
domain:newsletter.intranet.1sy.top,domain,newsletter.intranet.1sy.top,2,2026-08-18 20:45:45,excluded,,,,
domain:openapi.intranet.1sy.top,domain,openapi.intranet.1sy.top,2,2026-08-18 20:45:45,excluded,,,,
domain:sites.intranet.1sy.top,domain,sites.intranet.1sy.top,2,2026-08-18 20:45:45,excluded,,,,
domain:tmp.intranet.1sy.top,domain,tmp.intranet.1sy.top,2,2026-08-18 20:45:45,excluded,,,,
domain:message.intranet.1sy.top,domain,message.intranet.1sy.top,2,2026-08-18 20:45:45,excluded,,,,
domain:logs.intranet.1sy.top,domain,logs.intranet.1sy.top,2,2026-08-18 20:45:45,excluded,,,,
domain:public.intranet.1sy.top,domain,public.intranet.1sy.top,2,2026-08-18 20:45:45,excluded,,,,
domain:download.intranet.1sy.top,domain,download.intranet.1sy.top,2,2026-08-18 20:45:45,excluded,,,,
domain:news.intranet.1sy.top,domain,news.intranet.1sy.top,2,2026-08-18 20:45:45,excluded,,,,
domain:api-prod.intranet.1sy.top,domain,api-prod.intranet.1sy.top,2,2026-08-18 20:45:45,excluded,,,,
domain:mx1.intranet.1sy.top,domain,mx1.intranet.1sy.top,2,2026-08-18 20:45:45,excluded,,,,
domain:bucket.intranet.1sy.top,domain,bucket.intranet.1sy.top,2,2026-08-18 20:45:45,excluded,,,,
domain:token.intranet.1sy.top,domain,token.intranet.1sy.top,2,2026-08-18 20:45:45,excluded,,,,
domain:ftp.intranet.1sy.top,domain,ftp.intranet.1sy.top,2,2026-08-18 20:45:45,excluded,,,,
domain:socket.intranet.1sy.top,domain,socket.intranet.1sy.top,2,2026-08-18 20:45:45,excluded,,,,
domain:smtp.intranet.1sy.top,domain,smtp.intranet.1sy.top,2,2026-08-18 20:45:45,excluded,,,,
domain:preprod.intranet.1sy.top,domain,preprod.intranet.1sy.top,2,2026-08-18 20:45:45,excluded,,,,
domain:contact.intranet.1sy.top,domain,contact.intranet.1sy.top,2,2026-08-18 20:45:45,excluded,,,,
domain:novel.intranet.1sy.top,domain,novel.intranet.1sy.top,2,2026-08-18 20:45:45,excluded,,,,
domain:wechat.intranet.1sy.top,domain,wechat.intranet.1sy.top,2,2026-08-18 20:45:45,excluded,,,,
domain:open.intranet.1sy.top,domain,open.intranet.1sy.top,2,2026-08-18 20:45:45,excluded,,,,
domain:static.intranet.1sy.top,domain,static.intranet.1sy.top,2,2026-08-18 20:45:45,excluded,,,,
domain:read.intranet.1sy.top,domain,read.intranet.1sy.top,2,2026-08-18 20:45:45,excluded,,,,
domain:test.intranet.1sy.top,domain,test.intranet.1sy.top,2,2026-08-18 20:45:45,excluded,,,,
domain:app.intranet.1sy.top,domain,app.intranet.1sy.top,2,2026-08-18 20:45:45,excluded,,,,
domain:products.intranet.1sy.top,domain,products.intranet.1sy.top,2,2026-08-18 20:45:45,excluded,,,,
domain:sandbox.intranet.1sy.top,domain,sandbox.intranet.1sy.top,2,2026-08-18 20:45:45,excluded,,,,
domain:cms.intranet.1sy.top,domain,cms.intranet.1sy.top,2,2026-08-18 20:45:45,excluded,,,,
domain:elk.intranet.1sy.top,domain,elk.intranet.1sy.top,2,2026-08-18 20:45:45,excluded,,,,
domain:login.intranet.1sy.top,domain,login.intranet.1sy.top,2,2026-08-18 20:45:45,excluded,,,,
domain:ns3.intranet.1sy.top,domain,ns3.intranet.1sy.top,2,2026-08-18 20:45:45,excluded,,,,
domain:development.intranet.1sy.top,domain,development.intranet.1sy.top,2,2026-08-18 20:45:45,excluded,,,,
domain:ssh.intranet.1sy.top,domain,ssh.intranet.1sy.top,2,2026-08-18 20:45:45,excluded,,,,
domain:blog.intranet.1sy.top,domain,blog.intranet.1sy.top,2,2026-08-18 20:45:45,excluded,,,,
domain:svn.intranet.1sy.top,domain,svn.intranet.1sy.top,2,2026-08-18 20:45:45,excluded,,,,
domain:shop.intranet.1sy.top,domain,shop.intranet.1sy.top,2,2026-08-18 20:45:45,excluded,,,,
domain:cd.intranet.1sy.top,domain,cd.intranet.1sy.top,2,2026-08-18 20:45:45,excluded,,,,
domain:wechat2.intranet.1sy.top,domain,wechat2.intranet.1sy.top,2,2026-08-18 20:45:45,excluded,,,,
domain:h5.intranet.1sy.top,domain,h5.intranet.1sy.top,2,2026-08-18 20:45:45,excluded,,,,
domain:office.intranet.1sy.top,domain,office.intranet.1sy.top,2,2026-08-18 20:45:45,excluded,,,,
domain:img2.intranet.1sy.top,domain,img2.intranet.1sy.top,2,2026-08-18 20:45:45,excluded,,,,
domain:buy.intranet.1sy.top,domain,buy.intranet.1sy.top,2,2026-08-18 20:45:45,excluded,,,,
domain:gw.intranet.1sy.top,domain,gw.intranet.1sy.top,2,2026-08-18 20:45:45,excluded,,,,
domain:console.intranet.1sy.top,domain,console.intranet.1sy.top,2,2026-08-18 20:45:45,excluded,,,,
domain:mailchimp.intranet.1sy.top,domain,mailchimp.intranet.1sy.top,2,2026-08-18 20:45:45,excluded,,,,
domain:about.intranet.1sy.top,domain,about.intranet.1sy.top,2,2026-08-18 20:45:45,excluded,,,,
domain:lb.intranet.1sy.top,domain,lb.intranet.1sy.top,2,2026-08-18 20:45:45,excluded,,,,
domain:sale.intranet.1sy.top,domain,sale.intranet.1sy.top,2,2026-08-18 20:45:45,excluded,,,,
domain:sso2.intranet.1sy.top,domain,sso2.intranet.1sy.top,2,2026-08-18 20:45:45,excluded,,,,
domain:preview.intranet.1sy.top,domain,preview.intranet.1sy.top,2,2026-08-18 20:45:45,excluded,,,,
domain:weixin.intranet.1sy.top,domain,weixin.intranet.1sy.top,2,2026-08-18 20:45:45,excluded,,,,
domain:mx.intranet.1sy.top,domain,mx.intranet.1sy.top,2,2026-08-18 20:45:45,excluded,,,,
domain:monitor.intranet.1sy.top,domain,monitor.intranet.1sy.top,2,2026-08-18 20:45:45,excluded,,,,
domain:elastic.intranet.1sy.top,domain,elastic.intranet.1sy.top,2,2026-08-18 20:45:45,excluded,,,,
domain:main.intranet.1sy.top,domain,main.intranet.1sy.top,2,2026-08-18 20:45:45,excluded,,,,
domain:api-test.intranet.1sy.top,domain,api-test.intranet.1sy.top,2,2026-08-18 20:45:45,excluded,,,,
domain:api2.intranet.1sy.top,domain,api2.intranet.1sy.top,2,2026-08-18 20:45:45,excluded,,,,
domain:files.intranet.1sy.top,domain,files.intranet.1sy.top,2,2026-08-18 20:45:45,excluded,,,,
domain:intranet.intranet.1sy.top,domain,intranet.intranet.1sy.top,2,2026-08-18 20:45:45,excluded,,,,
domain:log.intranet.1sy.top,domain,log.intranet.1sy.top,2,2026-08-18 20:45:45,excluded,,,,
domain:radius.intranet.1sy.top,domain,radius.intranet.1sy.top,2,2026-08-18 20:45:45,excluded,,,,
domain:push.intranet.1sy.top,domain,push.intranet.1sy.top,2,2026-08-18 20:45:45,excluded,,,,
domain:test2.intranet.1sy.top,domain,test2.intranet.1sy.top,2,2026-08-18 20:45:45,excluded,,,,
domain:wap2.intranet.1sy.top,domain,wap2.intranet.1sy.top,2,2026-08-18 20:45:45,excluded,,,,
domain:product.intranet.1sy.top,domain,product.intranet.1sy.top,2,2026-08-18 20:45:45,excluded,,,,
domain:mall.intranet.1sy.top,domain,mall.intranet.1sy.top,2,2026-08-18 20:45:45,excluded,,,,
domain:saml.intranet.1sy.top,domain,saml.intranet.1sy.top,2,2026-08-18 20:45:45,excluded,,,,
domain:sse.intranet.1sy.top,domain,sse.intranet.1sy.top,2,2026-08-18 20:45:45,excluded,,,,
domain:temp.intranet.1sy.top,domain,temp.intranet.1sy.top,2,2026-08-18 20:45:45,excluded,,,,
domain:export.intranet.1sy.top,domain,export.intranet.1sy.top,2,2026-08-18 20:45:45,excluded,,,,
domain:jobs.intranet.1sy.top,domain,jobs.intranet.1sy.top,2,2026-08-18 20:45:45,excluded,,,,
domain:api-gw.intranet.1sy.top,domain,api-gw.intranet.1sy.top,2,2026-08-18 20:45:45,excluded,,,,
domain:bbs.intranet.1sy.top,domain,bbs.intranet.1sy.top,2,2026-08-18 20:45:45,excluded,,,,
domain:bak.intranet.1sy.top,domain,bak.intranet.1sy.top,2,2026-08-18 20:45:45,excluded,,,,
domain:recruit.intranet.1sy.top,domain,recruit.intranet.1sy.top,2,2026-08-18 20:45:45,excluded,,,,
domain:cart.intranet.1sy.top,domain,cart.intranet.1sy.top,2,2026-08-18 20:45:45,excluded,,,,
domain:dev.intranet.1sy.top,domain,dev.intranet.1sy.top,2,2026-08-18 20:45:45,excluded,,,,
domain:site.intranet.1sy.top,domain,site.intranet.1sy.top,2,2026-08-18 20:45:45,excluded,,,,
domain:cas.intranet.1sy.top,domain,cas.intranet.1sy.top,2,2026-08-18 20:45:45,excluded,,,,
domain:m.intranet.1sy.top,domain,m.intranet.1sy.top,2,2026-08-18 20:45:45,excluded,,,,
domain:build.intranet.1sy.top,domain,build.intranet.1sy.top,2,2026-08-18 20:45:45,excluded,,,,
domain:unionpay.intranet.1sy.top,domain,unionpay.intranet.1sy.top,2,2026-08-18 20:45:45,excluded,,,,
domain:m2.intranet.1sy.top,domain,m2.intranet.1sy.top,2,2026-08-18 20:45:45,excluded,,,,
domain:live.intranet.1sy.top,domain,live.intranet.1sy.top,2,2026-08-18 20:45:45,excluded,,,,
domain:api.intranet.1sy.top,domain,api.intranet.1sy.top,2,2026-08-18 20:45:45,excluded,,,,
domain:prometheus.intranet.1sy.top,domain,prometheus.intranet.1sy.top,2,2026-08-18 20:45:45,excluded,,,,
domain:data.intranet.1sy.top,domain,data.intranet.1sy.top,2,2026-08-18 20:45:45,excluded,,,,
domain:dev2.intranet.1sy.top,domain,dev2.intranet.1sy.top,2,2026-08-18 20:45:45,excluded,,,,
domain:remote.intranet.1sy.top,domain,remote.intranet.1sy.top,2,2026-08-18 20:45:45,excluded,,,,
domain:sess.intranet.1sy.top,domain,sess.intranet.1sy.top,2,2026-08-18 20:45:45,excluded,,,,
domain:forum.intranet.1sy.top,domain,forum.intranet.1sy.top,2,2026-08-18 20:45:45,excluded,,,,
domain:cached.intranet.1sy.top,domain,cached.intranet.1sy.top,2,2026-08-18 20:45:45,excluded,,,,
domain:logging.intranet.1sy.top,domain,logging.intranet.1sy.top,2,2026-08-18 20:45:45,excluded,,,,
domain:oa.intranet.1sy.top,domain,oa.intranet.1sy.top,2,2026-08-18 20:45:45,excluded,,,,
domain:pop3.intranet.1sy.top,domain,pop3.intranet.1sy.top,2,2026-08-18 20:45:45,excluded,,,,
domain:k8s.intranet.1sy.top,domain,k8s.intranet.1sy.top,2,2026-08-18 20:45:45,excluded,,,,
domain:market.intranet.1sy.top,domain,market.intranet.1sy.top,2,2026-08-18 20:45:45,excluded,,,,
domain:cache.intranet.1sy.top,domain,cache.intranet.1sy.top,2,2026-08-18 20:45:45,excluded,,,,
domain:beta.intranet.1sy.top,domain,beta.intranet.1sy.top,2,2026-08-18 20:45:45,excluded,,,,
domain:apis.intranet.1sy.top,domain,apis.intranet.1sy.top,2,2026-08-18 20:45:45,excluded,,,,
domain:auth.intranet.1sy.top,domain,auth.intranet.1sy.top,2,2026-08-18 20:45:45,excluded,,,,
domain:mail1.intranet.1sy.top,domain,mail1.intranet.1sy.top,2,2026-08-18 20:45:45,excluded,,,,
domain:phpadmin.intranet.1sy.top,domain,phpadmin.intranet.1sy.top,2,2026-08-18 20:45:45,excluded,,,,
domain:backup.intranet.1sy.top,domain,backup.intranet.1sy.top,2,2026-08-18 20:45:45,excluded,,,,
domain:pay2.intranet.1sy.top,domain,pay2.intranet.1sy.top,2,2026-08-18 20:45:45,excluded,,,,
domain:support.intranet.1sy.top,domain,support.intranet.1sy.top,2,2026-08-18 20:45:45,excluded,,,,
domain:git.intranet.1sy.top,domain,git.intranet.1sy.top,2,2026-08-18 20:45:45,excluded,,,,
domain:internal.intranet.1sy.top,domain,internal.intranet.1sy.top,2,2026-08-18 20:45:45,excluded,,,,
domain:docs.intranet.1sy.top,domain,docs.intranet.1sy.top,2,2026-08-18 20:45:45,excluded,,,,
domain:reports.intranet.1sy.top,domain,reports.intranet.1sy.top,2,2026-08-18 20:45:45,excluded,,,,
domain:static3.intranet.1sy.top,domain,static3.intranet.1sy.top,2,2026-08-18 20:45:45,excluded,,,,
domain:books.intranet.1sy.top,domain,books.intranet.1sy.top,2,2026-08-18 20:45:45,excluded,,,,
domain:grpc.intranet.1sy.top,domain,grpc.intranet.1sy.top,2,2026-08-18 20:45:45,excluded,,,,
domain:ws.intranet.1sy.top,domain,ws.intranet.1sy.top,2,2026-08-18 20:45:45,excluded,,,,
domain:ns2.intranet.1sy.top,domain,ns2.intranet.1sy.top,2,2026-08-18 20:45:45,excluded,,,,
domain:cos.intranet.1sy.top,domain,cos.intranet.1sy.top,2,2026-08-18 20:45:45,excluded,,,,
domain:image.intranet.1sy.top,domain,image.intranet.1sy.top,2,2026-08-18 20:45:45,excluded,,,,
domain:pub.intranet.1sy.top,domain,pub.intranet.1sy.top,2,2026-08-18 20:45:45,excluded,,,,
domain:video.intranet.1sy.top,domain,video.intranet.1sy.top,2,2026-08-18 20:45:45,excluded,,,,
domain:wss.intranet.1sy.top,domain,wss.intranet.1sy.top,2,2026-08-18 20:45:45,excluded,,,,
domain:wiki.intranet.1sy.top,domain,wiki.intranet.1sy.top,2,2026-08-18 20:45:45,excluded,,,,
domain:gateway.intranet.1sy.top,domain,gateway.intranet.1sy.top,2,2026-08-18 20:45:45,excluded,,,,
domain:assets.intranet.1sy.top,domain,assets.intranet.1sy.top,2,2026-08-18 20:45:45,excluded,,,,
domain:static2.intranet.1sy.top,domain,static2.intranet.1sy.top,2,2026-08-18 20:45:45,excluded,,,,
domain:miniapp.intranet.1sy.top,domain,miniapp.intranet.1sy.top,2,2026-08-18 20:45:45,excluded,,,,
domain:documents.intranet.1sy.top,domain,documents.intranet.1sy.top,2,2026-08-18 20:45:45,excluded,,,,
domain:ns1.intranet.1sy.top,domain,ns1.intranet.1sy.top,2,2026-08-18 20:45:45,excluded,,,,
domain:report.intranet.1sy.top,domain,report.intranet.1sy.top,2,2026-08-18 20:45:45,excluded,,,,
domain:gray.intranet.1sy.top,domain,gray.intranet.1sy.top,2,2026-08-18 20:45:45,excluded,,,,
domain:magazine.intranet.1sy.top,domain,magazine.intranet.1sy.top,2,2026-08-18 20:45:45,excluded,,,,
domain:tv.intranet.1sy.top,domain,tv.intranet.1sy.top,2,2026-08-18 20:45:45,excluded,,,,
domain:ebook.intranet.1sy.top,domain,ebook.intranet.1sy.top,2,2026-08-18 20:45:45,excluded,,,,
domain:android.intranet.1sy.top,domain,android.intranet.1sy.top,2,2026-08-18 20:45:45,excluded,,,,
domain:help.intranet.1sy.top,domain,help.intranet.1sy.top,2,2026-08-18 20:45:45,excluded,,,,
domain:web.intranet.1sy.top,domain,web.intranet.1sy.top,2,2026-08-18 20:45:45,excluded,,,,
domain:database.intranet.1sy.top,domain,database.intranet.1sy.top,2,2026-08-18 20:45:45,excluded,,,,
domain:status.intranet.1sy.top,domain,status.intranet.1sy.top,2,2026-08-18 20:45:45,excluded,,,,
domain:auth2.intranet.1sy.top,domain,auth2.intranet.1sy.top,2,2026-08-18 20:45:45,excluded,,,,
domain:notify.intranet.1sy.top,domain,notify.intranet.1sy.top,2,2026-08-18 20:45:45,excluded,,,,
domain:storage.intranet.1sy.top,domain,storage.intranet.1sy.top,2,2026-08-18 20:45:45,excluded,,,,
domain:api-dev.intranet.1sy.top,domain,api-dev.intranet.1sy.top,2,2026-08-18 20:45:45,excluded,,,,
domain:documentation.intranet.1sy.top,domain,documentation.intranet.1sy.top,2,2026-08-18 20:45:45,excluded,,,,
domain:manage.intranet.1sy.top,domain,manage.intranet.1sy.top,2,2026-08-18 20:45:45,excluded,,,,
domain:game.intranet.1sy.top,domain,game.intranet.1sy.top,2,2026-08-18 20:45:45,excluded,,,,
domain:career.intranet.1sy.top,domain,career.intranet.1sy.top,2,2026-08-18 20:45:45,excluded,,,,
domain:mysql.intranet.1sy.top,domain,mysql.intranet.1sy.top,2,2026-08-18 20:45:45,excluded,,,,
domain:prod.intranet.1sy.top,domain,prod.intranet.1sy.top,2,2026-08-18 20:45:45,excluded,,,,
domain:demo.intranet.1sy.top,domain,demo.intranet.1sy.top,2,2026-08-18 20:45:45,excluded,,,,
domain:oauth.intranet.1sy.top,domain,oauth.intranet.1sy.top,2,2026-08-18 20:45:45,excluded,,,,
domain:file.intranet.1sy.top,domain,file.intranet.1sy.top,2,2026-08-18 20:45:45,excluded,,,,
domain:analytics.intranet.1sy.top,domain,analytics.intranet.1sy.top,2,2026-08-18 20:45:45,excluded,,,,
domain:erp.intranet.1sy.top,domain,erp.intranet.1sy.top,2,2026-08-18 20:45:45,excluded,,,,
domain:websocket.intranet.1sy.top,domain,websocket.intranet.1sy.top,2,2026-08-18 20:45:45,excluded,,,,
domain:pop.intranet.1sy.top,domain,pop.intranet.1sy.top,2,2026-08-18 20:45:45,excluded,,,,
domain:index.intranet.1sy.top,domain,index.intranet.1sy.top,2,2026-08-18 20:45:45,excluded,,,,
domain:keycloak.intranet.1sy.top,domain,keycloak.intranet.1sy.top,2,2026-08-18 20:45:45,excluded,,,,
domain:cdn2.intranet.1sy.top,domain,cdn2.intranet.1sy.top,2,2026-08-18 20:45:45,excluded,,,,
domain:proxy.intranet.1sy.top,domain,proxy.intranet.1sy.top,2,2026-08-18 20:45:45,excluded,,,,
domain:payment.intranet.1sy.top,domain,payment.intranet.1sy.top,2,2026-08-18 20:45:45,excluded,,,,
domain:doc.intranet.1sy.top,domain,doc.intranet.1sy.top,2,2026-08-18 20:45:45,excluded,,,,
domain:paper.intranet.1sy.top,domain,paper.intranet.1sy.top,2,2026-08-18 20:45:45,excluded,,,,
domain:mysqladmin.intranet.1sy.top,domain,mysqladmin.intranet.1sy.top,2,2026-08-18 20:45:45,excluded,,,,
domain:job.intranet.1sy.top,domain,job.intranet.1sy.top,2,2026-08-18 20:45:45,excluded,,,,
domain:mail2.intranet.1sy.top,domain,mail2.intranet.1sy.top,2,2026-08-18 20:45:45,excluded,,,,
domain:dns.intranet.1sy.top,domain,dns.intranet.1sy.top,2,2026-08-18 20:45:45,excluded,,,,
domain:kubernetes.intranet.1sy.top,domain,kubernetes.intranet.1sy.top,2,2026-08-18 20:45:45,excluded,,,,
domain:pre.intranet.1sy.top,domain,pre.intranet.1sy.top,2,2026-08-18 20:45:45,excluded,,,,
domain:canary.intranet.1sy.top,domain,canary.intranet.1sy.top,2,2026-08-18 20:45:45,excluded,,,,
domain:service.intranet.1sy.top,domain,service.intranet.1sy.top,2,2026-08-18 20:45:45,excluded,,,,
domain:tracking.intranet.1sy.top,domain,tracking.intranet.1sy.top,2,2026-08-18 20:45:45,excluded,,,,
domain:es.intranet.1sy.top,domain,es.intranet.1sy.top,2,2026-08-18 20:45:45,excluded,,,,
domain:monitoring.intranet.1sy.top,domain,monitoring.intranet.1sy.top,2,2026-08-18 20:45:45,excluded,,,,
domain:wap.intranet.1sy.top,domain,wap.intranet.1sy.top,2,2026-08-18 20:45:45,excluded,,,,
domain:grafana.intranet.1sy.top,domain,grafana.intranet.1sy.top,2,2026-08-18 20:45:45,excluded,,,,
domain:wx.intranet.1sy.top,domain,wx.intranet.1sy.top,2,2026-08-18 20:45:45,excluded,,,,
domain:vpn.intranet.1sy.top,domain,vpn.intranet.1sy.top,2,2026-08-18 20:45:45,excluded,,,,
domain:sms.intranet.1sy.top,domain,sms.intranet.1sy.top,2,2026-08-18 20:45:45,excluded,,,,
domain:uat.intranet.1sy.top,domain,uat.intranet.1sy.top,2,2026-08-18 20:45:45,excluded,,,,
domain:img.intranet.1sy.top,domain,img.intranet.1sy.top,2,2026-08-18 20:45:45,excluded,,,,
domain:comic.intranet.1sy.top,domain,comic.intranet.1sy.top,2,2026-08-18 20:45:45,excluded,,,,
domain:stats.intranet.1sy.top,domain,stats.intranet.1sy.top,2,2026-08-18 20:45:45,excluded,,,,
domain:homepage.intranet.1sy.top,domain,homepage.intranet.1sy.top,2,2026-08-18 20:45:45,excluded,,,,
domain:portal.intranet.1sy.top,domain,portal.intranet.1sy.top,2,2026-08-18 20:45:45,excluded,,,,
domain:img3.intranet.1sy.top,domain,img3.intranet.1sy.top,2,2026-08-18 20:45:45,excluded,,,,
domain:manager.intranet.1sy.top,domain,manager.intranet.1sy.top,2,2026-08-18 20:45:45,excluded,,,,
domain:cdn.intranet.1sy.top,domain,cdn.intranet.1sy.top,2,2026-08-18 20:45:45,excluded,,,,
domain:hr.intranet.1sy.top,domain,hr.intranet.1sy.top,2,2026-08-18 20:45:45,excluded,,,,
domain:docker.intranet.1sy.top,domain,docker.intranet.1sy.top,2,2026-08-18 20:45:45,excluded,,,,
domain:store.intranet.1sy.top,domain,store.intranet.1sy.top,2,2026-08-18 20:45:45,excluded,,,,
domain:pay.intranet.1sy.top,domain,pay.intranet.1sy.top,2,2026-08-18 20:45:45,excluded,,,,
domain:webmail.intranet.1sy.top,domain,webmail.intranet.1sy.top,2,2026-08-18 20:45:45,excluded,,,,
domain:images.intranet.1sy.top,domain,images.intranet.1sy.top,2,2026-08-18 20:45:45,excluded,,,,
domain:nlb.intranet.1sy.top,domain,nlb.intranet.1sy.top,2,2026-08-18 20:45:45,excluded,,,,
domain:ci.intranet.1sy.top,domain,ci.intranet.1sy.top,2,2026-08-18 20:45:45,excluded,,,,
domain:article.intranet.1sy.top,domain,article.intranet.1sy.top,2,2026-08-18 20:45:45,excluded,,,,
domain:admin.intranet.1sy.top,domain,admin.intranet.1sy.top,2,2026-08-18 20:45:45,excluded,,,,
domain:games.intranet.1sy.top,domain,games.intranet.1sy.top,2,2026-08-18 20:45:45,excluded,,,,
domain:faq.intranet.1sy.top,domain,faq.intranet.1sy.top,2,2026-08-18 20:45:45,excluded,,,,
domain:checkout.intranet.1sy.top,domain,checkout.intranet.1sy.top,2,2026-08-18 20:45:45,excluded,,,,
domain:rest.intranet.1sy.top,domain,rest.intranet.1sy.top,2,2026-08-18 20:45:45,excluded,,,,
domain:notification.intranet.1sy.top,domain,notification.intranet.1sy.top,2,2026-08-18 20:45:45,excluded,,,,
domain:order.intranet.1sy.top,domain,order.intranet.1sy.top,2,2026-08-18 20:45:45,excluded,,,,
domain:crm.intranet.1sy.top,domain,crm.intranet.1sy.top,2,2026-08-18 20:45:45,excluded,,,,
domain:radio.intranet.1sy.top,domain,radio.intranet.1sy.top,2,2026-08-18 20:45:45,excluded,,,,
domain:sso.intranet.1sy.top,domain,sso.intranet.1sy.top,2,2026-08-18 20:45:45,excluded,,,,
domain:im.intranet.1sy.top,domain,im.intranet.1sy.top,2,2026-08-18 20:45:45,excluded,,,,
domain:hrm.intranet.1sy.top,domain,hrm.intranet.1sy.top,2,2026-08-18 20:45:45,excluded,,,,
domain:cdn3.intranet.1sy.top,domain,cdn3.intranet.1sy.top,2,2026-08-18 20:45:45,excluded,,,,
domain:careers.intranet.1sy.top,domain,careers.intranet.1sy.top,2,2026-08-18 20:45:45,excluded,,,,
domain:zabbix.intranet.1sy.top,domain,zabbix.intranet.1sy.top,2,2026-08-18 20:45:45,excluded,,,,
domain:mini.intranet.1sy.top,domain,mini.intranet.1sy.top,2,2026-08-18 20:45:45,excluded,,,,
domain:webapp.intranet.1sy.top,domain,webapp.intranet.1sy.top,2,2026-08-18 20:45:45,excluded,,,,
domain:stage.intranet.1sy.top,domain,stage.intranet.1sy.top,2,2026-08-18 20:45:45,excluded,,,,
domain:alipay.intranet.1sy.top,domain,alipay.intranet.1sy.top,2,2026-08-18 20:45:45,excluded,,,,
domain:ldap.intranet.1sy.top,domain,ldap.intranet.1sy.top,2,2026-08-18 20:45:45,excluded,,,,
domain:media.intranet.1sy.top,domain,media.intranet.1sy.top,2,2026-08-18 20:45:45,excluded,,,,
ip:57.180.65.227,ip,57.180.65.227,2,2026-08-18 20:45:46,scanned,,,,
url:http://intranet.1sy.top/,url,http://intranet.1sy.top/,2,2026-08-18 20:45:47,eliminated,,,,
url:https://intranet.1sy.top/,url,https://intranet.1sy.top/,2,2026-08-18 20:45:47,eliminated,,,,
domain:docker.book.1sy.top,domain,docker.book.1sy.top,2,2026-08-18 20:45:53,excluded,,,,
domain:github.book.1sy.top,domain,github.book.1sy.top,2,2026-08-18 20:45:53,excluded,,,,
domain:staging.book.1sy.top,domain,staging.book.1sy.top,2,2026-08-18 20:45:53,excluded,,,,
domain:ns1.book.1sy.top,domain,ns1.book.1sy.top,2,2026-08-18 20:45:53,excluded,,,,
domain:cd.book.1sy.top,domain,cd.book.1sy.top,2,2026-08-18 20:45:53,excluded,,,,
domain:kibana.book.1sy.top,domain,kibana.book.1sy.top,2,2026-08-18 20:45:53,excluded,,,,
domain:novel.book.1sy.top,domain,novel.book.1sy.top,2,2026-08-18 20:45:53,excluded,,,,
domain:reader.book.1sy.top,domain,reader.book.1sy.top,2,2026-08-18 20:45:53,excluded,,,,
domain:websocket.book.1sy.top,domain,websocket.book.1sy.top,2,2026-08-18 20:45:53,excluded,,,,
domain:app.book.1sy.top,domain,app.book.1sy.top,2,2026-08-18 20:45:53,excluded,,,,
domain:download.book.1sy.top,domain,download.book.1sy.top,2,2026-08-18 20:45:53,excluded,,,,
domain:graphql.book.1sy.top,domain,graphql.book.1sy.top,2,2026-08-18 20:45:53,excluded,,,,
domain:contact.book.1sy.top,domain,contact.book.1sy.top,2,2026-08-18 20:45:53,excluded,,,,
domain:game.book.1sy.top,domain,game.book.1sy.top,2,2026-08-18 20:45:53,excluded,,,,
domain:career.book.1sy.top,domain,career.book.1sy.top,2,2026-08-18 20:45:53,excluded,,,,
domain:stage.book.1sy.top,domain,stage.book.1sy.top,2,2026-08-18 20:45:53,excluded,,,,
domain:report.book.1sy.top,domain,report.book.1sy.top,2,2026-08-18 20:45:53,excluded,,,,
domain:sse.book.1sy.top,domain,sse.book.1sy.top,2,2026-08-18 20:45:53,excluded,,,,
domain:api-gw.book.1sy.top,domain,api-gw.book.1sy.top,2,2026-08-18 20:45:53,excluded,,,,
domain:notification.book.1sy.top,domain,notification.book.1sy.top,2,2026-08-18 20:45:53,excluded,,,,
domain:crm.book.1sy.top,domain,crm.book.1sy.top,2,2026-08-18 20:45:53,excluded,,,,
domain:backup.book.1sy.top,domain,backup.book.1sy.top,2,2026-08-18 20:45:53,excluded,,,,
domain:newsletter.book.1sy.top,domain,newsletter.book.1sy.top,2,2026-08-18 20:45:53,excluded,,,,
domain:dev.book.1sy.top,domain,dev.book.1sy.top,2,2026-08-18 20:45:53,excluded,,,,
domain:es.book.1sy.top,domain,es.book.1sy.top,2,2026-08-18 20:45:53,excluded,,,,
domain:kubernetes.book.1sy.top,domain,kubernetes.book.1sy.top,2,2026-08-18 20:45:53,excluded,,,,
domain:cached.book.1sy.top,domain,cached.book.1sy.top,2,2026-08-18 20:45:53,excluded,,,,
domain:gitlab.book.1sy.top,domain,gitlab.book.1sy.top,2,2026-08-18 20:45:53,excluded,,,,
domain:internal.book.1sy.top,domain,internal.book.1sy.top,2,2026-08-18 20:45:53,excluded,,,,
domain:ldap.book.1sy.top,domain,ldap.book.1sy.top,2,2026-08-18 20:45:53,excluded,,,,
domain:webapp.book.1sy.top,domain,webapp.book.1sy.top,2,2026-08-18 20:45:53,excluded,,,,
domain:remote.book.1sy.top,domain,remote.book.1sy.top,2,2026-08-18 20:45:53,excluded,,,,
domain:faq.book.1sy.top,domain,faq.book.1sy.top,2,2026-08-18 20:45:53,excluded,,,,
domain:nlb.book.1sy.top,domain,nlb.book.1sy.top,2,2026-08-18 20:45:53,excluded,,,,
domain:health.book.1sy.top,domain,health.book.1sy.top,2,2026-08-18 20:45:53,excluded,,,,
domain:web.book.1sy.top,domain,web.book.1sy.top,2,2026-08-18 20:45:53,excluded,,,,
domain:index.book.1sy.top,domain,index.book.1sy.top,2,2026-08-18 20:45:53,excluded,,,,
domain:sites.book.1sy.top,domain,sites.book.1sy.top,2,2026-08-18 20:45:53,excluded,,,,
domain:cdn3.book.1sy.top,domain,cdn3.book.1sy.top,2,2026-08-18 20:45:53,excluded,,,,
domain:order.book.1sy.top,domain,order.book.1sy.top,2,2026-08-18 20:45:53,excluded,,,,
domain:android.book.1sy.top,domain,android.book.1sy.top,2,2026-08-18 20:45:53,excluded,,,,
domain:api-internal.book.1sy.top,domain,api-internal.book.1sy.top,2,2026-08-18 20:45:53,excluded,,,,
domain:blog.book.1sy.top,domain,blog.book.1sy.top,2,2026-08-18 20:45:53,excluded,,,,
domain:manager.book.1sy.top,domain,manager.book.1sy.top,2,2026-08-18 20:45:53,excluded,,,,
domain:tracking.book.1sy.top,domain,tracking.book.1sy.top,2,2026-08-18 20:45:53,excluded,,,,
domain:unionpay.book.1sy.top,domain,unionpay.book.1sy.top,2,2026-08-18 20:45:53,excluded,,,,
domain:portal.book.1sy.top,domain,portal.book.1sy.top,2,2026-08-18 20:45:53,excluded,,,,
domain:img.book.1sy.top,domain,img.book.1sy.top,2,2026-08-18 20:45:53,excluded,,,,
domain:preprod.book.1sy.top,domain,preprod.book.1sy.top,2,2026-08-18 20:45:53,excluded,,,,
domain:public.book.1sy.top,domain,public.book.1sy.top,2,2026-08-18 20:45:53,excluded,,,,
domain:storage.book.1sy.top,domain,storage.book.1sy.top,2,2026-08-18 20:45:53,excluded,,,,
domain:socket.book.1sy.top,domain,socket.book.1sy.top,2,2026-08-18 20:45:53,excluded,,,,
domain:music.book.1sy.top,domain,music.book.1sy.top,2,2026-08-18 20:45:53,excluded,,,,
domain:keycloak.book.1sy.top,domain,keycloak.book.1sy.top,2,2026-08-18 20:45:53,excluded,,,,
domain:pgadmin.book.1sy.top,domain,pgadmin.book.1sy.top,2,2026-08-18 20:45:53,excluded,,,,
domain:api-test.book.1sy.top,domain,api-test.book.1sy.top,2,2026-08-18 20:45:53,excluded,,,,
domain:dns.book.1sy.top,domain,dns.book.1sy.top,2,2026-08-18 20:45:53,excluded,,,,
domain:token.book.1sy.top,domain,token.book.1sy.top,2,2026-08-18 20:45:53,excluded,,,,
domain:mail1.book.1sy.top,domain,mail1.book.1sy.top,2,2026-08-18 20:45:53,excluded,,,,
domain:uat.book.1sy.top,domain,uat.book.1sy.top,2,2026-08-18 20:45:53,excluded,,,,
domain:video.book.1sy.top,domain,video.book.1sy.top,2,2026-08-18 20:45:53,excluded,,,,
domain:documentation.book.1sy.top,domain,documentation.book.1sy.top,2,2026-08-18 20:45:53,excluded,,,,
domain:bak.book.1sy.top,domain,bak.book.1sy.top,2,2026-08-18 20:45:53,excluded,,,,
domain:preview.book.1sy.top,domain,preview.book.1sy.top,2,2026-08-18 20:45:53,excluded,,,,
domain:homepage.book.1sy.top,domain,homepage.book.1sy.top,2,2026-08-18 20:45:53,excluded,,,,
domain:mx.book.1sy.top,domain,mx.book.1sy.top,2,2026-08-18 20:45:53,excluded,,,,
domain:sess.book.1sy.top,domain,sess.book.1sy.top,2,2026-08-18 20:45:53,excluded,,,,
domain:api-staging.book.1sy.top,domain,api-staging.book.1sy.top,2,2026-08-18 20:45:53,excluded,,,,
domain:grafana.book.1sy.top,domain,grafana.book.1sy.top,2,2026-08-18 20:45:53,excluded,,,,
domain:pop3.book.1sy.top,domain,pop3.book.1sy.top,2,2026-08-18 20:45:53,excluded,,,,
domain:doc.book.1sy.top,domain,doc.book.1sy.top,2,2026-08-18 20:45:53,excluded,,,,
domain:pay.book.1sy.top,domain,pay.book.1sy.top,2,2026-08-18 20:45:53,excluded,,,,
domain:qa.book.1sy.top,domain,qa.book.1sy.top,2,2026-08-18 20:45:53,excluded,,,,
domain:api-dev.book.1sy.top,domain,api-dev.book.1sy.top,2,2026-08-18 20:45:53,excluded,,,,
domain:static3.book.1sy.top,domain,static3.book.1sy.top,2,2026-08-18 20:45:53,excluded,,,,
domain:h5.book.1sy.top,domain,h5.book.1sy.top,2,2026-08-18 20:45:53,excluded,,,,
domain:phpadmin.book.1sy.top,domain,phpadmin.book.1sy.top,2,2026-08-18 20:45:53,excluded,,,,
domain:community.book.1sy.top,domain,community.book.1sy.top,2,2026-08-18 20:45:53,excluded,,,,
domain:lb.book.1sy.top,domain,lb.book.1sy.top,2,2026-08-18 20:45:53,excluded,,,,
domain:ns3.book.1sy.top,domain,ns3.book.1sy.top,2,2026-08-18 20:45:53,excluded,,,,
domain:stats.book.1sy.top,domain,stats.book.1sy.top,2,2026-08-18 20:45:53,excluded,,,,
domain:bucket.book.1sy.top,domain,bucket.book.1sy.top,2,2026-08-18 20:45:53,excluded,,,,
domain:img3.book.1sy.top,domain,img3.book.1sy.top,2,2026-08-18 20:45:53,excluded,,,,
domain:book.book.1sy.top,domain,book.book.1sy.top,2,2026-08-18 20:45:53,excluded,,,,
domain:story.book.1sy.top,domain,story.book.1sy.top,2,2026-08-18 20:45:53,excluded,,,,
domain:pre.book.1sy.top,domain,pre.book.1sy.top,2,2026-08-18 20:45:53,excluded,,,,
domain:paper.book.1sy.top,domain,paper.book.1sy.top,2,2026-08-18 20:45:53,excluded,,,,
domain:beta.book.1sy.top,domain,beta.book.1sy.top,2,2026-08-18 20:45:53,excluded,,,,
domain:games.book.1sy.top,domain,games.book.1sy.top,2,2026-08-18 20:45:53,excluded,,,,
domain:product.book.1sy.top,domain,product.book.1sy.top,2,2026-08-18 20:45:53,excluded,,,,
domain:media.book.1sy.top,domain,media.book.1sy.top,2,2026-08-18 20:45:53,excluded,,,,
domain:wap2.book.1sy.top,domain,wap2.book.1sy.top,2,2026-08-18 20:45:53,excluded,,,,
domain:payment.book.1sy.top,domain,payment.book.1sy.top,2,2026-08-18 20:45:53,excluded,,,,
domain:ftp.book.1sy.top,domain,ftp.book.1sy.top,2,2026-08-18 20:45:53,excluded,,,,
domain:proxy.book.1sy.top,domain,proxy.book.1sy.top,2,2026-08-18 20:45:53,excluded,,,,
domain:oss.book.1sy.top,domain,oss.book.1sy.top,2,2026-08-18 20:45:53,excluded,,,,
domain:sandbox.book.1sy.top,domain,sandbox.book.1sy.top,2,2026-08-18 20:45:53,excluded,,,,
domain:administrator.book.1sy.top,domain,administrator.book.1sy.top,2,2026-08-18 20:45:53,excluded,,,,
domain:files.book.1sy.top,domain,files.book.1sy.top,2,2026-08-18 20:45:53,excluded,,,,
domain:buy.book.1sy.top,domain,buy.book.1sy.top,2,2026-08-18 20:45:53,excluded,,,,
domain:vpn.book.1sy.top,domain,vpn.book.1sy.top,2,2026-08-18 20:45:53,excluded,,,,
domain:comic.book.1sy.top,domain,comic.book.1sy.top,2,2026-08-18 20:45:53,excluded,,,,
domain:sftp.book.1sy.top,domain,sftp.book.1sy.top,2,2026-08-18 20:45:53,excluded,,,,
domain:cms.book.1sy.top,domain,cms.book.1sy.top,2,2026-08-18 20:45:53,excluded,,,,
domain:dev2.book.1sy.top,domain,dev2.book.1sy.top,2,2026-08-18 20:45:53,excluded,,,,
domain:api2.book.1sy.top,domain,api2.book.1sy.top,2,2026-08-18 20:45:53,excluded,,,,
domain:news.book.1sy.top,domain,news.book.1sy.top,2,2026-08-18 20:45:53,excluded,,,,
domain:session.book.1sy.top,domain,session.book.1sy.top,2,2026-08-18 20:45:53,excluded,,,,
domain:ns2.book.1sy.top,domain,ns2.book.1sy.top,2,2026-08-18 20:45:53,excluded,,,,
domain:development.book.1sy.top,domain,development.book.1sy.top,2,2026-08-18 20:45:53,excluded,,,,
domain:live.book.1sy.top,domain,live.book.1sy.top,2,2026-08-18 20:45:53,excluded,,,,
domain:hr.book.1sy.top,domain,hr.book.1sy.top,2,2026-08-18 20:45:53,excluded,,,,
domain:ws.book.1sy.top,domain,ws.book.1sy.top,2,2026-08-18 20:45:53,excluded,,,,
domain:upload.book.1sy.top,domain,upload.book.1sy.top,2,2026-08-18 20:45:53,excluded,,,,
domain:radius.book.1sy.top,domain,radius.book.1sy.top,2,2026-08-18 20:45:53,excluded,,,,
domain:api.book.1sy.top,domain,api.book.1sy.top,2,2026-08-18 20:45:53,excluded,,,,
domain:monitoring.book.1sy.top,domain,monitoring.book.1sy.top,2,2026-08-18 20:45:53,excluded,,,,
domain:cart.book.1sy.top,domain,cart.book.1sy.top,2,2026-08-18 20:45:53,excluded,,,,
domain:wx.book.1sy.top,domain,wx.book.1sy.top,2,2026-08-18 20:45:53,excluded,,,,
domain:pub.book.1sy.top,domain,pub.book.1sy.top,2,2026-08-18 20:45:53,excluded,,,,
domain:gateway.book.1sy.top,domain,gateway.book.1sy.top,2,2026-08-18 20:45:53,excluded,,,,
domain:market.book.1sy.top,domain,market.book.1sy.top,2,2026-08-18 20:45:53,excluded,,,,
domain:mobi.book.1sy.top,domain,mobi.book.1sy.top,2,2026-08-18 20:45:53,excluded,,,,
domain:assets.book.1sy.top,domain,assets.book.1sy.top,2,2026-08-18 20:45:53,excluded,,,,
domain:grpc.book.1sy.top,domain,grpc.book.1sy.top,2,2026-08-18 20:45:53,excluded,,,,
domain:canary.book.1sy.top,domain,canary.book.1sy.top,2,2026-08-18 20:45:53,excluded,,,,
domain:checkout.book.1sy.top,domain,checkout.book.1sy.top,2,2026-08-18 20:45:53,excluded,,,,
domain:temp.book.1sy.top,domain,temp.book.1sy.top,2,2026-08-18 20:45:53,excluded,,,,
domain:read.book.1sy.top,domain,read.book.1sy.top,2,2026-08-18 20:45:53,excluded,,,,
domain:auth2.book.1sy.top,domain,auth2.book.1sy.top,2,2026-08-18 20:45:53,excluded,,,,
domain:analytics.book.1sy.top,domain,analytics.book.1sy.top,2,2026-08-18 20:45:53,excluded,,,,
domain:webview.book.1sy.top,domain,webview.book.1sy.top,2,2026-08-18 20:45:53,excluded,,,,
domain:data.book.1sy.top,domain,data.book.1sy.top,2,2026-08-18 20:45:53,excluded,,,,
domain:cdn.book.1sy.top,domain,cdn.book.1sy.top,2,2026-08-18 20:45:53,excluded,,,,
domain:reports.book.1sy.top,domain,reports.book.1sy.top,2,2026-08-18 20:45:53,excluded,,,,
domain:weixin.book.1sy.top,domain,weixin.book.1sy.top,2,2026-08-18 20:45:53,excluded,,,,
domain:services.book.1sy.top,domain,services.book.1sy.top,2,2026-08-18 20:45:53,excluded,,,,
domain:mx2.book.1sy.top,domain,mx2.book.1sy.top,2,2026-08-18 20:45:53,excluded,,,,
domain:push.book.1sy.top,domain,push.book.1sy.top,2,2026-08-18 20:45:53,excluded,,,,
domain:sale.book.1sy.top,domain,sale.book.1sy.top,2,2026-08-18 20:45:53,excluded,,,,
domain:cas.book.1sy.top,domain,cas.book.1sy.top,2,2026-08-18 20:45:53,excluded,,,,
domain:alipay.book.1sy.top,domain,alipay.book.1sy.top,2,2026-08-18 20:45:53,excluded,,,,
domain:support.book.1sy.top,domain,support.book.1sy.top,2,2026-08-18 20:45:53,excluded,,,,
domain:imap.book.1sy.top,domain,imap.book.1sy.top,2,2026-08-18 20:45:53,excluded,,,,
domain:metrics.book.1sy.top,domain,metrics.book.1sy.top,2,2026-08-18 20:45:53,excluded,,,,
domain:job.book.1sy.top,domain,job.book.1sy.top,2,2026-08-18 20:45:53,excluded,,,,
domain:mall.book.1sy.top,domain,mall.book.1sy.top,2,2026-08-18 20:45:53,excluded,,,,
domain:phpmyadmin.book.1sy.top,domain,phpmyadmin.book.1sy.top,2,2026-08-18 20:45:53,excluded,,,,
domain:office.book.1sy.top,domain,office.book.1sy.top,2,2026-08-18 20:45:53,excluded,,,,
domain:smtp.book.1sy.top,domain,smtp.book.1sy.top,2,2026-08-18 20:45:53,excluded,,,,
domain:shop.book.1sy.top,domain,shop.book.1sy.top,2,2026-08-18 20:45:53,excluded,,,,
domain:login.book.1sy.top,domain,login.book.1sy.top,2,2026-08-18 20:45:53,excluded,,,,
domain:tmp.book.1sy.top,domain,tmp.book.1sy.top,2,2026-08-18 20:45:53,excluded,,,,
domain:elastic.book.1sy.top,domain,elastic.book.1sy.top,2,2026-08-18 20:45:53,excluded,,,,
domain:rest.book.1sy.top,domain,rest.book.1sy.top,2,2026-08-18 20:45:53,excluded,,,,
domain:docs.book.1sy.top,domain,docs.book.1sy.top,2,2026-08-18 20:45:53,excluded,,,,
domain:auth.book.1sy.top,domain,auth.book.1sy.top,2,2026-08-18 20:45:53,excluded,,,,
domain:test2.book.1sy.top,domain,test2.book.1sy.top,2,2026-08-18 20:45:53,excluded,,,,
domain:image.book.1sy.top,domain,image.book.1sy.top,2,2026-08-18 20:45:53,excluded,,,,
domain:order2.book.1sy.top,domain,order2.book.1sy.top,2,2026-08-18 20:45:53,excluded,,,,
domain:api-gateway.book.1sy.top,domain,api-gateway.book.1sy.top,2,2026-08-18 20:45:53,excluded,,,,
domain:static2.book.1sy.top,domain,static2.book.1sy.top,2,2026-08-18 20:45:53,excluded,,,,
domain:open.book.1sy.top,domain,open.book.1sy.top,2,2026-08-18 20:45:53,excluded,,,,
domain:database.book.1sy.top,domain,database.book.1sy.top,2,2026-08-18 20:45:53,excluded,,,,
domain:sso2.book.1sy.top,domain,sso2.book.1sy.top,2,2026-08-18 20:45:53,excluded,,,,
domain:redis.book.1sy.top,domain,redis.book.1sy.top,2,2026-08-18 20:45:53,excluded,,,,
domain:miniapp.book.1sy.top,domain,miniapp.book.1sy.top,2,2026-08-18 20:45:53,excluded,,,,
domain:saml.book.1sy.top,domain,saml.book.1sy.top,2,2026-08-18 20:45:53,excluded,,,,
domain:chat.book.1sy.top,domain,chat.book.1sy.top,2,2026-08-18 20:45:53,excluded,,,,
domain:message.book.1sy.top,domain,message.book.1sy.top,2,2026-08-18 20:45:53,excluded,,,,
domain:console.book.1sy.top,domain,console.book.1sy.top,2,2026-08-18 20:45:53,excluded,,,,
domain:mysql.book.1sy.top,domain,mysql.book.1sy.top,2,2026-08-18 20:45:53,excluded,,,,
domain:cos.book.1sy.top,domain,cos.book.1sy.top,2,2026-08-18 20:45:53,excluded,,,,
domain:build.book.1sy.top,domain,build.book.1sy.top,2,2026-08-18 20:45:53,excluded,,,,
domain:mailchimp.book.1sy.top,domain,mailchimp.book.1sy.top,2,2026-08-18 20:45:53,excluded,,,,
domain:radio.book.1sy.top,domain,radio.book.1sy.top,2,2026-08-18 20:45:53,excluded,,,,
domain:help.book.1sy.top,domain,help.book.1sy.top,2,2026-08-18 20:45:53,excluded,,,,
domain:test.book.1sy.top,domain,test.book.1sy.top,2,2026-08-18 20:45:53,excluded,,,,
domain:db.book.1sy.top,domain,db.book.1sy.top,2,2026-08-18 20:45:53,excluded,,,,
domain:ios.book.1sy.top,domain,ios.book.1sy.top,2,2026-08-18 20:45:53,excluded,,,,
domain:log.book.1sy.top,domain,log.book.1sy.top,2,2026-08-18 20:45:53,excluded,,,,
domain:testing.book.1sy.top,domain,testing.book.1sy.top,2,2026-08-18 20:45:53,excluded,,,,
domain:monitor.book.1sy.top,domain,monitor.book.1sy.top,2,2026-08-18 20:45:53,excluded,,,,
domain:gray.book.1sy.top,domain,gray.book.1sy.top,2,2026-08-18 20:45:53,excluded,,,,
domain:openapi.book.1sy.top,domain,openapi.book.1sy.top,2,2026-08-18 20:45:53,excluded,,,,
domain:admin.book.1sy.top,domain,admin.book.1sy.top,2,2026-08-18 20:45:53,excluded,,,,
domain:service.book.1sy.top,domain,service.book.1sy.top,2,2026-08-18 20:45:53,excluded,,,,
domain:mx1.book.1sy.top,domain,mx1.book.1sy.top,2,2026-08-18 20:45:53,excluded,,,,
domain:svn.book.1sy.top,domain,svn.book.1sy.top,2,2026-08-18 20:45:53,excluded,,,,
domain:main.book.1sy.top,domain,main.book.1sy.top,2,2026-08-18 20:45:53,excluded,,,,
domain:recruit.book.1sy.top,domain,recruit.book.1sy.top,2,2026-08-18 20:45:53,excluded,,,,
domain:manage.book.1sy.top,domain,manage.book.1sy.top,2,2026-08-18 20:45:53,excluded,,,,
domain:ebook.book.1sy.top,domain,ebook.book.1sy.top,2,2026-08-18 20:45:53,excluded,,,,
domain:products.book.1sy.top,domain,products.book.1sy.top,2,2026-08-18 20:45:53,excluded,,,,
domain:apis.book.1sy.top,domain,apis.book.1sy.top,2,2026-08-18 20:45:53,excluded,,,,
domain:home.book.1sy.top,domain,home.book.1sy.top,2,2026-08-18 20:45:53,excluded,,,,
domain:library.book.1sy.top,domain,library.book.1sy.top,2,2026-08-18 20:45:53,excluded,,,,
domain:pay2.book.1sy.top,domain,pay2.book.1sy.top,2,2026-08-18 20:45:53,excluded,,,,
domain:wechat.book.1sy.top,domain,wechat.book.1sy.top,2,2026-08-18 20:45:53,excluded,,,,
domain:demo.book.1sy.top,domain,demo.book.1sy.top,2,2026-08-18 20:45:53,excluded,,,,
domain:forum.book.1sy.top,domain,forum.book.1sy.top,2,2026-08-18 20:45:53,excluded,,,,
domain:store.book.1sy.top,domain,store.book.1sy.top,2,2026-08-18 20:45:53,excluded,,,,
domain:cdn2.book.1sy.top,domain,cdn2.book.1sy.top,2,2026-08-18 20:45:53,excluded,,,,
domain:gw.book.1sy.top,domain,gw.book.1sy.top,2,2026-08-18 20:45:53,excluded,,,,
domain:wiki.book.1sy.top,domain,wiki.book.1sy.top,2,2026-08-18 20:45:53,excluded,,,,
domain:sso.book.1sy.top,domain,sso.book.1sy.top,2,2026-08-18 20:45:53,excluded,,,,
domain:mail.book.1sy.top,domain,mail.book.1sy.top,2,2026-08-18 20:45:53,excluded,,,,
domain:logging.book.1sy.top,domain,logging.book.1sy.top,2,2026-08-18 20:45:53,excluded,,,,
domain:registry.book.1sy.top,domain,registry.book.1sy.top,2,2026-08-18 20:45:53,excluded,,,,
domain:careers.book.1sy.top,domain,careers.book.1sy.top,2,2026-08-18 20:45:53,excluded,,,,
domain:notify.book.1sy.top,domain,notify.book.1sy.top,2,2026-08-18 20:45:53,excluded,,,,
domain:pop.book.1sy.top,domain,pop.book.1sy.top,2,2026-08-18 20:45:53,excluded,,,,
domain:production.book.1sy.top,domain,production.book.1sy.top,2,2026-08-18 20:45:53,excluded,,,,
domain:prod.book.1sy.top,domain,prod.book.1sy.top,2,2026-08-18 20:45:53,excluded,,,,
domain:hrm.book.1sy.top,domain,hrm.book.1sy.top,2,2026-08-18 20:45:53,excluded,,,,
domain:ssh.book.1sy.top,domain,ssh.book.1sy.top,2,2026-08-18 20:45:53,excluded,,,,
domain:site.book.1sy.top,domain,site.book.1sy.top,2,2026-08-18 20:45:53,excluded,,,,
domain:mysqladmin.book.1sy.top,domain,mysqladmin.book.1sy.top,2,2026-08-18 20:45:53,excluded,,,,
domain:zabbix.book.1sy.top,domain,zabbix.book.1sy.top,2,2026-08-18 20:45:53,excluded,,,,
domain:wss.book.1sy.top,domain,wss.book.1sy.top,2,2026-08-18 20:45:53,excluded,,,,
domain:mini.book.1sy.top,domain,mini.book.1sy.top,2,2026-08-18 20:45:53,excluded,,,,
domain:status.book.1sy.top,domain,status.book.1sy.top,2,2026-08-18 20:45:53,excluded,,,,
domain:wap.book.1sy.top,domain,wap.book.1sy.top,2,2026-08-18 20:45:53,excluded,,,,
domain:api-prod.book.1sy.top,domain,api-prod.book.1sy.top,2,2026-08-18 20:45:53,excluded,,,,
domain:file.book.1sy.top,domain,file.book.1sy.top,2,2026-08-18 20:45:53,excluded,,,,
domain:im.book.1sy.top,domain,im.book.1sy.top,2,2026-08-18 20:45:53,excluded,,,,
domain:security.book.1sy.top,domain,security.book.1sy.top,2,2026-08-18 20:45:53,excluded,,,,
domain:bbs.book.1sy.top,domain,bbs.book.1sy.top,2,2026-08-18 20:45:53,excluded,,,,
domain:oauth.book.1sy.top,domain,oauth.book.1sy.top,2,2026-08-18 20:45:53,excluded,,,,
domain:jenkins.book.1sy.top,domain,jenkins.book.1sy.top,2,2026-08-18 20:45:53,excluded,,,,
domain:img2.book.1sy.top,domain,img2.book.1sy.top,2,2026-08-18 20:45:53,excluded,,,,
domain:elk.book.1sy.top,domain,elk.book.1sy.top,2,2026-08-18 20:45:53,excluded,,,,
domain:mail2.book.1sy.top,domain,mail2.book.1sy.top,2,2026-08-18 20:45:53,excluded,,,,
domain:git.book.1sy.top,domain,git.book.1sy.top,2,2026-08-18 20:45:53,excluded,,,,
domain:webmail.book.1sy.top,domain,webmail.book.1sy.top,2,2026-08-18 20:45:53,excluded,,,,
domain:about.book.1sy.top,domain,about.book.1sy.top,2,2026-08-18 20:45:53,excluded,,,,
domain:prometheus.book.1sy.top,domain,prometheus.book.1sy.top,2,2026-08-18 20:45:53,excluded,,,,
domain:images.book.1sy.top,domain,images.book.1sy.top,2,2026-08-18 20:45:53,excluded,,,,
domain:k8s.book.1sy.top,domain,k8s.book.1sy.top,2,2026-08-18 20:45:53,excluded,,,,
domain:www.book.1sy.top,domain,www.book.1sy.top,2,2026-08-18 20:45:53,excluded,,,,
domain:tv.book.1sy.top,domain,tv.book.1sy.top,2,2026-08-18 20:45:53,excluded,,,,
domain:intranet.book.1sy.top,domain,intranet.book.1sy.top,2,2026-08-18 20:45:53,excluded,,,,
domain:logs.book.1sy.top,domain,logs.book.1sy.top,2,2026-08-18 20:45:53,excluded,,,,
domain:mobile.book.1sy.top,domain,mobile.book.1sy.top,2,2026-08-18 20:45:53,excluded,,,,
domain:documents.book.1sy.top,domain,documents.book.1sy.top,2,2026-08-18 20:45:53,excluded,,,,
domain:oa.book.1sy.top,domain,oa.book.1sy.top,2,2026-08-18 20:45:53,excluded,,,,
domain:static.book.1sy.top,domain,static.book.1sy.top,2,2026-08-18 20:45:53,excluded,,,,
domain:cache.book.1sy.top,domain,cache.book.1sy.top,2,2026-08-18 20:45:53,excluded,,,,
domain:erp.book.1sy.top,domain,erp.book.1sy.top,2,2026-08-18 20:45:53,excluded,,,,
domain:staging2.book.1sy.top,domain,staging2.book.1sy.top,2,2026-08-18 20:45:53,excluded,,,,
domain:m.book.1sy.top,domain,m.book.1sy.top,2,2026-08-18 20:45:53,excluded,,,,
domain:books.book.1sy.top,domain,books.book.1sy.top,2,2026-08-18 20:45:53,excluded,,,,
domain:article.book.1sy.top,domain,article.book.1sy.top,2,2026-08-18 20:45:53,excluded,,,,
domain:apps.book.1sy.top,domain,apps.book.1sy.top,2,2026-08-18 20:45:53,excluded,,,,
domain:m2.book.1sy.top,domain,m2.book.1sy.top,2,2026-08-18 20:45:53,excluded,,,,
domain:uploads.book.1sy.top,domain,uploads.book.1sy.top,2,2026-08-18 20:45:53,excluded,,,,
domain:wechat2.book.1sy.top,domain,wechat2.book.1sy.top,2,2026-08-18 20:45:53,excluded,,,,
domain:magazine.book.1sy.top,domain,magazine.book.1sy.top,2,2026-08-18 20:45:53,excluded,,,,
domain:jobs.book.1sy.top,domain,jobs.book.1sy.top,2,2026-08-18 20:45:53,excluded,,,,
domain:export.book.1sy.top,domain,export.book.1sy.top,2,2026-08-18 20:45:53,excluded,,,,
ip:13.159.144.37,ip,13.159.144.37,2,2026-08-18 20:45:53,scanned,,,,
url:http://book.1sy.top/,url,http://book.1sy.top/,2,2026-08-18 20:45:54,eliminated,,,,
url:https://book.1sy.top/,url,https://book.1sy.top/,2,2026-08-18 20:45:54,eliminated,,,,
domain:home.git.1sy.top,domain,home.git.1sy.top,2,2026-08-18 20:45:53,excluded,,,,
domain:mysql.git.1sy.top,domain,mysql.git.1sy.top,2,2026-08-18 20:45:53,excluded,,,,
domain:storage.git.1sy.top,domain,storage.git.1sy.top,2,2026-08-18 20:45:53,excluded,,,,
domain:dev2.git.1sy.top,domain,dev2.git.1sy.top,2,2026-08-18 20:45:53,excluded,,,,
domain:static2.git.1sy.top,domain,static2.git.1sy.top,2,2026-08-18 20:45:53,excluded,,,,
domain:pay2.git.1sy.top,domain,pay2.git.1sy.top,2,2026-08-18 20:45:53,excluded,,,,
domain:registry.git.1sy.top,domain,registry.git.1sy.top,2,2026-08-18 20:45:53,excluded,,,,
domain:auth.git.1sy.top,domain,auth.git.1sy.top,2,2026-08-18 20:45:53,excluded,,,,
domain:img3.git.1sy.top,domain,img3.git.1sy.top,2,2026-08-18 20:45:53,excluded,,,,
domain:kibana.git.1sy.top,domain,kibana.git.1sy.top,2,2026-08-18 20:45:53,excluded,,,,
domain:nlb.git.1sy.top,domain,nlb.git.1sy.top,2,2026-08-18 20:45:53,excluded,,,,
domain:k8s.git.1sy.top,domain,k8s.git.1sy.top,2,2026-08-18 20:45:53,excluded,,,,
domain:m.git.1sy.top,domain,m.git.1sy.top,2,2026-08-18 20:45:53,excluded,,,,
domain:m2.git.1sy.top,domain,m2.git.1sy.top,2,2026-08-18 20:45:53,excluded,,,,
domain:login.git.1sy.top,domain,login.git.1sy.top,2,2026-08-18 20:45:53,excluded,,,,
domain:git.git.1sy.top,domain,git.git.1sy.top,2,2026-08-18 20:45:53,excluded,,,,
domain:service.git.1sy.top,domain,service.git.1sy.top,2,2026-08-18 20:45:53,excluded,,,,
domain:oss.git.1sy.top,domain,oss.git.1sy.top,2,2026-08-18 20:45:53,excluded,,,,
domain:db.git.1sy.top,domain,db.git.1sy.top,2,2026-08-18 20:45:53,excluded,,,,
domain:beta.git.1sy.top,domain,beta.git.1sy.top,2,2026-08-18 20:45:53,excluded,,,,
domain:ns1.git.1sy.top,domain,ns1.git.1sy.top,2,2026-08-18 20:45:53,excluded,,,,
domain:file.git.1sy.top,domain,file.git.1sy.top,2,2026-08-18 20:45:53,excluded,,,,
domain:monitor.git.1sy.top,domain,monitor.git.1sy.top,2,2026-08-18 20:45:53,excluded,,,,
domain:miniapp.git.1sy.top,domain,miniapp.git.1sy.top,2,2026-08-18 20:45:53,excluded,,,,
domain:oa.git.1sy.top,domain,oa.git.1sy.top,2,2026-08-18 20:45:53,excluded,,,,
domain:www.git.1sy.top,domain,www.git.1sy.top,2,2026-08-18 20:45:53,excluded,,,,
domain:career.git.1sy.top,domain,career.git.1sy.top,2,2026-08-18 20:45:53,excluded,,,,
domain:bbs.git.1sy.top,domain,bbs.git.1sy.top,2,2026-08-18 20:45:53,excluded,,,,
domain:hrm.git.1sy.top,domain,hrm.git.1sy.top,2,2026-08-18 20:45:53,excluded,,,,
domain:stage.git.1sy.top,domain,stage.git.1sy.top,2,2026-08-18 20:45:53,excluded,,,,
domain:job.git.1sy.top,domain,job.git.1sy.top,2,2026-08-18 20:45:53,excluded,,,,
domain:books.git.1sy.top,domain,books.git.1sy.top,2,2026-08-18 20:45:53,excluded,,,,
domain:public.git.1sy.top,domain,public.git.1sy.top,2,2026-08-18 20:45:53,excluded,,,,
domain:documentation.git.1sy.top,domain,documentation.git.1sy.top,2,2026-08-18 20:45:53,excluded,,,,
domain:zabbix.git.1sy.top,domain,zabbix.git.1sy.top,2,2026-08-18 20:45:53,excluded,,,,
domain:wx.git.1sy.top,domain,wx.git.1sy.top,2,2026-08-18 20:45:53,excluded,,,,
domain:admin.git.1sy.top,domain,admin.git.1sy.top,2,2026-08-18 20:45:53,excluded,,,,
domain:games.git.1sy.top,domain,games.git.1sy.top,2,2026-08-18 20:45:53,excluded,,,,
domain:pre.git.1sy.top,domain,pre.git.1sy.top,2,2026-08-18 20:45:53,excluded,,,,
domain:es.git.1sy.top,domain,es.git.1sy.top,2,2026-08-18 20:45:53,excluded,,,,
domain:reader.git.1sy.top,domain,reader.git.1sy.top,2,2026-08-18 20:45:53,excluded,,,,
domain:lb.git.1sy.top,domain,lb.git.1sy.top,2,2026-08-18 20:45:53,excluded,,,,
domain:mail1.git.1sy.top,domain,mail1.git.1sy.top,2,2026-08-18 20:45:53,excluded,,,,
domain:api.git.1sy.top,domain,api.git.1sy.top,2,2026-08-18 20:45:53,excluded,,,,
domain:vpn.git.1sy.top,domain,vpn.git.1sy.top,2,2026-08-18 20:45:53,excluded,,,,
domain:canary.git.1sy.top,domain,canary.git.1sy.top,2,2026-08-18 20:45:53,excluded,,,,
domain:article.git.1sy.top,domain,article.git.1sy.top,2,2026-08-18 20:45:53,excluded,,,,
domain:keycloak.git.1sy.top,domain,keycloak.git.1sy.top,2,2026-08-18 20:45:53,excluded,,,,
domain:sso2.git.1sy.top,domain,sso2.git.1sy.top,2,2026-08-18 20:45:53,excluded,,,,
domain:uat.git.1sy.top,domain,uat.git.1sy.top,2,2026-08-18 20:45:53,excluded,,,,
domain:cart.git.1sy.top,domain,cart.git.1sy.top,2,2026-08-18 20:45:53,excluded,,,,
domain:book.git.1sy.top,domain,book.git.1sy.top,2,2026-08-18 20:45:53,excluded,,,,
domain:mysqladmin.git.1sy.top,domain,mysqladmin.git.1sy.top,2,2026-08-18 20:45:53,excluded,,,,
domain:static3.git.1sy.top,domain,static3.git.1sy.top,2,2026-08-18 20:45:53,excluded,,,,
domain:image.git.1sy.top,domain,image.git.1sy.top,2,2026-08-18 20:45:53,excluded,,,,
domain:main.git.1sy.top,domain,main.git.1sy.top,2,2026-08-18 20:45:53,excluded,,,,
domain:upload.git.1sy.top,domain,upload.git.1sy.top,2,2026-08-18 20:45:53,excluded,,,,
domain:test2.git.1sy.top,domain,test2.git.1sy.top,2,2026-08-18 20:45:53,excluded,,,,
domain:logs.git.1sy.top,domain,logs.git.1sy.top,2,2026-08-18 20:45:53,excluded,,,,
domain:notify.git.1sy.top,domain,notify.git.1sy.top,2,2026-08-18 20:45:53,excluded,,,,
domain:administrator.git.1sy.top,domain,administrator.git.1sy.top,2,2026-08-18 20:45:53,excluded,,,,
domain:mobi.git.1sy.top,domain,mobi.git.1sy.top,2,2026-08-18 20:45:53,excluded,,,,
domain:qa.git.1sy.top,domain,qa.git.1sy.top,2,2026-08-18 20:45:53,excluded,,,,
domain:wechat2.git.1sy.top,domain,wechat2.git.1sy.top,2,2026-08-18 20:45:53,excluded,,,,
domain:h5.git.1sy.top,domain,h5.git.1sy.top,2,2026-08-18 20:45:53,excluded,,,,
domain:forum.git.1sy.top,domain,forum.git.1sy.top,2,2026-08-18 20:45:53,excluded,,,,
domain:dns.git.1sy.top,domain,dns.git.1sy.top,2,2026-08-18 20:45:53,excluded,,,,
domain:order.git.1sy.top,domain,order.git.1sy.top,2,2026-08-18 20:45:53,excluded,,,,
domain:app.git.1sy.top,domain,app.git.1sy.top,2,2026-08-18 20:45:53,excluded,,,,
domain:im.git.1sy.top,domain,im.git.1sy.top,2,2026-08-18 20:45:53,excluded,,,,
domain:ldap.git.1sy.top,domain,ldap.git.1sy.top,2,2026-08-18 20:45:53,excluded,,,,
domain:mobile.git.1sy.top,domain,mobile.git.1sy.top,2,2026-08-18 20:45:53,excluded,,,,
domain:docs.git.1sy.top,domain,docs.git.1sy.top,2,2026-08-18 20:45:53,excluded,,,,
domain:media.git.1sy.top,domain,media.git.1sy.top,2,2026-08-18 20:45:53,excluded,,,,
domain:mx.git.1sy.top,domain,mx.git.1sy.top,2,2026-08-18 20:45:53,excluded,,,,
domain:cdn2.git.1sy.top,domain,cdn2.git.1sy.top,2,2026-08-18 20:45:53,excluded,,,,
domain:preview.git.1sy.top,domain,preview.git.1sy.top,2,2026-08-18 20:45:53,excluded,,,,
domain:github.git.1sy.top,domain,github.git.1sy.top,2,2026-08-18 20:45:53,excluded,,,,
domain:tv.git.1sy.top,domain,tv.git.1sy.top,2,2026-08-18 20:45:53,excluded,,,,
domain:cached.git.1sy.top,domain,cached.git.1sy.top,2,2026-08-18 20:45:53,excluded,,,,
domain:wss.git.1sy.top,domain,wss.git.1sy.top,2,2026-08-18 20:45:53,excluded,,,,
domain:payment.git.1sy.top,domain,payment.git.1sy.top,2,2026-08-18 20:45:53,excluded,,,,
domain:saml.git.1sy.top,domain,saml.git.1sy.top,2,2026-08-18 20:45:53,excluded,,,,
domain:read.git.1sy.top,domain,read.git.1sy.top,2,2026-08-18 20:45:53,excluded,,,,
domain:sso.git.1sy.top,domain,sso.git.1sy.top,2,2026-08-18 20:45:53,excluded,,,,
domain:sandbox.git.1sy.top,domain,sandbox.git.1sy.top,2,2026-08-18 20:45:53,excluded,,,,
domain:cdn.git.1sy.top,domain,cdn.git.1sy.top,2,2026-08-18 20:45:53,excluded,,,,
domain:intranet.git.1sy.top,domain,intranet.git.1sy.top,2,2026-08-18 20:45:53,excluded,,,,
domain:news.git.1sy.top,domain,news.git.1sy.top,2,2026-08-18 20:45:53,excluded,,,,
domain:contact.git.1sy.top,domain,contact.git.1sy.top,2,2026-08-18 20:45:53,excluded,,,,
domain:sse.git.1sy.top,domain,sse.git.1sy.top,2,2026-08-18 20:45:53,excluded,,,,
domain:live.git.1sy.top,domain,live.git.1sy.top,2,2026-08-18 20:45:53,excluded,,,,
domain:oauth.git.1sy.top,domain,oauth.git.1sy.top,2,2026-08-18 20:45:53,excluded,,,,
domain:cdn3.git.1sy.top,domain,cdn3.git.1sy.top,2,2026-08-18 20:45:53,excluded,,,,
domain:wap.git.1sy.top,domain,wap.git.1sy.top,2,2026-08-18 20:45:53,excluded,,,,
domain:weixin.git.1sy.top,domain,weixin.git.1sy.top,2,2026-08-18 20:45:53,excluded,,,,
domain:stats.git.1sy.top,domain,stats.git.1sy.top,2,2026-08-18 20:45:53,excluded,,,,
domain:webview.git.1sy.top,domain,webview.git.1sy.top,2,2026-08-18 20:45:53,excluded,,,,
domain:mail2.git.1sy.top,domain,mail2.git.1sy.top,2,2026-08-18 20:45:53,excluded,,,,
domain:sites.git.1sy.top,domain,sites.git.1sy.top,2,2026-08-18 20:45:53,excluded,,,,
domain:webapp.git.1sy.top,domain,webapp.git.1sy.top,2,2026-08-18 20:45:53,excluded,,,,
domain:token.git.1sy.top,domain,token.git.1sy.top,2,2026-08-18 20:45:53,excluded,,,,
domain:ns3.git.1sy.top,domain,ns3.git.1sy.top,2,2026-08-18 20:45:53,excluded,,,,
domain:elk.git.1sy.top,domain,elk.git.1sy.top,2,2026-08-18 20:45:53,excluded,,,,
domain:wap2.git.1sy.top,domain,wap2.git.1sy.top,2,2026-08-18 20:45:53,excluded,,,,
domain:prometheus.git.1sy.top,domain,prometheus.git.1sy.top,2,2026-08-18 20:45:53,excluded,,,,
domain:mini.git.1sy.top,domain,mini.git.1sy.top,2,2026-08-18 20:45:53,excluded,,,,
domain:library.git.1sy.top,domain,library.git.1sy.top,2,2026-08-18 20:45:53,excluded,,,,
domain:api-staging.git.1sy.top,domain,api-staging.git.1sy.top,2,2026-08-18 20:45:53,excluded,,,,
domain:analytics.git.1sy.top,domain,analytics.git.1sy.top,2,2026-08-18 20:45:53,excluded,,,,
domain:comic.git.1sy.top,domain,comic.git.1sy.top,2,2026-08-18 20:45:53,excluded,,,,
domain:internal.git.1sy.top,domain,internal.git.1sy.top,2,2026-08-18 20:45:53,excluded,,,,
domain:ssh.git.1sy.top,domain,ssh.git.1sy.top,2,2026-08-18 20:45:53,excluded,,,,
domain:index.git.1sy.top,domain,index.git.1sy.top,2,2026-08-18 20:45:53,excluded,,,,
domain:build.git.1sy.top,domain,build.git.1sy.top,2,2026-08-18 20:45:53,excluded,,,,
domain:ws.git.1sy.top,domain,ws.git.1sy.top,2,2026-08-18 20:45:53,excluded,,,,
domain:bucket.git.1sy.top,domain,bucket.git.1sy.top,2,2026-08-18 20:45:53,excluded,,,,
domain:console.git.1sy.top,domain,console.git.1sy.top,2,2026-08-18 20:45:53,excluded,,,,
domain:download.git.1sy.top,domain,download.git.1sy.top,2,2026-08-18 20:45:53,excluded,,,,
domain:auth2.git.1sy.top,domain,auth2.git.1sy.top,2,2026-08-18 20:45:53,excluded,,,,
domain:kubernetes.git.1sy.top,domain,kubernetes.git.1sy.top,2,2026-08-18 20:45:53,excluded,,,,
domain:cd.git.1sy.top,domain,cd.git.1sy.top,2,2026-08-18 20:45:53,excluded,,,,
domain:cas.git.1sy.top,domain,cas.git.1sy.top,2,2026-08-18 20:45:53,excluded,,,,
domain:doc.git.1sy.top,domain,doc.git.1sy.top,2,2026-08-18 20:45:53,excluded,,,,
domain:blog.git.1sy.top,domain,blog.git.1sy.top,2,2026-08-18 20:45:53,excluded,,,,
domain:api-gateway.git.1sy.top,domain,api-gateway.git.1sy.top,2,2026-08-18 20:45:53,excluded,,,,
domain:push.git.1sy.top,domain,push.git.1sy.top,2,2026-08-18 20:45:53,excluded,,,,
domain:imap.git.1sy.top,domain,imap.git.1sy.top,2,2026-08-18 20:45:53,excluded,,,,
domain:graphql.git.1sy.top,domain,graphql.git.1sy.top,2,2026-08-18 20:45:53,excluded,,,,
domain:api-prod.git.1sy.top,domain,api-prod.git.1sy.top,2,2026-08-18 20:45:53,excluded,,,,
domain:homepage.git.1sy.top,domain,homepage.git.1sy.top,2,2026-08-18 20:45:53,excluded,,,,
domain:pay.git.1sy.top,domain,pay.git.1sy.top,2,2026-08-18 20:45:53,excluded,,,,
domain:api-internal.git.1sy.top,domain,api-internal.git.1sy.top,2,2026-08-18 20:45:53,excluded,,,,
domain:elastic.git.1sy.top,domain,elastic.git.1sy.top,2,2026-08-18 20:45:53,excluded,,,,
domain:monitoring.git.1sy.top,domain,monitoring.git.1sy.top,2,2026-08-18 20:45:53,excluded,,,,
domain:log.git.1sy.top,domain,log.git.1sy.top,2,2026-08-18 20:45:53,excluded,,,,
domain:preprod.git.1sy.top,domain,preprod.git.1sy.top,2,2026-08-18 20:45:53,excluded,,,,
domain:cms.git.1sy.top,domain,cms.git.1sy.top,2,2026-08-18 20:45:53,excluded,,,,
domain:prod.git.1sy.top,domain,prod.git.1sy.top,2,2026-08-18 20:45:53,excluded,,,,
domain:phpmyadmin.git.1sy.top,domain,phpmyadmin.git.1sy.top,2,2026-08-18 20:45:53,excluded,,,,
domain:mailchimp.git.1sy.top,domain,mailchimp.git.1sy.top,2,2026-08-18 20:45:53,excluded,,,,
domain:buy.git.1sy.top,domain,buy.git.1sy.top,2,2026-08-18 20:45:53,excluded,,,,
domain:sftp.git.1sy.top,domain,sftp.git.1sy.top,2,2026-08-18 20:45:53,excluded,,,,
domain:smtp.git.1sy.top,domain,smtp.git.1sy.top,2,2026-08-18 20:45:53,excluded,,,,
domain:order2.git.1sy.top,domain,order2.git.1sy.top,2,2026-08-18 20:45:53,excluded,,,,
domain:paper.git.1sy.top,domain,paper.git.1sy.top,2,2026-08-18 20:45:53,excluded,,,,
domain:web.git.1sy.top,domain,web.git.1sy.top,2,2026-08-18 20:45:53,excluded,,,,
domain:ci.git.1sy.top,domain,ci.git.1sy.top,2,2026-08-18 20:45:53,excluded,,,,
domain:recruit.git.1sy.top,domain,recruit.git.1sy.top,2,2026-08-18 20:45:53,excluded,,,,
domain:services.git.1sy.top,domain,services.git.1sy.top,2,2026-08-18 20:45:53,excluded,,,,
domain:img2.git.1sy.top,domain,img2.git.1sy.top,2,2026-08-18 20:45:53,excluded,,,,
domain:products.git.1sy.top,domain,products.git.1sy.top,2,2026-08-18 20:45:53,excluded,,,,
domain:pop.git.1sy.top,domain,pop.git.1sy.top,2,2026-08-18 20:45:53,excluded,,,,
domain:about.git.1sy.top,domain,about.git.1sy.top,2,2026-08-18 20:45:53,excluded,,,,
domain:api2.git.1sy.top,domain,api2.git.1sy.top,2,2026-08-18 20:45:53,excluded,,,,
domain:product.git.1sy.top,domain,product.git.1sy.top,2,2026-08-18 20:45:53,excluded,,,,
domain:checkout.git.1sy.top,domain,checkout.git.1sy.top,2,2026-08-18 20:45:53,excluded,,,,
domain:android.git.1sy.top,domain,android.git.1sy.top,2,2026-08-18 20:45:53,excluded,,,,
domain:staging.git.1sy.top,domain,staging.git.1sy.top,2,2026-08-18 20:45:53,excluded,,,,
domain:production.git.1sy.top,domain,production.git.1sy.top,2,2026-08-18 20:45:53,excluded,,,,
domain:health.git.1sy.top,domain,health.git.1sy.top,2,2026-08-18 20:45:53,excluded,,,,
domain:staging2.git.1sy.top,domain,staging2.git.1sy.top,2,2026-08-18 20:45:53,excluded,,,,
domain:tmp.git.1sy.top,domain,tmp.git.1sy.top,2,2026-08-18 20:45:53,excluded,,,,
domain:help.git.1sy.top,domain,help.git.1sy.top,2,2026-08-18 20:45:53,excluded,,,,
domain:reports.git.1sy.top,domain,reports.git.1sy.top,2,2026-08-18 20:45:53,excluded,,,,
domain:api-test.git.1sy.top,domain,api-test.git.1sy.top,2,2026-08-18 20:45:53,excluded,,,,
domain:pgadmin.git.1sy.top,domain,pgadmin.git.1sy.top,2,2026-08-18 20:45:53,excluded,,,,
domain:api-gw.git.1sy.top,domain,api-gw.git.1sy.top,2,2026-08-18 20:45:53,excluded,,,,
domain:files.git.1sy.top,domain,files.git.1sy.top,2,2026-08-18 20:45:53,excluded,,,,
domain:database.git.1sy.top,domain,database.git.1sy.top,2,2026-08-18 20:45:53,excluded,,,,
domain:docker.git.1sy.top,domain,docker.git.1sy.top,2,2026-08-18 20:45:53,excluded,,,,
domain:test.git.1sy.top,domain,test.git.1sy.top,2,2026-08-18 20:45:53,excluded,,,,
domain:manage.git.1sy.top,domain,manage.git.1sy.top,2,2026-08-18 20:45:53,excluded,,,,
domain:hr.git.1sy.top,domain,hr.git.1sy.top,2,2026-08-18 20:45:53,excluded,,,,
domain:game.git.1sy.top,domain,game.git.1sy.top,2,2026-08-18 20:45:53,excluded,,,,
domain:sale.git.1sy.top,domain,sale.git.1sy.top,2,2026-08-18 20:45:53,excluded,,,,
domain:careers.git.1sy.top,domain,careers.git.1sy.top,2,2026-08-18 20:45:53,excluded,,,,
domain:cos.git.1sy.top,domain,cos.git.1sy.top,2,2026-08-18 20:45:53,excluded,,,,
domain:community.git.1sy.top,domain,community.git.1sy.top,2,2026-08-18 20:45:53,excluded,,,,
domain:report.git.1sy.top,domain,report.git.1sy.top,2,2026-08-18 20:45:53,excluded,,,,
domain:remote.git.1sy.top,domain,remote.git.1sy.top,2,2026-08-18 20:45:53,excluded,,,,
domain:site.git.1sy.top,domain,site.git.1sy.top,2,2026-08-18 20:45:53,excluded,,,,
domain:mx1.git.1sy.top,domain,mx1.git.1sy.top,2,2026-08-18 20:45:53,excluded,,,,
domain:magazine.git.1sy.top,domain,magazine.git.1sy.top,2,2026-08-18 20:45:53,excluded,,,,
domain:store.git.1sy.top,domain,store.git.1sy.top,2,2026-08-18 20:45:53,excluded,,,,
domain:ftp.git.1sy.top,domain,ftp.git.1sy.top,2,2026-08-18 20:45:53,excluded,,,,
domain:ios.git.1sy.top,domain,ios.git.1sy.top,2,2026-08-18 20:45:53,excluded,,,,
domain:newsletter.git.1sy.top,domain,newsletter.git.1sy.top,2,2026-08-18 20:45:53,excluded,,,,
domain:faq.git.1sy.top,domain,faq.git.1sy.top,2,2026-08-18 20:45:53,scanned,,,,
domain:phpadmin.git.1sy.top,domain,phpadmin.git.1sy.top,2,2026-08-18 20:45:53,scanned,,,,
domain:story.git.1sy.top,domain,story.git.1sy.top,2,2026-08-18 20:45:53,scanned,,,,
domain:alipay.git.1sy.top,domain,alipay.git.1sy.top,2,2026-08-18 20:45:53,scanned,,,,
domain:shop.git.1sy.top,domain,shop.git.1sy.top,2,2026-08-18 20:45:53,scanned,,,,
domain:chat.git.1sy.top,domain,chat.git.1sy.top,2,2026-08-18 20:45:53,scanned,,,,
domain:demo.git.1sy.top,domain,demo.git.1sy.top,2,2026-08-18 20:45:53,scanned,,,,
domain:message.git.1sy.top,domain,message.git.1sy.top,2,2026-08-18 20:45:53,scanned,,,,
domain:tracking.git.1sy.top,domain,tracking.git.1sy.top,2,2026-08-18 20:45:53,scanned,,,,
domain:erp.git.1sy.top,domain,erp.git.1sy.top,2,2026-08-18 20:45:53,scanned,,,,
domain:bak.git.1sy.top,domain,bak.git.1sy.top,2,2026-08-18 20:45:53,scanned,,,,
domain:portal.git.1sy.top,domain,portal.git.1sy.top,2,2026-08-18 20:45:53,scanned,,,,
domain:webmail.git.1sy.top,domain,webmail.git.1sy.top,2,2026-08-18 20:45:53,scanned,,,,
domain:jenkins.git.1sy.top,domain,jenkins.git.1sy.top,2,2026-08-18 20:45:53,scanned,,,,
domain:radio.git.1sy.top,domain,radio.git.1sy.top,2,2026-08-18 20:45:53,scanned,,,,
domain:radius.git.1sy.top,domain,radius.git.1sy.top,2,2026-08-18 20:45:53,scanned,,,,
domain:gateway.git.1sy.top,domain,gateway.git.1sy.top,2,2026-08-18 20:45:53,scanned,,,,
domain:session.git.1sy.top,domain,session.git.1sy.top,2,2026-08-18 20:45:53,scanned,,,,
domain:openapi.git.1sy.top,domain,openapi.git.1sy.top,2,2026-08-18 20:45:53,scanned,,,,
domain:temp.git.1sy.top,domain,temp.git.1sy.top,2,2026-08-18 20:45:53,scanned,,,,
domain:images.git.1sy.top,domain,images.git.1sy.top,2,2026-08-18 20:45:53,scanned,,,,
domain:img.git.1sy.top,domain,img.git.1sy.top,2,2026-08-18 20:45:53,scanned,,,,
domain:crm.git.1sy.top,domain,crm.git.1sy.top,2,2026-08-18 20:45:53,scanned,,,,
domain:ebook.git.1sy.top,domain,ebook.git.1sy.top,2,2026-08-18 20:45:53,scanned,,,,
domain:api-dev.git.1sy.top,domain,api-dev.git.1sy.top,2,2026-08-18 20:45:53,excluded,,,,
domain:apps.git.1sy.top,domain,apps.git.1sy.top,2,2026-08-18 20:45:53,excluded,,,,
domain:manager.git.1sy.top,domain,manager.git.1sy.top,2,2026-08-18 20:45:53,excluded,,,,
domain:assets.git.1sy.top,domain,assets.git.1sy.top,2,2026-08-18 20:45:53,excluded,,,,
domain:uploads.git.1sy.top,domain,uploads.git.1sy.top,2,2026-08-18 20:45:53,excluded,,,,
domain:data.git.1sy.top,domain,data.git.1sy.top,2,2026-08-18 20:45:53,excluded,,,,
domain:office.git.1sy.top,domain,office.git.1sy.top,2,2026-08-18 20:45:53,excluded,,,,
domain:sms.git.1sy.top,domain,sms.git.1sy.top,2,2026-08-18 20:45:53,excluded,,,,
domain:rest.git.1sy.top,domain,rest.git.1sy.top,2,2026-08-18 20:45:53,excluded,,,,
domain:dev.git.1sy.top,domain,dev.git.1sy.top,2,2026-08-18 20:45:53,excluded,,,,
domain:svn.git.1sy.top,domain,svn.git.1sy.top,2,2026-08-18 20:45:53,excluded,,,,
domain:jobs.git.1sy.top,domain,jobs.git.1sy.top,2,2026-08-18 20:45:53,excluded,,,,
domain:security.git.1sy.top,domain,security.git.1sy.top,2,2026-08-18 20:45:53,excluded,,,,
domain:testing.git.1sy.top,domain,testing.git.1sy.top,2,2026-08-18 20:45:53,excluded,,,,
domain:wechat.git.1sy.top,domain,wechat.git.1sy.top,2,2026-08-18 20:45:53,excluded,,,,
domain:music.git.1sy.top,domain,music.git.1sy.top,2,2026-08-18 20:45:53,excluded,,,,
domain:status.git.1sy.top,domain,status.git.1sy.top,2,2026-08-18 20:45:53,excluded,,,,
domain:gw.git.1sy.top,domain,gw.git.1sy.top,2,2026-08-18 20:45:53,excluded,,,,
domain:novel.git.1sy.top,domain,novel.git.1sy.top,2,2026-08-18 20:45:53,excluded,,,,
domain:mall.git.1sy.top,domain,mall.git.1sy.top,2,2026-08-18 20:45:53,excluded,,,,
domain:wiki.git.1sy.top,domain,wiki.git.1sy.top,2,2026-08-18 20:45:53,excluded,,,,
domain:cache.git.1sy.top,domain,cache.git.1sy.top,2,2026-08-18 20:45:53,excluded,,,,
domain:development.git.1sy.top,domain,development.git.1sy.top,2,2026-08-18 20:45:53,excluded,,,,
domain:socket.git.1sy.top,domain,socket.git.1sy.top,2,2026-08-18 20:45:53,excluded,,,,
domain:support.git.1sy.top,domain,support.git.1sy.top,2,2026-08-18 20:45:53,excluded,,,,
domain:backup.git.1sy.top,domain,backup.git.1sy.top,2,2026-08-18 20:45:53,excluded,,,,
domain:static.git.1sy.top,domain,static.git.1sy.top,2,2026-08-18 20:45:53,excluded,,,,
domain:market.git.1sy.top,domain,market.git.1sy.top,2,2026-08-18 20:45:53,excluded,,,,
domain:sess.git.1sy.top,domain,sess.git.1sy.top,2,2026-08-18 20:45:53,excluded,,,,
domain:proxy.git.1sy.top,domain,proxy.git.1sy.top,2,2026-08-18 20:45:53,excluded,,,,
domain:export.git.1sy.top,domain,export.git.1sy.top,2,2026-08-18 20:45:53,excluded,,,,
domain:gitlab.git.1sy.top,domain,gitlab.git.1sy.top,2,2026-08-18 20:45:53,excluded,,,,
domain:logging.git.1sy.top,domain,logging.git.1sy.top,2,2026-08-18 20:45:53,excluded,,,,
domain:grpc.git.1sy.top,domain,grpc.git.1sy.top,2,2026-08-18 20:45:53,excluded,,,,
domain:open.git.1sy.top,domain,open.git.1sy.top,2,2026-08-18 20:45:53,excluded,,,,
domain:apis.git.1sy.top,domain,apis.git.1sy.top,2,2026-08-18 20:45:53,excluded,,,,
domain:notification.git.1sy.top,domain,notification.git.1sy.top,2,2026-08-18 20:45:53,excluded,,,,
domain:mail.git.1sy.top,domain,mail.git.1sy.top,2,2026-08-18 20:45:53,excluded,,,,
domain:documents.git.1sy.top,domain,documents.git.1sy.top,2,2026-08-18 20:45:53,excluded,,,,
domain:websocket.git.1sy.top,domain,websocket.git.1sy.top,2,2026-08-18 20:45:53,excluded,,,,
domain:redis.git.1sy.top,domain,redis.git.1sy.top,2,2026-08-18 20:45:53,excluded,,,,
domain:metrics.git.1sy.top,domain,metrics.git.1sy.top,2,2026-08-18 20:45:53,excluded,,,,
domain:ns2.git.1sy.top,domain,ns2.git.1sy.top,2,2026-08-18 20:45:53,excluded,,,,
domain:gray.git.1sy.top,domain,gray.git.1sy.top,2,2026-08-18 20:45:53,excluded,,,,
domain:unionpay.git.1sy.top,domain,unionpay.git.1sy.top,2,2026-08-18 20:45:53,excluded,,,,
domain:mx2.git.1sy.top,domain,mx2.git.1sy.top,2,2026-08-18 20:45:53,excluded,,,,
domain:grafana.git.1sy.top,domain,grafana.git.1sy.top,2,2026-08-18 20:45:53,excluded,,,,
domain:video.git.1sy.top,domain,video.git.1sy.top,2,2026-08-18 20:45:53,excluded,,,,
domain:pop3.git.1sy.top,domain,pop3.git.1sy.top,2,2026-08-18 20:45:53,excluded,,,,
ip:178.236.38.1,ip,178.236.38.1,3,2026-08-18 20:45:55,scanned,,,,
domain:analytics.im.1sy.top,domain,analytics.im.1sy.top,2,2026-08-18 20:45:52,excluded,,,,
domain:contact.im.1sy.top,domain,contact.im.1sy.top,2,2026-08-18 20:45:52,excluded,,,,
domain:gitlab.im.1sy.top,domain,gitlab.im.1sy.top,2,2026-08-18 20:45:52,excluded,,,,
domain:cached.im.1sy.top,domain,cached.im.1sy.top,2,2026-08-18 20:45:52,excluded,,,,
domain:sftp.im.1sy.top,domain,sftp.im.1sy.top,2,2026-08-18 20:45:52,excluded,,,,
domain:dev2.im.1sy.top,domain,dev2.im.1sy.top,2,2026-08-18 20:45:52,excluded,,,,
domain:preprod.im.1sy.top,domain,preprod.im.1sy.top,2,2026-08-18 20:45:52,excluded,,,,
domain:sse.im.1sy.top,domain,sse.im.1sy.top,2,2026-08-18 20:45:52,excluded,,,,
domain:magazine.im.1sy.top,domain,magazine.im.1sy.top,2,2026-08-18 20:45:52,excluded,,,,
domain:static2.im.1sy.top,domain,static2.im.1sy.top,2,2026-08-18 20:45:52,excluded,,,,
domain:ns2.im.1sy.top,domain,ns2.im.1sy.top,2,2026-08-18 20:45:52,excluded,,,,
domain:kibana.im.1sy.top,domain,kibana.im.1sy.top,2,2026-08-18 20:45:52,excluded,,,,
domain:gateway.im.1sy.top,domain,gateway.im.1sy.top,2,2026-08-18 20:45:52,excluded,,,,
domain:canary.im.1sy.top,domain,canary.im.1sy.top,2,2026-08-18 20:45:52,excluded,,,,
domain:chat.im.1sy.top,domain,chat.im.1sy.top,2,2026-08-18 20:45:52,excluded,,,,
domain:video.im.1sy.top,domain,video.im.1sy.top,2,2026-08-18 20:45:52,excluded,,,,
domain:stage.im.1sy.top,domain,stage.im.1sy.top,2,2026-08-18 20:45:52,excluded,,,,
domain:status.im.1sy.top,domain,status.im.1sy.top,2,2026-08-18 20:45:52,excluded,,,,
domain:api.im.1sy.top,domain,api.im.1sy.top,2,2026-08-18 20:45:52,excluded,,,,
domain:proxy.im.1sy.top,domain,proxy.im.1sy.top,2,2026-08-18 20:45:52,excluded,,,,
domain:reports.im.1sy.top,domain,reports.im.1sy.top,2,2026-08-18 20:45:52,excluded,,,,
domain:crm.im.1sy.top,domain,crm.im.1sy.top,2,2026-08-18 20:45:52,excluded,,,,
domain:mysqladmin.im.1sy.top,domain,mysqladmin.im.1sy.top,2,2026-08-18 20:45:52,excluded,,,,
domain:cdn2.im.1sy.top,domain,cdn2.im.1sy.top,2,2026-08-18 20:45:52,excluded,,,,
domain:phpadmin.im.1sy.top,domain,phpadmin.im.1sy.top,2,2026-08-18 20:45:52,excluded,,,,
domain:socket.im.1sy.top,domain,socket.im.1sy.top,2,2026-08-18 20:45:52,excluded,,,,
domain:beta.im.1sy.top,domain,beta.im.1sy.top,2,2026-08-18 20:45:52,excluded,,,,
domain:monitor.im.1sy.top,domain,monitor.im.1sy.top,2,2026-08-18 20:45:52,excluded,,,,
domain:doc.im.1sy.top,domain,doc.im.1sy.top,2,2026-08-18 20:45:52,excluded,,,,
domain:test.im.1sy.top,domain,test.im.1sy.top,2,2026-08-18 20:45:52,excluded,,,,
domain:static3.im.1sy.top,domain,static3.im.1sy.top,2,2026-08-18 20:45:52,excluded,,,,
domain:music.im.1sy.top,domain,music.im.1sy.top,2,2026-08-18 20:45:52,excluded,,,,
domain:sso.im.1sy.top,domain,sso.im.1sy.top,2,2026-08-18 20:45:52,excluded,,,,
domain:development.im.1sy.top,domain,development.im.1sy.top,2,2026-08-18 20:45:52,excluded,,,,
domain:image.im.1sy.top,domain,image.im.1sy.top,2,2026-08-18 20:45:52,excluded,,,,
domain:metrics.im.1sy.top,domain,metrics.im.1sy.top,2,2026-08-18 20:45:52,excluded,,,,
domain:redis.im.1sy.top,domain,redis.im.1sy.top,2,2026-08-18 20:45:52,excluded,,,,
domain:notification.im.1sy.top,domain,notification.im.1sy.top,2,2026-08-18 20:45:52,excluded,,,,
domain:jobs.im.1sy.top,domain,jobs.im.1sy.top,2,2026-08-18 20:45:52,excluded,,,,
domain:career.im.1sy.top,domain,career.im.1sy.top,2,2026-08-18 20:45:52,excluded,,,,
domain:homepage.im.1sy.top,domain,homepage.im.1sy.top,2,2026-08-18 20:45:52,excluded,,,,
domain:gray.im.1sy.top,domain,gray.im.1sy.top,2,2026-08-18 20:45:52,excluded,,,,
domain:story.im.1sy.top,domain,story.im.1sy.top,2,2026-08-18 20:45:52,excluded,,,,
domain:market.im.1sy.top,domain,market.im.1sy.top,2,2026-08-18 20:45:52,excluded,,,,
domain:api-gw.im.1sy.top,domain,api-gw.im.1sy.top,2,2026-08-18 20:45:52,excluded,,,,
domain:build.im.1sy.top,domain,build.im.1sy.top,2,2026-08-18 20:45:52,excluded,,,,
domain:oss.im.1sy.top,domain,oss.im.1sy.top,2,2026-08-18 20:45:52,excluded,,,,
domain:community.im.1sy.top,domain,community.im.1sy.top,2,2026-08-18 20:45:52,excluded,,,,
domain:office.im.1sy.top,domain,office.im.1sy.top,2,2026-08-18 20:45:52,excluded,,,,
domain:careers.im.1sy.top,domain,careers.im.1sy.top,2,2026-08-18 20:45:52,excluded,,,,
domain:cms.im.1sy.top,domain,cms.im.1sy.top,2,2026-08-18 20:45:52,excluded,,,,
domain:staging2.im.1sy.top,domain,staging2.im.1sy.top,2,2026-08-18 20:45:52,excluded,,,,
domain:webview.im.1sy.top,domain,webview.im.1sy.top,2,2026-08-18 20:45:52,excluded,,,,
domain:m.im.1sy.top,domain,m.im.1sy.top,2,2026-08-18 20:45:52,excluded,,,,
domain:prod.im.1sy.top,domain,prod.im.1sy.top,2,2026-08-18 20:45:52,excluded,,,,
domain:intranet.im.1sy.top,domain,intranet.im.1sy.top,2,2026-08-18 20:45:52,excluded,,,,
domain:documentation.im.1sy.top,domain,documentation.im.1sy.top,2,2026-08-18 20:45:52,excluded,,,,
domain:weixin.im.1sy.top,domain,weixin.im.1sy.top,2,2026-08-18 20:45:52,excluded,,,,
domain:shop.im.1sy.top,domain,shop.im.1sy.top,2,2026-08-18 20:45:52,excluded,,,,
domain:ci.im.1sy.top,domain,ci.im.1sy.top,2,2026-08-18 20:45:52,excluded,,,,
domain:games.im.1sy.top,domain,games.im.1sy.top,2,2026-08-18 20:45:52,excluded,,,,
domain:services.im.1sy.top,domain,services.im.1sy.top,2,2026-08-18 20:45:52,excluded,,,,
domain:www.im.1sy.top,domain,www.im.1sy.top,2,2026-08-18 20:45:52,excluded,,,,
domain:webmail.im.1sy.top,domain,webmail.im.1sy.top,2,2026-08-18 20:45:52,excluded,,,,
domain:mobile.im.1sy.top,domain,mobile.im.1sy.top,2,2026-08-18 20:45:52,excluded,,,,
domain:mx2.im.1sy.top,domain,mx2.im.1sy.top,2,2026-08-18 20:45:52,excluded,,,,
domain:api-gateway.im.1sy.top,domain,api-gateway.im.1sy.top,2,2026-08-18 20:45:52,excluded,,,,
domain:assets.im.1sy.top,domain,assets.im.1sy.top,2,2026-08-18 20:45:52,excluded,,,,
domain:nlb.im.1sy.top,domain,nlb.im.1sy.top,2,2026-08-18 20:45:52,excluded,,,,
domain:zabbix.im.1sy.top,domain,zabbix.im.1sy.top,2,2026-08-18 20:45:52,excluded,,,,
domain:cart.im.1sy.top,domain,cart.im.1sy.top,2,2026-08-18 20:45:52,excluded,,,,
domain:cos.im.1sy.top,domain,cos.im.1sy.top,2,2026-08-18 20:45:52,excluded,,,,
domain:main.im.1sy.top,domain,main.im.1sy.top,2,2026-08-18 20:45:52,excluded,,,,
domain:pgadmin.im.1sy.top,domain,pgadmin.im.1sy.top,2,2026-08-18 20:45:52,excluded,,,,
domain:qa.im.1sy.top,domain,qa.im.1sy.top,2,2026-08-18 20:45:52,excluded,,,,
domain:ftp.im.1sy.top,domain,ftp.im.1sy.top,2,2026-08-18 20:45:52,excluded,,,,
domain:logging.im.1sy.top,domain,logging.im.1sy.top,2,2026-08-18 20:45:52,excluded,,,,
domain:forum.im.1sy.top,domain,forum.im.1sy.top,2,2026-08-18 20:45:52,excluded,,,,
domain:message.im.1sy.top,domain,message.im.1sy.top,2,2026-08-18 20:45:52,excluded,,,,
domain:paper.im.1sy.top,domain,paper.im.1sy.top,2,2026-08-18 20:45:52,excluded,,,,
domain:img2.im.1sy.top,domain,img2.im.1sy.top,2,2026-08-18 20:45:52,excluded,,,,
domain:ldap.im.1sy.top,domain,ldap.im.1sy.top,2,2026-08-18 20:45:52,excluded,,,,
domain:administrator.im.1sy.top,domain,administrator.im.1sy.top,2,2026-08-18 20:45:52,excluded,,,,
domain:erp.im.1sy.top,domain,erp.im.1sy.top,2,2026-08-18 20:45:52,excluded,,,,
domain:im.im.1sy.top,domain,im.im.1sy.top,2,2026-08-18 20:45:52,excluded,,,,
domain:docs.im.1sy.top,domain,docs.im.1sy.top,2,2026-08-18 20:45:52,excluded,,,,
domain:kubernetes.im.1sy.top,domain,kubernetes.im.1sy.top,2,2026-08-18 20:45:52,excluded,,,,
domain:service.im.1sy.top,domain,service.im.1sy.top,2,2026-08-18 20:45:52,excluded,,,,
domain:files.im.1sy.top,domain,files.im.1sy.top,2,2026-08-18 20:45:52,excluded,,,,
domain:cd.im.1sy.top,domain,cd.im.1sy.top,2,2026-08-18 20:45:52,excluded,,,,
domain:pre.im.1sy.top,domain,pre.im.1sy.top,2,2026-08-18 20:45:52,excluded,,,,
domain:k8s.im.1sy.top,domain,k8s.im.1sy.top,2,2026-08-18 20:45:52,excluded,,,,
domain:storage.im.1sy.top,domain,storage.im.1sy.top,2,2026-08-18 20:45:52,excluded,,,,
domain:buy.im.1sy.top,domain,buy.im.1sy.top,2,2026-08-18 20:45:52,excluded,,,,
domain:wap2.im.1sy.top,domain,wap2.im.1sy.top,2,2026-08-18 20:45:52,excluded,,,,
domain:wx.im.1sy.top,domain,wx.im.1sy.top,2,2026-08-18 20:45:52,excluded,,,,
domain:api-internal.im.1sy.top,domain,api-internal.im.1sy.top,2,2026-08-18 20:45:52,excluded,,,,
domain:news.im.1sy.top,domain,news.im.1sy.top,2,2026-08-18 20:45:52,excluded,,,,
domain:vpn.im.1sy.top,domain,vpn.im.1sy.top,2,2026-08-18 20:45:52,excluded,,,,
domain:token.im.1sy.top,domain,token.im.1sy.top,2,2026-08-18 20:45:52,excluded,,,,
domain:pop3.im.1sy.top,domain,pop3.im.1sy.top,2,2026-08-18 20:45:52,excluded,,,,
domain:hrm.im.1sy.top,domain,hrm.im.1sy.top,2,2026-08-18 20:45:52,excluded,,,,
domain:oauth.im.1sy.top,domain,oauth.im.1sy.top,2,2026-08-18 20:45:52,excluded,,,,
domain:elk.im.1sy.top,domain,elk.im.1sy.top,2,2026-08-18 20:45:52,excluded,,,,
domain:ios.im.1sy.top,domain,ios.im.1sy.top,2,2026-08-18 20:45:52,excluded,,,,
domain:h5.im.1sy.top,domain,h5.im.1sy.top,2,2026-08-18 20:45:52,excluded,,,,
domain:saml.im.1sy.top,domain,saml.im.1sy.top,2,2026-08-18 20:45:52,excluded,,,,
domain:monitoring.im.1sy.top,domain,monitoring.im.1sy.top,2,2026-08-18 20:45:52,excluded,,,,
domain:api-staging.im.1sy.top,domain,api-staging.im.1sy.top,2,2026-08-18 20:45:52,excluded,,,,
domain:site.im.1sy.top,domain,site.im.1sy.top,2,2026-08-18 20:45:52,excluded,,,,
domain:temp.im.1sy.top,domain,temp.im.1sy.top,2,2026-08-18 20:45:52,excluded,,,,
domain:api-dev.im.1sy.top,domain,api-dev.im.1sy.top,2,2026-08-18 20:45:52,excluded,,,,
domain:github.im.1sy.top,domain,github.im.1sy.top,2,2026-08-18 20:45:52,excluded,,,,
domain:rest.im.1sy.top,domain,rest.im.1sy.top,2,2026-08-18 20:45:52,excluded,,,,
domain:mx.im.1sy.top,domain,mx.im.1sy.top,2,2026-08-18 20:45:52,excluded,,,,
domain:demo.im.1sy.top,domain,demo.im.1sy.top,2,2026-08-18 20:45:52,excluded,,,,
domain:session.im.1sy.top,domain,session.im.1sy.top,2,2026-08-18 20:45:52,excluded,,,,
domain:order2.im.1sy.top,domain,order2.im.1sy.top,2,2026-08-18 20:45:52,excluded,,,,
domain:sandbox.im.1sy.top,domain,sandbox.im.1sy.top,2,2026-08-18 20:45:52,excluded,,,,
domain:images.im.1sy.top,domain,images.im.1sy.top,2,2026-08-18 20:45:52,excluded,,,,
domain:wechat.im.1sy.top,domain,wechat.im.1sy.top,2,2026-08-18 20:45:52,excluded,,,,
domain:wechat2.im.1sy.top,domain,wechat2.im.1sy.top,2,2026-08-18 20:45:52,excluded,,,,
domain:uat.im.1sy.top,domain,uat.im.1sy.top,2,2026-08-18 20:45:52,excluded,,,,
domain:mail.im.1sy.top,domain,mail.im.1sy.top,2,2026-08-18 20:45:52,excluded,,,,
domain:smtp.im.1sy.top,domain,smtp.im.1sy.top,2,2026-08-18 20:45:52,excluded,,,,
domain:novel.im.1sy.top,domain,novel.im.1sy.top,2,2026-08-18 20:45:52,excluded,,,,
domain:graphql.im.1sy.top,domain,graphql.im.1sy.top,2,2026-08-18 20:45:52,excluded,,,,
domain:bbs.im.1sy.top,domain,bbs.im.1sy.top,2,2026-08-18 20:45:52,excluded,,,,
domain:cdn.im.1sy.top,domain,cdn.im.1sy.top,2,2026-08-18 20:45:52,excluded,,,,
domain:cdn3.im.1sy.top,domain,cdn3.im.1sy.top,2,2026-08-18 20:45:52,excluded,,,,
domain:websocket.im.1sy.top,domain,websocket.im.1sy.top,2,2026-08-18 20:45:52,excluded,,,,
domain:static.im.1sy.top,domain,static.im.1sy.top,2,2026-08-18 20:45:52,excluded,,,,
domain:api-test.im.1sy.top,domain,api-test.im.1sy.top,2,2026-08-18 20:45:52,excluded,,,,
domain:stats.im.1sy.top,domain,stats.im.1sy.top,2,2026-08-18 20:45:52,excluded,,,,
domain:mini.im.1sy.top,domain,mini.im.1sy.top,2,2026-08-18 20:45:52,excluded,,,,
domain:img.im.1sy.top,domain,img.im.1sy.top,2,2026-08-18 20:45:52,excluded,,,,
domain:bak.im.1sy.top,domain,bak.im.1sy.top,2,2026-08-18 20:45:52,excluded,,,,
domain:upload.im.1sy.top,domain,upload.im.1sy.top,2,2026-08-18 20:45:52,excluded,,,,
domain:health.im.1sy.top,domain,health.im.1sy.top,2,2026-08-18 20:45:52,excluded,,,,
domain:sso2.im.1sy.top,domain,sso2.im.1sy.top,2,2026-08-18 20:45:52,excluded,,,,
domain:phpmyadmin.im.1sy.top,domain,phpmyadmin.im.1sy.top,2,2026-08-18 20:45:52,excluded,,,,
domain:sites.im.1sy.top,domain,sites.im.1sy.top,2,2026-08-18 20:45:52,excluded,,,,
domain:internal.im.1sy.top,domain,internal.im.1sy.top,2,2026-08-18 20:45:52,excluded,,,,
domain:ws.im.1sy.top,domain,ws.im.1sy.top,2,2026-08-18 20:45:52,excluded,,,,
domain:game.im.1sy.top,domain,game.im.1sy.top,2,2026-08-18 20:45:52,excluded,,,,
domain:newsletter.im.1sy.top,domain,newsletter.im.1sy.top,2,2026-08-18 20:45:52,excluded,,,,
domain:export.im.1sy.top,domain,export.im.1sy.top,2,2026-08-18 20:45:52,excluded,,,,
domain:cache.im.1sy.top,domain,cache.im.1sy.top,2,2026-08-18 20:45:52,excluded,,,,
domain:keycloak.im.1sy.top,domain,keycloak.im.1sy.top,2,2026-08-18 20:45:52,excluded,,,,
domain:index.im.1sy.top,domain,index.im.1sy.top,2,2026-08-18 20:45:52,excluded,,,,
domain:pub.im.1sy.top,domain,pub.im.1sy.top,2,2026-08-18 20:45:52,excluded,,,,
domain:console.im.1sy.top,domain,console.im.1sy.top,2,2026-08-18 20:45:52,excluded,,,,
domain:article.im.1sy.top,domain,article.im.1sy.top,2,2026-08-18 20:45:52,excluded,,,,
domain:img3.im.1sy.top,domain,img3.im.1sy.top,2,2026-08-18 20:45:52,excluded,,,,
domain:media.im.1sy.top,domain,media.im.1sy.top,2,2026-08-18 20:45:52,excluded,,,,
domain:radius.im.1sy.top,domain,radius.im.1sy.top,2,2026-08-18 20:45:52,excluded,,,,
domain:read.im.1sy.top,domain,read.im.1sy.top,2,2026-08-18 20:45:52,excluded,,,,
domain:unionpay.im.1sy.top,domain,unionpay.im.1sy.top,2,2026-08-18 20:45:52,excluded,,,,
domain:home.im.1sy.top,domain,home.im.1sy.top,2,2026-08-18 20:45:52,excluded,,,,
domain:bucket.im.1sy.top,domain,bucket.im.1sy.top,2,2026-08-18 20:45:52,excluded,,,,
domain:auth2.im.1sy.top,domain,auth2.im.1sy.top,2,2026-08-18 20:45:52,excluded,,,,
domain:grafana.im.1sy.top,domain,grafana.im.1sy.top,2,2026-08-18 20:45:52,excluded,,,,
domain:security.im.1sy.top,domain,security.im.1sy.top,2,2026-08-18 20:45:52,excluded,,,,
domain:admin.im.1sy.top,domain,admin.im.1sy.top,2,2026-08-18 20:45:52,excluded,,,,
domain:mobi.im.1sy.top,domain,mobi.im.1sy.top,2,2026-08-18 20:45:52,excluded,,,,
domain:apis.im.1sy.top,domain,apis.im.1sy.top,2,2026-08-18 20:45:52,excluded,,,,
domain:sess.im.1sy.top,domain,sess.im.1sy.top,2,2026-08-18 20:45:52,excluded,,,,
domain:notify.im.1sy.top,domain,notify.im.1sy.top,2,2026-08-18 20:45:52,excluded,,,,
domain:staging.im.1sy.top,domain,staging.im.1sy.top,2,2026-08-18 20:45:52,excluded,,,,
domain:recruit.im.1sy.top,domain,recruit.im.1sy.top,2,2026-08-18 20:45:52,excluded,,,,
domain:mx1.im.1sy.top,domain,mx1.im.1sy.top,2,2026-08-18 20:45:52,excluded,,,,
domain:radio.im.1sy.top,domain,radio.im.1sy.top,2,2026-08-18 20:45:52,excluded,,,,
domain:production.im.1sy.top,domain,production.im.1sy.top,2,2026-08-18 20:45:52,excluded,,,,
domain:jenkins.im.1sy.top,domain,jenkins.im.1sy.top,2,2026-08-18 20:45:52,excluded,,,,
domain:lb.im.1sy.top,domain,lb.im.1sy.top,2,2026-08-18 20:45:52,excluded,,,,
domain:api2.im.1sy.top,domain,api2.im.1sy.top,2,2026-08-18 20:45:52,excluded,,,,
domain:checkout.im.1sy.top,domain,checkout.im.1sy.top,2,2026-08-18 20:45:52,excluded,,,,
domain:auth.im.1sy.top,domain,auth.im.1sy.top,2,2026-08-18 20:45:52,excluded,,,,
domain:ns1.im.1sy.top,domain,ns1.im.1sy.top,2,2026-08-18 20:45:52,excluded,,,,
domain:imap.im.1sy.top,domain,imap.im.1sy.top,2,2026-08-18 20:45:52,excluded,,,,
domain:about.im.1sy.top,domain,about.im.1sy.top,2,2026-08-18 20:45:52,excluded,,,,
domain:elastic.im.1sy.top,domain,elastic.im.1sy.top,2,2026-08-18 20:45:52,excluded,,,,
domain:tmp.im.1sy.top,domain,tmp.im.1sy.top,2,2026-08-18 20:45:52,excluded,,,,
domain:download.im.1sy.top,domain,download.im.1sy.top,2,2026-08-18 20:45:52,excluded,,,,
domain:registry.im.1sy.top,domain,registry.im.1sy.top,2,2026-08-18 20:45:52,excluded,,,,
domain:wiki.im.1sy.top,domain,wiki.im.1sy.top,2,2026-08-18 20:45:52,excluded,,,,
domain:manager.im.1sy.top,domain,manager.im.1sy.top,2,2026-08-18 20:45:52,excluded,,,,
domain:support.im.1sy.top,domain,support.im.1sy.top,2,2026-08-18 20:45:52,excluded,,,,
domain:prometheus.im.1sy.top,domain,prometheus.im.1sy.top,2,2026-08-18 20:45:52,excluded,,,,
domain:blog.im.1sy.top,domain,blog.im.1sy.top,2,2026-08-18 20:45:52,excluded,,,,
domain:cas.im.1sy.top,domain,cas.im.1sy.top,2,2026-08-18 20:45:52,excluded,,,,
domain:wss.im.1sy.top,domain,wss.im.1sy.top,2,2026-08-18 20:45:52,excluded,,,,
domain:ebook.im.1sy.top,domain,ebook.im.1sy.top,2,2026-08-18 20:45:52,excluded,,,,
domain:reader.im.1sy.top,domain,reader.im.1sy.top,2,2026-08-18 20:45:52,excluded,,,,
domain:grpc.im.1sy.top,domain,grpc.im.1sy.top,2,2026-08-18 20:45:52,excluded,,,,
domain:live.im.1sy.top,domain,live.im.1sy.top,2,2026-08-18 20:45:52,excluded,,,,
domain:data.im.1sy.top,domain,data.im.1sy.top,2,2026-08-18 20:45:52,excluded,,,,
domain:app.im.1sy.top,domain,app.im.1sy.top,2,2026-08-18 20:45:52,excluded,,,,
domain:portal.im.1sy.top,domain,portal.im.1sy.top,2,2026-08-18 20:45:52,excluded,,,,
domain:miniapp.im.1sy.top,domain,miniapp.im.1sy.top,2,2026-08-18 20:45:52,excluded,,,,
domain:ns3.im.1sy.top,domain,ns3.im.1sy.top,2,2026-08-18 20:45:52,excluded,,,,
domain:uploads.im.1sy.top,domain,uploads.im.1sy.top,2,2026-08-18 20:45:52,excluded,,,,
domain:mailchimp.im.1sy.top,domain,mailchimp.im.1sy.top,2,2026-08-18 20:45:52,excluded,,,,
domain:mall.im.1sy.top,domain,mall.im.1sy.top,2,2026-08-18 20:45:52,excluded,,,,
domain:test2.im.1sy.top,domain,test2.im.1sy.top,2,2026-08-18 20:45:52,excluded,,,,
domain:products.im.1sy.top,domain,products.im.1sy.top,2,2026-08-18 20:45:52,excluded,,,,
domain:library.im.1sy.top,domain,library.im.1sy.top,2,2026-08-18 20:45:52,excluded,,,,
domain:pay.im.1sy.top,domain,pay.im.1sy.top,2,2026-08-18 20:45:52,excluded,,,,
domain:db.im.1sy.top,domain,db.im.1sy.top,2,2026-08-18 20:45:52,excluded,,,,
domain:es.im.1sy.top,domain,es.im.1sy.top,2,2026-08-18 20:45:52,excluded,,,,
domain:alipay.im.1sy.top,domain,alipay.im.1sy.top,2,2026-08-18 20:45:52,excluded,,,,
domain:faq.im.1sy.top,domain,faq.im.1sy.top,2,2026-08-18 20:45:52,excluded,,,,
domain:public.im.1sy.top,domain,public.im.1sy.top,2,2026-08-18 20:45:52,excluded,,,,
domain:hr.im.1sy.top,domain,hr.im.1sy.top,2,2026-08-18 20:45:52,excluded,,,,
domain:pop.im.1sy.top,domain,pop.im.1sy.top,2,2026-08-18 20:45:52,excluded,,,,
domain:job.im.1sy.top,domain,job.im.1sy.top,2,2026-08-18 20:45:52,excluded,,,,
domain:mail2.im.1sy.top,domain,mail2.im.1sy.top,2,2026-08-18 20:45:52,excluded,,,,
domain:preview.im.1sy.top,domain,preview.im.1sy.top,2,2026-08-18 20:45:52,excluded,,,,
domain:tracking.im.1sy.top,domain,tracking.im.1sy.top,2,2026-08-18 20:45:52,excluded,,,,
domain:logs.im.1sy.top,domain,logs.im.1sy.top,2,2026-08-18 20:45:52,excluded,,,,
domain:oa.im.1sy.top,domain,oa.im.1sy.top,2,2026-08-18 20:45:52,excluded,,,,
domain:push.im.1sy.top,domain,push.im.1sy.top,2,2026-08-18 20:45:52,excluded,,,,
domain:wap.im.1sy.top,domain,wap.im.1sy.top,2,2026-08-18 20:45:52,excluded,,,,
domain:svn.im.1sy.top,domain,svn.im.1sy.top,2,2026-08-18 20:45:52,excluded,,,,
domain:sale.im.1sy.top,domain,sale.im.1sy.top,2,2026-08-18 20:45:52,excluded,,,,
domain:comic.im.1sy.top,domain,comic.im.1sy.top,2,2026-08-18 20:45:52,excluded,,,,
domain:mail1.im.1sy.top,domain,mail1.im.1sy.top,2,2026-08-18 20:45:52,excluded,,,,
domain:testing.im.1sy.top,domain,testing.im.1sy.top,2,2026-08-18 20:45:52,excluded,,,,
domain:book.im.1sy.top,domain,book.im.1sy.top,2,2026-08-18 20:45:52,excluded,,,,
domain:file.im.1sy.top,domain,file.im.1sy.top,2,2026-08-18 20:45:52,excluded,,,,
domain:ssh.im.1sy.top,domain,ssh.im.1sy.top,2,2026-08-18 20:45:52,excluded,,,,
domain:help.im.1sy.top,domain,help.im.1sy.top,2,2026-08-18 20:45:52,excluded,,,,
domain:tv.im.1sy.top,domain,tv.im.1sy.top,2,2026-08-18 20:45:52,excluded,,,,
domain:log.im.1sy.top,domain,log.im.1sy.top,2,2026-08-18 20:45:52,excluded,,,,
domain:login.im.1sy.top,domain,login.im.1sy.top,2,2026-08-18 20:45:52,excluded,,,,
domain:m2.im.1sy.top,domain,m2.im.1sy.top,2,2026-08-18 20:45:52,excluded,,,,
domain:documents.im.1sy.top,domain,documents.im.1sy.top,2,2026-08-18 20:45:52,excluded,,,,
domain:database.im.1sy.top,domain,database.im.1sy.top,2,2026-08-18 20:45:52,excluded,,,,
domain:pay2.im.1sy.top,domain,pay2.im.1sy.top,2,2026-08-18 20:45:52,excluded,,,,
domain:sms.im.1sy.top,domain,sms.im.1sy.top,2,2026-08-18 20:45:52,excluded,,,,
domain:mysql.im.1sy.top,domain,mysql.im.1sy.top,2,2026-08-18 20:45:52,excluded,,,,
domain:api-prod.im.1sy.top,domain,api-prod.im.1sy.top,2,2026-08-18 20:45:52,excluded,,,,
domain:remote.im.1sy.top,domain,remote.im.1sy.top,2,2026-08-18 20:45:52,excluded,,,,
domain:backup.im.1sy.top,domain,backup.im.1sy.top,2,2026-08-18 20:45:52,excluded,,,,
domain:product.im.1sy.top,domain,product.im.1sy.top,2,2026-08-18 20:45:52,excluded,,,,
domain:openapi.im.1sy.top,domain,openapi.im.1sy.top,2,2026-08-18 20:45:52,excluded,,,,
domain:android.im.1sy.top,domain,android.im.1sy.top,2,2026-08-18 20:45:52,excluded,,,,
domain:dns.im.1sy.top,domain,dns.im.1sy.top,2,2026-08-18 20:45:52,excluded,,,,
domain:webapp.im.1sy.top,domain,webapp.im.1sy.top,2,2026-08-18 20:45:52,excluded,,,,
domain:manage.im.1sy.top,domain,manage.im.1sy.top,2,2026-08-18 20:45:52,excluded,,,,
domain:payment.im.1sy.top,domain,payment.im.1sy.top,2,2026-08-18 20:45:52,excluded,,,,
domain:gw.im.1sy.top,domain,gw.im.1sy.top,2,2026-08-18 20:45:52,excluded,,,,
domain:books.im.1sy.top,domain,books.im.1sy.top,2,2026-08-18 20:45:52,excluded,,,,
domain:apps.im.1sy.top,domain,apps.im.1sy.top,2,2026-08-18 20:45:52,excluded,,,,
domain:open.im.1sy.top,domain,open.im.1sy.top,2,2026-08-18 20:45:52,excluded,,,,
domain:report.im.1sy.top,domain,report.im.1sy.top,2,2026-08-18 20:45:52,excluded,,,,
domain:order.im.1sy.top,domain,order.im.1sy.top,2,2026-08-18 20:45:52,excluded,,,,
domain:web.im.1sy.top,domain,web.im.1sy.top,2,2026-08-18 20:45:52,excluded,,,,
domain:dev.im.1sy.top,domain,dev.im.1sy.top,2,2026-08-18 20:45:52,excluded,,,,
domain:git.im.1sy.top,domain,git.im.1sy.top,2,2026-08-18 20:45:52,excluded,,,,
domain:store.im.1sy.top,domain,store.im.1sy.top,2,2026-08-18 20:45:52,excluded,,,,
ip:54.238.47.134,ip,54.238.47.134,3,2026-08-18 20:45:54,scanned,,,,
domain:miniapp.wechat.1sy.top,domain,miniapp.wechat.1sy.top,2,2026-08-18 20:45:54,excluded,,,,
domain:cas.wechat.1sy.top,domain,cas.wechat.1sy.top,2,2026-08-18 20:45:54,excluded,,,,
domain:mx1.wechat.1sy.top,domain,mx1.wechat.1sy.top,2,2026-08-18 20:45:54,excluded,,,,
domain:static3.wechat.1sy.top,domain,static3.wechat.1sy.top,2,2026-08-18 20:45:54,excluded,,,,
domain:faq.wechat.1sy.top,domain,faq.wechat.1sy.top,2,2026-08-18 20:45:54,excluded,,,,
domain:sso2.wechat.1sy.top,domain,sso2.wechat.1sy.top,2,2026-08-18 20:45:54,excluded,,,,
domain:mx.wechat.1sy.top,domain,mx.wechat.1sy.top,2,2026-08-18 20:45:54,excluded,,,,
domain:build.wechat.1sy.top,domain,build.wechat.1sy.top,2,2026-08-18 20:45:54,excluded,,,,
domain:db.wechat.1sy.top,domain,db.wechat.1sy.top,2,2026-08-18 20:45:54,excluded,,,,
domain:kibana.wechat.1sy.top,domain,kibana.wechat.1sy.top,2,2026-08-18 20:45:54,excluded,,,,
domain:testing.wechat.1sy.top,domain,testing.wechat.1sy.top,2,2026-08-18 20:45:54,excluded,,,,
domain:file.wechat.1sy.top,domain,file.wechat.1sy.top,2,2026-08-18 20:45:54,excluded,,,,
domain:mail1.wechat.1sy.top,domain,mail1.wechat.1sy.top,2,2026-08-18 20:45:54,excluded,,,,
domain:k8s.wechat.1sy.top,domain,k8s.wechat.1sy.top,2,2026-08-18 20:45:54,excluded,,,,
domain:token.wechat.1sy.top,domain,token.wechat.1sy.top,2,2026-08-18 20:45:54,excluded,,,,
domain:graphql.wechat.1sy.top,domain,graphql.wechat.1sy.top,2,2026-08-18 20:45:54,excluded,,,,
domain:logs.wechat.1sy.top,domain,logs.wechat.1sy.top,2,2026-08-18 20:45:54,excluded,,,,
domain:www.wechat.1sy.top,domain,www.wechat.1sy.top,2,2026-08-18 20:45:54,excluded,,,,
domain:crm.wechat.1sy.top,domain,crm.wechat.1sy.top,2,2026-08-18 20:45:54,excluded,,,,
domain:tmp.wechat.1sy.top,domain,tmp.wechat.1sy.top,2,2026-08-18 20:45:54,excluded,,,,
domain:saml.wechat.1sy.top,domain,saml.wechat.1sy.top,2,2026-08-18 20:45:54,excluded,,,,
domain:buy.wechat.1sy.top,domain,buy.wechat.1sy.top,2,2026-08-18 20:45:54,excluded,,,,
domain:files.wechat.1sy.top,domain,files.wechat.1sy.top,2,2026-08-18 20:45:54,excluded,,,,
domain:bucket.wechat.1sy.top,domain,bucket.wechat.1sy.top,2,2026-08-18 20:45:54,excluded,,,,
domain:ftp.wechat.1sy.top,domain,ftp.wechat.1sy.top,2,2026-08-18 20:45:54,excluded,,,,
domain:grafana.wechat.1sy.top,domain,grafana.wechat.1sy.top,2,2026-08-18 20:45:54,excluded,,,,
domain:mobile.wechat.1sy.top,domain,mobile.wechat.1sy.top,2,2026-08-18 20:45:54,excluded,,,,
domain:pop.wechat.1sy.top,domain,pop.wechat.1sy.top,2,2026-08-18 20:45:54,excluded,,,,
domain:open.wechat.1sy.top,domain,open.wechat.1sy.top,2,2026-08-18 20:45:54,excluded,,,,
domain:health.wechat.1sy.top,domain,health.wechat.1sy.top,2,2026-08-18 20:45:54,excluded,,,,
domain:tracking.wechat.1sy.top,domain,tracking.wechat.1sy.top,2,2026-08-18 20:45:54,excluded,,,,
domain:gw.wechat.1sy.top,domain,gw.wechat.1sy.top,2,2026-08-18 20:45:54,excluded,,,,
domain:administrator.wechat.1sy.top,domain,administrator.wechat.1sy.top,2,2026-08-18 20:45:54,excluded,,,,
domain:weixin.wechat.1sy.top,domain,weixin.wechat.1sy.top,2,2026-08-18 20:45:54,excluded,,,,
domain:ebook.wechat.1sy.top,domain,ebook.wechat.1sy.top,2,2026-08-18 20:45:54,excluded,,,,
domain:pub.wechat.1sy.top,domain,pub.wechat.1sy.top,2,2026-08-18 20:45:54,excluded,,,,
domain:zabbix.wechat.1sy.top,domain,zabbix.wechat.1sy.top,2,2026-08-18 20:45:54,excluded,,,,
domain:mobi.wechat.1sy.top,domain,mobi.wechat.1sy.top,2,2026-08-18 20:45:54,excluded,,,,
domain:download.wechat.1sy.top,domain,download.wechat.1sy.top,2,2026-08-18 20:45:54,excluded,,,,
domain:dev.wechat.1sy.top,domain,dev.wechat.1sy.top,2,2026-08-18 20:45:54,excluded,,,,
domain:magazine.wechat.1sy.top,domain,magazine.wechat.1sy.top,2,2026-08-18 20:45:54,excluded,,,,
domain:sandbox.wechat.1sy.top,domain,sandbox.wechat.1sy.top,2,2026-08-18 20:45:54,excluded,,,,
domain:uat.wechat.1sy.top,domain,uat.wechat.1sy.top,2,2026-08-18 20:45:54,excluded,,,,
domain:sale.wechat.1sy.top,domain,sale.wechat.1sy.top,2,2026-08-18 20:45:54,excluded,,,,
domain:unionpay.wechat.1sy.top,domain,unionpay.wechat.1sy.top,2,2026-08-18 20:45:54,excluded,,,,
domain:openapi.wechat.1sy.top,domain,openapi.wechat.1sy.top,2,2026-08-18 20:45:54,excluded,,,,
domain:story.wechat.1sy.top,domain,story.wechat.1sy.top,2,2026-08-18 20:45:54,excluded,,,,
domain:monitoring.wechat.1sy.top,domain,monitoring.wechat.1sy.top,2,2026-08-18 20:45:54,excluded,,,,
domain:wechat2.wechat.1sy.top,domain,wechat2.wechat.1sy.top,2,2026-08-18 20:45:54,excluded,,,,
domain:live.wechat.1sy.top,domain,live.wechat.1sy.top,2,2026-08-18 20:45:54,excluded,,,,
domain:manager.wechat.1sy.top,domain,manager.wechat.1sy.top,2,2026-08-18 20:45:54,excluded,,,,
domain:admin.wechat.1sy.top,domain,admin.wechat.1sy.top,2,2026-08-18 20:45:54,excluded,,,,
domain:documentation.wechat.1sy.top,domain,documentation.wechat.1sy.top,2,2026-08-18 20:45:54,excluded,,,,
domain:preprod.wechat.1sy.top,domain,preprod.wechat.1sy.top,2,2026-08-18 20:45:54,excluded,,,,
domain:sess.wechat.1sy.top,domain,sess.wechat.1sy.top,2,2026-08-18 20:45:54,excluded,,,,
domain:about.wechat.1sy.top,domain,about.wechat.1sy.top,2,2026-08-18 20:45:54,excluded,,,,
domain:careers.wechat.1sy.top,domain,careers.wechat.1sy.top,2,2026-08-18 20:45:54,excluded,,,,
domain:sms.wechat.1sy.top,domain,sms.wechat.1sy.top,2,2026-08-18 20:45:54,excluded,,,,
domain:app.wechat.1sy.top,domain,app.wechat.1sy.top,2,2026-08-18 20:45:54,excluded,,,,
domain:websocket.wechat.1sy.top,domain,websocket.wechat.1sy.top,2,2026-08-18 20:45:54,excluded,,,,
domain:pgadmin.wechat.1sy.top,domain,pgadmin.wechat.1sy.top,2,2026-08-18 20:45:54,excluded,,,,
domain:session.wechat.1sy.top,domain,session.wechat.1sy.top,2,2026-08-18 20:45:54,excluded,,,,
domain:git.wechat.1sy.top,domain,git.wechat.1sy.top,2,2026-08-18 20:45:54,excluded,,,,
domain:keycloak.wechat.1sy.top,domain,keycloak.wechat.1sy.top,2,2026-08-18 20:45:54,excluded,,,,
domain:nlb.wechat.1sy.top,domain,nlb.wechat.1sy.top,2,2026-08-18 20:45:54,excluded,,,,
domain:internal.wechat.1sy.top,domain,internal.wechat.1sy.top,2,2026-08-18 20:45:54,excluded,,,,
domain:contact.wechat.1sy.top,domain,contact.wechat.1sy.top,2,2026-08-18 20:45:54,excluded,,,,
domain:ns1.wechat.1sy.top,domain,ns1.wechat.1sy.top,2,2026-08-18 20:45:54,excluded,,,,
domain:shop.wechat.1sy.top,domain,shop.wechat.1sy.top,2,2026-08-18 20:45:54,excluded,,,,
domain:office.wechat.1sy.top,domain,office.wechat.1sy.top,2,2026-08-18 20:45:54,excluded,,,,
domain:image.wechat.1sy.top,domain,image.wechat.1sy.top,2,2026-08-18 20:45:54,excluded,,,,
domain:support.wechat.1sy.top,domain,support.wechat.1sy.top,2,2026-08-18 20:45:54,excluded,,,,
domain:alipay.wechat.1sy.top,domain,alipay.wechat.1sy.top,2,2026-08-18 20:45:54,excluded,,,,
domain:socket.wechat.1sy.top,domain,socket.wechat.1sy.top,2,2026-08-18 20:45:54,excluded,,,,
domain:cart.wechat.1sy.top,domain,cart.wechat.1sy.top,2,2026-08-18 20:45:54,excluded,,,,
domain:intranet.wechat.1sy.top,domain,intranet.wechat.1sy.top,2,2026-08-18 20:45:54,excluded,,,,
domain:img2.wechat.1sy.top,domain,img2.wechat.1sy.top,2,2026-08-18 20:45:54,excluded,,,,
domain:product.wechat.1sy.top,domain,product.wechat.1sy.top,2,2026-08-18 20:45:54,excluded,,,,
domain:img.wechat.1sy.top,domain,img.wechat.1sy.top,2,2026-08-18 20:45:54,excluded,,,,
domain:cd.wechat.1sy.top,domain,cd.wechat.1sy.top,2,2026-08-18 20:45:54,excluded,,,,
domain:api2.wechat.1sy.top,domain,api2.wechat.1sy.top,2,2026-08-18 20:45:54,excluded,,,,
domain:logging.wechat.1sy.top,domain,logging.wechat.1sy.top,2,2026-08-18 20:45:54,excluded,,,,
domain:games.wechat.1sy.top,domain,games.wechat.1sy.top,2,2026-08-18 20:45:54,excluded,,,,
domain:tv.wechat.1sy.top,domain,tv.wechat.1sy.top,2,2026-08-18 20:45:54,excluded,,,,
domain:wap2.wechat.1sy.top,domain,wap2.wechat.1sy.top,2,2026-08-18 20:45:54,excluded,,,,
domain:book.wechat.1sy.top,domain,book.wechat.1sy.top,2,2026-08-18 20:45:54,excluded,,,,
domain:gitlab.wechat.1sy.top,domain,gitlab.wechat.1sy.top,2,2026-08-18 20:45:54,excluded,,,,
domain:demo.wechat.1sy.top,domain,demo.wechat.1sy.top,2,2026-08-18 20:45:54,excluded,,,,
domain:oa.wechat.1sy.top,domain,oa.wechat.1sy.top,2,2026-08-18 20:45:54,excluded,,,,
domain:gray.wechat.1sy.top,domain,gray.wechat.1sy.top,2,2026-08-18 20:45:54,excluded,,,,
domain:dns.wechat.1sy.top,domain,dns.wechat.1sy.top,2,2026-08-18 20:45:54,excluded,,,,
domain:wiki.wechat.1sy.top,domain,wiki.wechat.1sy.top,2,2026-08-18 20:45:54,excluded,,,,
domain:stats.wechat.1sy.top,domain,stats.wechat.1sy.top,2,2026-08-18 20:45:54,excluded,,,,
domain:pre.wechat.1sy.top,domain,pre.wechat.1sy.top,2,2026-08-18 20:45:54,excluded,,,,
domain:paper.wechat.1sy.top,domain,paper.wechat.1sy.top,2,2026-08-18 20:45:54,excluded,,,,
domain:wx.wechat.1sy.top,domain,wx.wechat.1sy.top,2,2026-08-18 20:45:54,excluded,,,,
domain:notification.wechat.1sy.top,domain,notification.wechat.1sy.top,2,2026-08-18 20:45:54,excluded,,,,
domain:remote.wechat.1sy.top,domain,remote.wechat.1sy.top,2,2026-08-18 20:45:54,excluded,,,,
domain:cdn2.wechat.1sy.top,domain,cdn2.wechat.1sy.top,2,2026-08-18 20:45:54,excluded,,,,
domain:cached.wechat.1sy.top,domain,cached.wechat.1sy.top,2,2026-08-18 20:45:54,excluded,,,,
domain:test.wechat.1sy.top,domain,test.wechat.1sy.top,2,2026-08-18 20:45:54,excluded,,,,
domain:metrics.wechat.1sy.top,domain,metrics.wechat.1sy.top,2,2026-08-18 20:45:54,excluded,,,,
domain:wechat.wechat.1sy.top,domain,wechat.wechat.1sy.top,2,2026-08-18 20:45:54,excluded,,,,
domain:ns2.wechat.1sy.top,domain,ns2.wechat.1sy.top,2,2026-08-18 20:45:54,excluded,,,,
domain:mx2.wechat.1sy.top,domain,mx2.wechat.1sy.top,2,2026-08-18 20:45:54,excluded,,,,
domain:wap.wechat.1sy.top,domain,wap.wechat.1sy.top,2,2026-08-18 20:45:54,excluded,,,,
domain:products.wechat.1sy.top,domain,products.wechat.1sy.top,2,2026-08-18 20:45:54,excluded,,,,
domain:kubernetes.wechat.1sy.top,domain,kubernetes.wechat.1sy.top,2,2026-08-18 20:45:54,excluded,,,,
domain:api-internal.wechat.1sy.top,domain,api-internal.wechat.1sy.top,2,2026-08-18 20:45:54,excluded,,,,
domain:ci.wechat.1sy.top,domain,ci.wechat.1sy.top,2,2026-08-18 20:45:54,excluded,,,,
domain:radio.wechat.1sy.top,domain,radio.wechat.1sy.top,2,2026-08-18 20:45:54,excluded,,,,
domain:prometheus.wechat.1sy.top,domain,prometheus.wechat.1sy.top,2,2026-08-18 20:45:54,excluded,,,,
domain:comic.wechat.1sy.top,domain,comic.wechat.1sy.top,2,2026-08-18 20:45:54,excluded,,,,
domain:dev2.wechat.1sy.top,domain,dev2.wechat.1sy.top,2,2026-08-18 20:45:54,excluded,,,,
domain:m2.wechat.1sy.top,domain,m2.wechat.1sy.top,2,2026-08-18 20:45:54,excluded,,,,
domain:prod.wechat.1sy.top,domain,prod.wechat.1sy.top,2,2026-08-18 20:45:54,excluded,,,,
domain:lb.wechat.1sy.top,domain,lb.wechat.1sy.top,2,2026-08-18 20:45:54,excluded,,,,
domain:rest.wechat.1sy.top,domain,rest.wechat.1sy.top,2,2026-08-18 20:45:54,excluded,,,,
domain:github.wechat.1sy.top,domain,github.wechat.1sy.top,2,2026-08-18 20:45:54,excluded,,,,
domain:market.wechat.1sy.top,domain,market.wechat.1sy.top,2,2026-08-18 20:45:54,excluded,,,,
domain:doc.wechat.1sy.top,domain,doc.wechat.1sy.top,2,2026-08-18 20:45:54,excluded,,,,
domain:preview.wechat.1sy.top,domain,preview.wechat.1sy.top,2,2026-08-18 20:45:54,excluded,,,,
domain:music.wechat.1sy.top,domain,music.wechat.1sy.top,2,2026-08-18 20:45:54,excluded,,,,
domain:ios.wechat.1sy.top,domain,ios.wechat.1sy.top,2,2026-08-18 20:45:54,excluded,,,,
domain:ws.wechat.1sy.top,domain,ws.wechat.1sy.top,2,2026-08-18 20:45:54,excluded,,,,
domain:images.wechat.1sy.top,domain,images.wechat.1sy.top,2,2026-08-18 20:45:54,excluded,,,,
domain:job.wechat.1sy.top,domain,job.wechat.1sy.top,2,2026-08-18 20:45:54,excluded,,,,
domain:login.wechat.1sy.top,domain,login.wechat.1sy.top,2,2026-08-18 20:45:54,excluded,,,,
domain:portal.wechat.1sy.top,domain,portal.wechat.1sy.top,2,2026-08-18 20:45:54,excluded,,,,
domain:mysqladmin.wechat.1sy.top,domain,mysqladmin.wechat.1sy.top,2,2026-08-18 20:45:54,excluded,,,,
domain:log.wechat.1sy.top,domain,log.wechat.1sy.top,2,2026-08-18 20:45:54,excluded,,,,
domain:order.wechat.1sy.top,domain,order.wechat.1sy.top,2,2026-08-18 20:45:54,excluded,,,,
domain:imap.wechat.1sy.top,domain,imap.wechat.1sy.top,2,2026-08-18 20:45:54,excluded,,,,
domain:newsletter.wechat.1sy.top,domain,newsletter.wechat.1sy.top,2,2026-08-18 20:45:54,excluded,,,,
domain:forum.wechat.1sy.top,domain,forum.wechat.1sy.top,2,2026-08-18 20:45:54,excluded,,,,
domain:bak.wechat.1sy.top,domain,bak.wechat.1sy.top,2,2026-08-18 20:45:54,excluded,,,,
domain:pay2.wechat.1sy.top,domain,pay2.wechat.1sy.top,2,2026-08-18 20:45:54,excluded,,,,
domain:phpmyadmin.wechat.1sy.top,domain,phpmyadmin.wechat.1sy.top,2,2026-08-18 20:45:54,excluded,,,,
domain:analytics.wechat.1sy.top,domain,analytics.wechat.1sy.top,2,2026-08-18 20:45:54,excluded,,,,
domain:sftp.wechat.1sy.top,domain,sftp.wechat.1sy.top,2,2026-08-18 20:45:54,excluded,,,,
domain:mall.wechat.1sy.top,domain,mall.wechat.1sy.top,2,2026-08-18 20:45:54,excluded,,,,
domain:docker.wechat.1sy.top,domain,docker.wechat.1sy.top,2,2026-08-18 20:45:54,excluded,,,,
domain:uploads.wechat.1sy.top,domain,uploads.wechat.1sy.top,2,2026-08-18 20:45:54,excluded,,,,
domain:qa.wechat.1sy.top,domain,qa.wechat.1sy.top,2,2026-08-18 20:45:54,excluded,,,,
domain:export.wechat.1sy.top,domain,export.wechat.1sy.top,2,2026-08-18 20:45:54,excluded,,,,
domain:push.wechat.1sy.top,domain,push.wechat.1sy.top,2,2026-08-18 20:45:54,excluded,,,,
domain:checkout.wechat.1sy.top,domain,checkout.wechat.1sy.top,2,2026-08-18 20:45:54,excluded,,,,
domain:public.wechat.1sy.top,domain,public.wechat.1sy.top,2,2026-08-18 20:45:54,excluded,,,,
domain:beta.wechat.1sy.top,domain,beta.wechat.1sy.top,2,2026-08-18 20:45:54,excluded,,,,
domain:home.wechat.1sy.top,domain,home.wechat.1sy.top,2,2026-08-18 20:45:54,excluded,,,,
domain:ldap.wechat.1sy.top,domain,ldap.wechat.1sy.top,2,2026-08-18 20:45:54,excluded,,,,
domain:ns3.wechat.1sy.top,domain,ns3.wechat.1sy.top,2,2026-08-18 20:45:54,excluded,,,,
domain:static.wechat.1sy.top,domain,static.wechat.1sy.top,2,2026-08-18 20:45:54,excluded,,,,
domain:store.wechat.1sy.top,domain,store.wechat.1sy.top,2,2026-08-18 20:45:54,excluded,,,,
domain:mail2.wechat.1sy.top,domain,mail2.wechat.1sy.top,2,2026-08-18 20:45:54,excluded,,,,
domain:recruit.wechat.1sy.top,domain,recruit.wechat.1sy.top,2,2026-08-18 20:45:54,excluded,,,,
domain:security.wechat.1sy.top,domain,security.wechat.1sy.top,2,2026-08-18 20:45:54,excluded,,,,
domain:documents.wechat.1sy.top,domain,documents.wechat.1sy.top,2,2026-08-18 20:45:54,excluded,,,,
domain:webapp.wechat.1sy.top,domain,webapp.wechat.1sy.top,2,2026-08-18 20:45:54,excluded,,,,
domain:pay.wechat.1sy.top,domain,pay.wechat.1sy.top,2,2026-08-18 20:45:54,excluded,,,,
domain:vpn.wechat.1sy.top,domain,vpn.wechat.1sy.top,2,2026-08-18 20:45:54,excluded,,,,
domain:article.wechat.1sy.top,domain,article.wechat.1sy.top,2,2026-08-18 20:45:54,excluded,,,,
domain:manage.wechat.1sy.top,domain,manage.wechat.1sy.top,2,2026-08-18 20:45:54,excluded,,,,
domain:erp.wechat.1sy.top,domain,erp.wechat.1sy.top,2,2026-08-18 20:45:54,excluded,,,,
domain:main.wechat.1sy.top,domain,main.wechat.1sy.top,2,2026-08-18 20:45:54,excluded,,,,
domain:auth2.wechat.1sy.top,domain,auth2.wechat.1sy.top,2,2026-08-18 20:45:54,excluded,,,,
domain:monitor.wechat.1sy.top,domain,monitor.wechat.1sy.top,2,2026-08-18 20:45:54,excluded,,,,
domain:canary.wechat.1sy.top,domain,canary.wechat.1sy.top,2,2026-08-18 20:45:54,excluded,,,,
domain:temp.wechat.1sy.top,domain,temp.wechat.1sy.top,2,2026-08-18 20:45:54,excluded,,,,
domain:elk.wechat.1sy.top,domain,elk.wechat.1sy.top,2,2026-08-18 20:45:54,excluded,,,,
domain:api.wechat.1sy.top,domain,api.wechat.1sy.top,2,2026-08-18 20:45:54,excluded,,,,
domain:media.wechat.1sy.top,domain,media.wechat.1sy.top,2,2026-08-18 20:45:54,excluded,,,,
domain:help.wechat.1sy.top,domain,help.wechat.1sy.top,2,2026-08-18 20:45:54,excluded,,,,
domain:test2.wechat.1sy.top,domain,test2.wechat.1sy.top,2,2026-08-18 20:45:54,excluded,,,,
domain:backup.wechat.1sy.top,domain,backup.wechat.1sy.top,2,2026-08-18 20:45:54,excluded,,,,
domain:api-dev.wechat.1sy.top,domain,api-dev.wechat.1sy.top,2,2026-08-18 20:45:54,excluded,,,,
domain:api-gateway.wechat.1sy.top,domain,api-gateway.wechat.1sy.top,2,2026-08-18 20:45:54,excluded,,,,
domain:upload.wechat.1sy.top,domain,upload.wechat.1sy.top,2,2026-08-18 20:45:54,excluded,,,,
domain:api-gw.wechat.1sy.top,domain,api-gw.wechat.1sy.top,2,2026-08-18 20:45:54,excluded,,,,
domain:report.wechat.1sy.top,domain,report.wechat.1sy.top,2,2026-08-18 20:45:54,excluded,,,,
domain:gateway.wechat.1sy.top,domain,gateway.wechat.1sy.top,2,2026-08-18 20:45:54,excluded,,,,
domain:data.wechat.1sy.top,domain,data.wechat.1sy.top,2,2026-08-18 20:45:54,excluded,,,,
domain:database.wechat.1sy.top,domain,database.wechat.1sy.top,2,2026-08-18 20:45:54,excluded,,,,
domain:game.wechat.1sy.top,domain,game.wechat.1sy.top,2,2026-08-18 20:45:54,excluded,,,,
domain:sso.wechat.1sy.top,domain,sso.wechat.1sy.top,2,2026-08-18 20:45:54,excluded,,,,
domain:mysql.wechat.1sy.top,domain,mysql.wechat.1sy.top,2,2026-08-18 20:45:54,excluded,,,,
domain:android.wechat.1sy.top,domain,android.wechat.1sy.top,2,2026-08-18 20:45:54,excluded,,,,
domain:bbs.wechat.1sy.top,domain,bbs.wechat.1sy.top,2,2026-08-18 20:45:54,excluded,,,,
domain:phpadmin.wechat.1sy.top,domain,phpadmin.wechat.1sy.top,2,2026-08-18 20:45:54,excluded,,,,
domain:news.wechat.1sy.top,domain,news.wechat.1sy.top,2,2026-08-18 20:45:54,excluded,,,,
domain:chat.wechat.1sy.top,domain,chat.wechat.1sy.top,2,2026-08-18 20:45:54,excluded,,,,
domain:staging2.wechat.1sy.top,domain,staging2.wechat.1sy.top,2,2026-08-18 20:45:54,excluded,,,,
domain:mailchimp.wechat.1sy.top,domain,mailchimp.wechat.1sy.top,2,2026-08-18 20:45:54,excluded,,,,
domain:oauth.wechat.1sy.top,domain,oauth.wechat.1sy.top,2,2026-08-18 20:45:54,excluded,,,,
domain:cos.wechat.1sy.top,domain,cos.wechat.1sy.top,2,2026-08-18 20:45:54,excluded,,,,
domain:img3.wechat.1sy.top,domain,img3.wechat.1sy.top,2,2026-08-18 20:45:54,excluded,,,,
domain:development.wechat.1sy.top,domain,development.wechat.1sy.top,2,2026-08-18 20:45:54,excluded,,,,
domain:console.wechat.1sy.top,domain,console.wechat.1sy.top,2,2026-08-18 20:45:54,excluded,,,,
domain:radius.wechat.1sy.top,domain,radius.wechat.1sy.top,2,2026-08-18 20:45:54,excluded,,,,
domain:grpc.wechat.1sy.top,domain,grpc.wechat.1sy.top,2,2026-08-18 20:45:54,excluded,,,,
domain:smtp.wechat.1sy.top,domain,smtp.wechat.1sy.top,2,2026-08-18 20:45:54,excluded,,,,
domain:staging.wechat.1sy.top,domain,staging.wechat.1sy.top,2,2026-08-18 20:45:54,excluded,,,,
domain:cdn3.wechat.1sy.top,domain,cdn3.wechat.1sy.top,2,2026-08-18 20:45:54,excluded,,,,
domain:jobs.wechat.1sy.top,domain,jobs.wechat.1sy.top,2,2026-08-18 20:45:54,excluded,,,,
domain:cms.wechat.1sy.top,domain,cms.wechat.1sy.top,2,2026-08-18 20:45:54,excluded,,,,
domain:jenkins.wechat.1sy.top,domain,jenkins.wechat.1sy.top,2,2026-08-18 20:45:54,excluded,,,,
domain:production.wechat.1sy.top,domain,production.wechat.1sy.top,2,2026-08-18 20:45:54,excluded,,,,
domain:webmail.wechat.1sy.top,domain,webmail.wechat.1sy.top,2,2026-08-18 20:45:54,excluded,,,,
domain:oss.wechat.1sy.top,domain,oss.wechat.1sy.top,2,2026-08-18 20:45:54,excluded,,,,
domain:payment.wechat.1sy.top,domain,payment.wechat.1sy.top,2,2026-08-18 20:45:54,excluded,,,,
domain:storage.wechat.1sy.top,domain,storage.wechat.1sy.top,2,2026-08-18 20:45:54,excluded,,,,
domain:api-staging.wechat.1sy.top,domain,api-staging.wechat.1sy.top,2,2026-08-18 20:45:54,excluded,,,,
domain:video.wechat.1sy.top,domain,video.wechat.1sy.top,2,2026-08-18 20:45:54,excluded,,,,
domain:proxy.wechat.1sy.top,domain,proxy.wechat.1sy.top,2,2026-08-18 20:45:54,excluded,,,,
domain:stage.wechat.1sy.top,domain,stage.wechat.1sy.top,2,2026-08-18 20:45:54,excluded,,,,
domain:reports.wechat.1sy.top,domain,reports.wechat.1sy.top,2,2026-08-18 20:45:54,excluded,,,,
domain:auth.wechat.1sy.top,domain,auth.wechat.1sy.top,2,2026-08-18 20:45:54,excluded,,,,
domain:books.wechat.1sy.top,domain,books.wechat.1sy.top,2,2026-08-18 20:45:54,excluded,,,,
domain:sites.wechat.1sy.top,domain,sites.wechat.1sy.top,2,2026-08-18 20:45:54,excluded,,,,
domain:apis.wechat.1sy.top,domain,apis.wechat.1sy.top,2,2026-08-18 20:45:54,excluded,,,,
domain:m.wechat.1sy.top,domain,m.wechat.1sy.top,2,2026-08-18 20:45:54,excluded,,,,
domain:wss.wechat.1sy.top,domain,wss.wechat.1sy.top,2,2026-08-18 20:45:54,excluded,,,,
domain:service.wechat.1sy.top,domain,service.wechat.1sy.top,2,2026-08-18 20:45:54,excluded,,,,
domain:elastic.wechat.1sy.top,domain,elastic.wechat.1sy.top,2,2026-08-18 20:45:54,excluded,,,,
domain:hr.wechat.1sy.top,domain,hr.wechat.1sy.top,2,2026-08-18 20:45:54,excluded,,,,
domain:web.wechat.1sy.top,domain,web.wechat.1sy.top,2,2026-08-18 20:45:54,excluded,,,,
domain:webview.wechat.1sy.top,domain,webview.wechat.1sy.top,2,2026-08-18 20:45:54,excluded,,,,
domain:hrm.wechat.1sy.top,domain,hrm.wechat.1sy.top,2,2026-08-18 20:45:54,excluded,,,,
domain:pop3.wechat.1sy.top,domain,pop3.wechat.1sy.top,2,2026-08-18 20:45:54,excluded,,,,
domain:index.wechat.1sy.top,domain,index.wechat.1sy.top,2,2026-08-18 20:45:54,excluded,,,,
domain:read.wechat.1sy.top,domain,read.wechat.1sy.top,2,2026-08-18 20:45:54,excluded,,,,
domain:notify.wechat.1sy.top,domain,notify.wechat.1sy.top,2,2026-08-18 20:45:54,excluded,,,,
domain:api-test.wechat.1sy.top,domain,api-test.wechat.1sy.top,2,2026-08-18 20:45:54,excluded,,,,
domain:redis.wechat.1sy.top,domain,redis.wechat.1sy.top,2,2026-08-18 20:45:54,excluded,,,,
domain:es.wechat.1sy.top,domain,es.wechat.1sy.top,2,2026-08-18 20:45:54,excluded,,,,
domain:svn.wechat.1sy.top,domain,svn.wechat.1sy.top,2,2026-08-18 20:45:54,excluded,,,,
domain:sse.wechat.1sy.top,domain,sse.wechat.1sy.top,2,2026-08-18 20:45:54,excluded,,,,
domain:novel.wechat.1sy.top,domain,novel.wechat.1sy.top,2,2026-08-18 20:45:54,excluded,,,,
domain:static2.wechat.1sy.top,domain,static2.wechat.1sy.top,2,2026-08-18 20:45:54,excluded,,,,
domain:mail.wechat.1sy.top,domain,mail.wechat.1sy.top,2,2026-08-18 20:45:54,excluded,,,,
domain:library.wechat.1sy.top,domain,library.wechat.1sy.top,2,2026-08-18 20:45:54,excluded,,,,
domain:services.wechat.1sy.top,domain,services.wechat.1sy.top,2,2026-08-18 20:45:54,excluded,,,,
domain:h5.wechat.1sy.top,domain,h5.wechat.1sy.top,2,2026-08-18 20:45:54,excluded,,,,
domain:cache.wechat.1sy.top,domain,cache.wechat.1sy.top,2,2026-08-18 20:45:54,excluded,,,,
domain:reader.wechat.1sy.top,domain,reader.wechat.1sy.top,2,2026-08-18 20:45:54,excluded,,,,
domain:site.wechat.1sy.top,domain,site.wechat.1sy.top,2,2026-08-18 20:45:54,excluded,,,,
domain:career.wechat.1sy.top,domain,career.wechat.1sy.top,2,2026-08-18 20:45:54,excluded,,,,
domain:message.wechat.1sy.top,domain,message.wechat.1sy.top,2,2026-08-18 20:45:54,excluded,,,,
domain:cdn.wechat.1sy.top,domain,cdn.wechat.1sy.top,2,2026-08-18 20:45:54,excluded,,,,
domain:community.wechat.1sy.top,domain,community.wechat.1sy.top,2,2026-08-18 20:45:54,excluded,,,,
domain:homepage.wechat.1sy.top,domain,homepage.wechat.1sy.top,2,2026-08-18 20:45:54,excluded,,,,
domain:api-prod.wechat.1sy.top,domain,api-prod.wechat.1sy.top,2,2026-08-18 20:45:54,excluded,,,,
domain:mini.wechat.1sy.top,domain,mini.wechat.1sy.top,2,2026-08-18 20:45:54,excluded,,,,
domain:im.wechat.1sy.top,domain,im.wechat.1sy.top,2,2026-08-18 20:45:54,excluded,,,,
domain:status.wechat.1sy.top,domain,status.wechat.1sy.top,2,2026-08-18 20:45:54,excluded,,,,
domain:blog.wechat.1sy.top,domain,blog.wechat.1sy.top,2,2026-08-18 20:45:54,excluded,,,,
domain:assets.wechat.1sy.top,domain,assets.wechat.1sy.top,2,2026-08-18 20:45:54,excluded,,,,
domain:docs.wechat.1sy.top,domain,docs.wechat.1sy.top,2,2026-08-18 20:45:54,excluded,,,,
domain:apps.wechat.1sy.top,domain,apps.wechat.1sy.top,2,2026-08-18 20:45:54,excluded,,,,
domain:order2.wechat.1sy.top,domain,order2.wechat.1sy.top,2,2026-08-18 20:45:54,excluded,,,,
domain:registry.wechat.1sy.top,domain,registry.wechat.1sy.top,2,2026-08-18 20:45:54,excluded,,,,
ip:18.181.195.252,ip,18.181.195.252,3,2026-08-18 20:45:55,scanned,,,,
url:http://www.1sy.top/,url,http://www.1sy.top/,2,2026-08-18 20:45:55,scanned,301 Moved Permanently,,,nginx
url:https://www.1sy.top/,url,https://www.1sy.top/,2,2026-08-18 20:45:55,scanned,无标题,,,nginx
url:http://im.1sy.top/,url,http://im.1sy.top/,2,2026-08-18 20:45:56,eliminated,,,,
url:https://im.1sy.top/,url,https://im.1sy.top/,2,2026-08-18 20:45:56,eliminated,,,,
url:http://wechat.1sy.top/,url,http://wechat.1sy.top/,2,2026-08-18 20:45:56,eliminated,,,,
url:https://wechat.1sy.top/,url,https://wechat.1sy.top/,2,2026-08-18 20:45:56,eliminated,,,,
domain:apis.api-gateway.1sy.top,domain,apis.api-gateway.1sy.top,2,2026-08-18 20:45:54,excluded,,,,
domain:status.api-gateway.1sy.top,domain,status.api-gateway.1sy.top,2,2026-08-18 20:45:54,excluded,,,,
domain:service.api-gateway.1sy.top,domain,service.api-gateway.1sy.top,2,2026-08-18 20:45:54,excluded,,,,
domain:report.api-gateway.1sy.top,domain,report.api-gateway.1sy.top,2,2026-08-18 20:45:54,excluded,,,,
domain:notification.api-gateway.1sy.top,domain,notification.api-gateway.1sy.top,2,2026-08-18 20:45:54,excluded,,,,
domain:redis.api-gateway.1sy.top,domain,redis.api-gateway.1sy.top,2,2026-08-18 20:45:54,excluded,,,,
domain:m.api-gateway.1sy.top,domain,m.api-gateway.1sy.top,2,2026-08-18 20:45:54,excluded,,,,
domain:git.api-gateway.1sy.top,domain,git.api-gateway.1sy.top,2,2026-08-18 20:45:54,excluded,,,,
domain:api.api-gateway.1sy.top,domain,api.api-gateway.1sy.top,2,2026-08-18 20:45:54,excluded,,,,
domain:order.api-gateway.1sy.top,domain,order.api-gateway.1sy.top,2,2026-08-18 20:45:54,excluded,,,,
domain:build.api-gateway.1sy.top,domain,build.api-gateway.1sy.top,2,2026-08-18 20:45:54,excluded,,,,
domain:apps.api-gateway.1sy.top,domain,apps.api-gateway.1sy.top,2,2026-08-18 20:45:54,excluded,,,,
domain:wss.api-gateway.1sy.top,domain,wss.api-gateway.1sy.top,2,2026-08-18 20:45:54,excluded,,,,
domain:notify.api-gateway.1sy.top,domain,notify.api-gateway.1sy.top,2,2026-08-18 20:45:54,excluded,,,,
domain:api-internal.api-gateway.1sy.top,domain,api-internal.api-gateway.1sy.top,2,2026-08-18 20:45:54,excluded,,,,
domain:kibana.api-gateway.1sy.top,domain,kibana.api-gateway.1sy.top,2,2026-08-18 20:45:54,excluded,,,,
domain:cdn2.api-gateway.1sy.top,domain,cdn2.api-gateway.1sy.top,2,2026-08-18 20:45:54,excluded,,,,
domain:administrator.api-gateway.1sy.top,domain,administrator.api-gateway.1sy.top,2,2026-08-18 20:45:54,excluded,,,,
domain:music.api-gateway.1sy.top,domain,music.api-gateway.1sy.top,2,2026-08-18 20:45:54,excluded,,,,
domain:cms.api-gateway.1sy.top,domain,cms.api-gateway.1sy.top,2,2026-08-18 20:45:54,excluded,,,,
domain:mail2.api-gateway.1sy.top,domain,mail2.api-gateway.1sy.top,2,2026-08-18 20:45:54,excluded,,,,
domain:saml.api-gateway.1sy.top,domain,saml.api-gateway.1sy.top,2,2026-08-18 20:45:54,excluded,,,,
domain:ws.api-gateway.1sy.top,domain,ws.api-gateway.1sy.top,2,2026-08-18 20:45:54,excluded,,,,
domain:h5.api-gateway.1sy.top,domain,h5.api-gateway.1sy.top,2,2026-08-18 20:45:54,excluded,,,,
domain:console.api-gateway.1sy.top,domain,console.api-gateway.1sy.top,2,2026-08-18 20:45:54,excluded,,,,
domain:erp.api-gateway.1sy.top,domain,erp.api-gateway.1sy.top,2,2026-08-18 20:45:54,excluded,,,,
domain:novel.api-gateway.1sy.top,domain,novel.api-gateway.1sy.top,2,2026-08-18 20:45:54,excluded,,,,
domain:testing.api-gateway.1sy.top,domain,testing.api-gateway.1sy.top,2,2026-08-18 20:45:54,excluded,,,,
domain:auth.api-gateway.1sy.top,domain,auth.api-gateway.1sy.top,2,2026-08-18 20:45:54,excluded,,,,
domain:pay.api-gateway.1sy.top,domain,pay.api-gateway.1sy.top,2,2026-08-18 20:45:54,excluded,,,,
domain:web.api-gateway.1sy.top,domain,web.api-gateway.1sy.top,2,2026-08-18 20:45:54,excluded,,,,
domain:contact.api-gateway.1sy.top,domain,contact.api-gateway.1sy.top,2,2026-08-18 20:45:54,excluded,,,,
domain:kubernetes.api-gateway.1sy.top,domain,kubernetes.api-gateway.1sy.top,2,2026-08-18 20:45:54,excluded,,,,
domain:unionpay.api-gateway.1sy.top,domain,unionpay.api-gateway.1sy.top,2,2026-08-18 20:45:54,excluded,,,,
domain:jenkins.api-gateway.1sy.top,domain,jenkins.api-gateway.1sy.top,2,2026-08-18 20:45:54,excluded,,,,
domain:grpc.api-gateway.1sy.top,domain,grpc.api-gateway.1sy.top,2,2026-08-18 20:45:54,excluded,,,,
domain:bak.api-gateway.1sy.top,domain,bak.api-gateway.1sy.top,2,2026-08-18 20:45:54,excluded,,,,
domain:mini.api-gateway.1sy.top,domain,mini.api-gateway.1sy.top,2,2026-08-18 20:45:54,excluded,,,,
domain:api-staging.api-gateway.1sy.top,domain,api-staging.api-gateway.1sy.top,2,2026-08-18 20:45:54,excluded,,,,
domain:wap.api-gateway.1sy.top,domain,wap.api-gateway.1sy.top,2,2026-08-18 20:45:54,excluded,,,,
domain:manager.api-gateway.1sy.top,domain,manager.api-gateway.1sy.top,2,2026-08-18 20:45:54,excluded,,,,
domain:games.api-gateway.1sy.top,domain,games.api-gateway.1sy.top,2,2026-08-18 20:45:54,excluded,,,,
domain:wiki.api-gateway.1sy.top,domain,wiki.api-gateway.1sy.top,2,2026-08-18 20:45:54,excluded,,,,
domain:mail.api-gateway.1sy.top,domain,mail.api-gateway.1sy.top,2,2026-08-18 20:45:54,excluded,,,,
domain:ns1.api-gateway.1sy.top,domain,ns1.api-gateway.1sy.top,2,2026-08-18 20:45:54,excluded,,,,
domain:static3.api-gateway.1sy.top,domain,static3.api-gateway.1sy.top,2,2026-08-18 20:45:54,excluded,,,,
domain:im.api-gateway.1sy.top,domain,im.api-gateway.1sy.top,2,2026-08-18 20:45:54,excluded,,,,
domain:alipay.api-gateway.1sy.top,domain,alipay.api-gateway.1sy.top,2,2026-08-18 20:45:54,excluded,,,,
domain:production.api-gateway.1sy.top,domain,production.api-gateway.1sy.top,2,2026-08-18 20:45:54,excluded,,,,
domain:hrm.api-gateway.1sy.top,domain,hrm.api-gateway.1sy.top,2,2026-08-18 20:45:54,excluded,,,,
domain:grafana.api-gateway.1sy.top,domain,grafana.api-gateway.1sy.top,2,2026-08-18 20:45:54,excluded,,,,
domain:ns3.api-gateway.1sy.top,domain,ns3.api-gateway.1sy.top,2,2026-08-18 20:45:54,excluded,,,,
domain:lb.api-gateway.1sy.top,domain,lb.api-gateway.1sy.top,2,2026-08-18 20:45:54,excluded,,,,
domain:img3.api-gateway.1sy.top,domain,img3.api-gateway.1sy.top,2,2026-08-18 20:45:54,excluded,,,,
domain:buy.api-gateway.1sy.top,domain,buy.api-gateway.1sy.top,2,2026-08-18 20:45:54,excluded,,,,
domain:cache.api-gateway.1sy.top,domain,cache.api-gateway.1sy.top,2,2026-08-18 20:45:54,excluded,,,,
domain:mx2.api-gateway.1sy.top,domain,mx2.api-gateway.1sy.top,2,2026-08-18 20:45:54,excluded,,,,
domain:bbs.api-gateway.1sy.top,domain,bbs.api-gateway.1sy.top,2,2026-08-18 20:45:54,excluded,,,,
domain:logging.api-gateway.1sy.top,domain,logging.api-gateway.1sy.top,2,2026-08-18 20:45:54,excluded,,,,
domain:tmp.api-gateway.1sy.top,domain,tmp.api-gateway.1sy.top,2,2026-08-18 20:45:54,excluded,,,,
domain:phpadmin.api-gateway.1sy.top,domain,phpadmin.api-gateway.1sy.top,2,2026-08-18 20:45:54,excluded,,,,
domain:sale.api-gateway.1sy.top,domain,sale.api-gateway.1sy.top,2,2026-08-18 20:45:54,excluded,,,,
domain:cdn3.api-gateway.1sy.top,domain,cdn3.api-gateway.1sy.top,2,2026-08-18 20:45:54,excluded,,,,
domain:test2.api-gateway.1sy.top,domain,test2.api-gateway.1sy.top,2,2026-08-18 20:45:54,excluded,,,,
domain:cart.api-gateway.1sy.top,domain,cart.api-gateway.1sy.top,2,2026-08-18 20:45:54,excluded,,,,
domain:services.api-gateway.1sy.top,domain,services.api-gateway.1sy.top,2,2026-08-18 20:45:54,excluded,,,,
domain:mysqladmin.api-gateway.1sy.top,domain,mysqladmin.api-gateway.1sy.top,2,2026-08-18 20:45:54,excluded,,,,
domain:webview.api-gateway.1sy.top,domain,webview.api-gateway.1sy.top,2,2026-08-18 20:45:54,excluded,,,,
domain:sso.api-gateway.1sy.top,domain,sso.api-gateway.1sy.top,2,2026-08-18 20:45:54,excluded,,,,
domain:mx1.api-gateway.1sy.top,domain,mx1.api-gateway.1sy.top,2,2026-08-18 20:45:54,excluded,,,,
domain:careers.api-gateway.1sy.top,domain,careers.api-gateway.1sy.top,2,2026-08-18 20:45:54,excluded,,,,
domain:docker.api-gateway.1sy.top,domain,docker.api-gateway.1sy.top,2,2026-08-18 20:45:54,excluded,,,,
domain:img.api-gateway.1sy.top,domain,img.api-gateway.1sy.top,2,2026-08-18 20:45:54,excluded,,,,
domain:keycloak.api-gateway.1sy.top,domain,keycloak.api-gateway.1sy.top,2,2026-08-18 20:45:54,excluded,,,,
domain:stage.api-gateway.1sy.top,domain,stage.api-gateway.1sy.top,2,2026-08-18 20:45:54,excluded,,,,
domain:webmail.api-gateway.1sy.top,domain,webmail.api-gateway.1sy.top,2,2026-08-18 20:45:54,excluded,,,,
domain:github.api-gateway.1sy.top,domain,github.api-gateway.1sy.top,2,2026-08-18 20:45:54,excluded,,,,
domain:radio.api-gateway.1sy.top,domain,radio.api-gateway.1sy.top,2,2026-08-18 20:45:54,excluded,,,,
domain:paper.api-gateway.1sy.top,domain,paper.api-gateway.1sy.top,2,2026-08-18 20:45:54,excluded,,,,
domain:staging2.api-gateway.1sy.top,domain,staging2.api-gateway.1sy.top,2,2026-08-18 20:45:54,excluded,,,,
domain:nlb.api-gateway.1sy.top,domain,nlb.api-gateway.1sy.top,2,2026-08-18 20:45:54,excluded,,,,
domain:media.api-gateway.1sy.top,domain,media.api-gateway.1sy.top,2,2026-08-18 20:45:54,excluded,,,,
domain:market.api-gateway.1sy.top,domain,market.api-gateway.1sy.top,2,2026-08-18 20:45:54,excluded,,,,
domain:db.api-gateway.1sy.top,domain,db.api-gateway.1sy.top,2,2026-08-18 20:45:54,excluded,,,,
domain:rest.api-gateway.1sy.top,domain,rest.api-gateway.1sy.top,2,2026-08-18 20:45:54,excluded,,,,
domain:es.api-gateway.1sy.top,domain,es.api-gateway.1sy.top,2,2026-08-18 20:45:54,excluded,,,,
domain:log.api-gateway.1sy.top,domain,log.api-gateway.1sy.top,2,2026-08-18 20:45:54,excluded,,,,
domain:wechat.api-gateway.1sy.top,domain,wechat.api-gateway.1sy.top,2,2026-08-18 20:45:54,excluded,,,,
domain:pay2.api-gateway.1sy.top,domain,pay2.api-gateway.1sy.top,2,2026-08-18 20:45:54,excluded,,,,
domain:registry.api-gateway.1sy.top,domain,registry.api-gateway.1sy.top,2,2026-08-18 20:45:54,excluded,,,,
domain:mobile.api-gateway.1sy.top,domain,mobile.api-gateway.1sy.top,2,2026-08-18 20:45:54,excluded,,,,
domain:wx.api-gateway.1sy.top,domain,wx.api-gateway.1sy.top,2,2026-08-18 20:45:54,excluded,,,,
domain:cdn.api-gateway.1sy.top,domain,cdn.api-gateway.1sy.top,2,2026-08-18 20:45:54,excluded,,,,
domain:job.api-gateway.1sy.top,domain,job.api-gateway.1sy.top,2,2026-08-18 20:45:54,excluded,,,,
domain:development.api-gateway.1sy.top,domain,development.api-gateway.1sy.top,2,2026-08-18 20:45:54,excluded,,,,
domain:session.api-gateway.1sy.top,domain,session.api-gateway.1sy.top,2,2026-08-18 20:45:54,excluded,,,,
domain:site.api-gateway.1sy.top,domain,site.api-gateway.1sy.top,2,2026-08-18 20:45:54,excluded,,,,
domain:elk.api-gateway.1sy.top,domain,elk.api-gateway.1sy.top,2,2026-08-18 20:45:54,excluded,,,,
domain:upload.api-gateway.1sy.top,domain,upload.api-gateway.1sy.top,2,2026-08-18 20:45:54,excluded,,,,
domain:export.api-gateway.1sy.top,domain,export.api-gateway.1sy.top,2,2026-08-18 20:45:54,excluded,,,,
domain:jobs.api-gateway.1sy.top,domain,jobs.api-gateway.1sy.top,2,2026-08-18 20:45:54,excluded,,,,
domain:magazine.api-gateway.1sy.top,domain,magazine.api-gateway.1sy.top,2,2026-08-18 20:45:54,excluded,,,,
domain:community.api-gateway.1sy.top,domain,community.api-gateway.1sy.top,2,2026-08-18 20:45:54,excluded,,,,
domain:store.api-gateway.1sy.top,domain,store.api-gateway.1sy.top,2,2026-08-18 20:45:54,excluded,,,,
domain:crm.api-gateway.1sy.top,domain,crm.api-gateway.1sy.top,2,2026-08-18 20:45:54,excluded,,,,
domain:api2.api-gateway.1sy.top,domain,api2.api-gateway.1sy.top,2,2026-08-18 20:45:54,excluded,,,,
domain:books.api-gateway.1sy.top,domain,books.api-gateway.1sy.top,2,2026-08-18 20:45:54,excluded,,,,
domain:manage.api-gateway.1sy.top,domain,manage.api-gateway.1sy.top,2,2026-08-18 20:45:54,excluded,,,,
domain:shop.api-gateway.1sy.top,domain,shop.api-gateway.1sy.top,2,2026-08-18 20:45:54,excluded,,,,
domain:ios.api-gateway.1sy.top,domain,ios.api-gateway.1sy.top,2,2026-08-18 20:45:54,excluded,,,,
domain:database.api-gateway.1sy.top,domain,database.api-gateway.1sy.top,2,2026-08-18 20:45:54,excluded,,,,
domain:sse.api-gateway.1sy.top,domain,sse.api-gateway.1sy.top,2,2026-08-18 20:45:54,excluded,,,,
domain:mail1.api-gateway.1sy.top,domain,mail1.api-gateway.1sy.top,2,2026-08-18 20:45:54,excluded,,,,
domain:push.api-gateway.1sy.top,domain,push.api-gateway.1sy.top,2,2026-08-18 20:45:54,excluded,,,,
domain:newsletter.api-gateway.1sy.top,domain,newsletter.api-gateway.1sy.top,2,2026-08-18 20:45:54,excluded,,,,
domain:sso2.api-gateway.1sy.top,domain,sso2.api-gateway.1sy.top,2,2026-08-18 20:45:54,excluded,,,,
domain:image.api-gateway.1sy.top,domain,image.api-gateway.1sy.top,2,2026-08-18 20:45:54,excluded,,,,
domain:images.api-gateway.1sy.top,domain,images.api-gateway.1sy.top,2,2026-08-18 20:45:54,excluded,,,,
domain:oa.api-gateway.1sy.top,domain,oa.api-gateway.1sy.top,2,2026-08-18 20:45:54,excluded,,,,
domain:office.api-gateway.1sy.top,domain,office.api-gateway.1sy.top,2,2026-08-18 20:45:54,excluded,,,,
domain:openapi.api-gateway.1sy.top,domain,openapi.api-gateway.1sy.top,2,2026-08-18 20:45:54,excluded,,,,
domain:admin.api-gateway.1sy.top,domain,admin.api-gateway.1sy.top,2,2026-08-18 20:45:54,excluded,,,,
domain:svn.api-gateway.1sy.top,domain,svn.api-gateway.1sy.top,2,2026-08-18 20:45:54,excluded,,,,
domain:hr.api-gateway.1sy.top,domain,hr.api-gateway.1sy.top,2,2026-08-18 20:45:54,excluded,,,,
domain:k8s.api-gateway.1sy.top,domain,k8s.api-gateway.1sy.top,2,2026-08-18 20:45:54,excluded,,,,
domain:book.api-gateway.1sy.top,domain,book.api-gateway.1sy.top,2,2026-08-18 20:45:54,excluded,,,,
domain:dev.api-gateway.1sy.top,domain,dev.api-gateway.1sy.top,2,2026-08-18 20:45:54,excluded,,,,
domain:documents.api-gateway.1sy.top,domain,documents.api-gateway.1sy.top,2,2026-08-18 20:45:54,excluded,,,,
domain:forum.api-gateway.1sy.top,domain,forum.api-gateway.1sy.top,2,2026-08-18 20:45:54,excluded,,,,
domain:ftp.api-gateway.1sy.top,domain,ftp.api-gateway.1sy.top,2,2026-08-18 20:45:54,excluded,,,,
domain:health.api-gateway.1sy.top,domain,health.api-gateway.1sy.top,2,2026-08-18 20:45:54,excluded,,,,
domain:www.api-gateway.1sy.top,domain,www.api-gateway.1sy.top,2,2026-08-18 20:45:54,excluded,,,,
domain:home.api-gateway.1sy.top,domain,home.api-gateway.1sy.top,2,2026-08-18 20:45:54,excluded,,,,
domain:temp.api-gateway.1sy.top,domain,temp.api-gateway.1sy.top,2,2026-08-18 20:45:54,excluded,,,,
domain:token.api-gateway.1sy.top,domain,token.api-gateway.1sy.top,2,2026-08-18 20:45:54,excluded,,,,
domain:library.api-gateway.1sy.top,domain,library.api-gateway.1sy.top,2,2026-08-18 20:45:54,excluded,,,,
domain:comic.api-gateway.1sy.top,domain,comic.api-gateway.1sy.top,2,2026-08-18 20:45:54,excluded,,,,
domain:wechat2.api-gateway.1sy.top,domain,wechat2.api-gateway.1sy.top,2,2026-08-18 20:45:54,excluded,,,,
domain:test.api-gateway.1sy.top,domain,test.api-gateway.1sy.top,2,2026-08-18 20:45:54,excluded,,,,
domain:proxy.api-gateway.1sy.top,domain,proxy.api-gateway.1sy.top,2,2026-08-18 20:45:54,excluded,,,,
domain:radius.api-gateway.1sy.top,domain,radius.api-gateway.1sy.top,2,2026-08-18 20:45:54,excluded,,,,
domain:websocket.api-gateway.1sy.top,domain,websocket.api-gateway.1sy.top,2,2026-08-18 20:45:54,excluded,,,,
domain:video.api-gateway.1sy.top,domain,video.api-gateway.1sy.top,2,2026-08-18 20:45:54,excluded,,,,
domain:ldap.api-gateway.1sy.top,domain,ldap.api-gateway.1sy.top,2,2026-08-18 20:45:54,excluded,,,,
domain:img2.api-gateway.1sy.top,domain,img2.api-gateway.1sy.top,2,2026-08-18 20:45:54,excluded,,,,
domain:cos.api-gateway.1sy.top,domain,cos.api-gateway.1sy.top,2,2026-08-18 20:45:54,excluded,,,,
domain:preprod.api-gateway.1sy.top,domain,preprod.api-gateway.1sy.top,2,2026-08-18 20:45:54,excluded,,,,
domain:game.api-gateway.1sy.top,domain,game.api-gateway.1sy.top,2,2026-08-18 20:45:54,excluded,,,,
domain:socket.api-gateway.1sy.top,domain,socket.api-gateway.1sy.top,2,2026-08-18 20:45:54,excluded,,,,
domain:qa.api-gateway.1sy.top,domain,qa.api-gateway.1sy.top,2,2026-08-18 20:45:54,excluded,,,,
domain:payment.api-gateway.1sy.top,domain,payment.api-gateway.1sy.top,2,2026-08-18 20:45:54,excluded,,,,
domain:app.api-gateway.1sy.top,domain,app.api-gateway.1sy.top,2,2026-08-18 20:45:54,excluded,,,,
domain:ebook.api-gateway.1sy.top,domain,ebook.api-gateway.1sy.top,2,2026-08-18 20:45:54,excluded,,,,
domain:checkout.api-gateway.1sy.top,domain,checkout.api-gateway.1sy.top,2,2026-08-18 20:45:54,excluded,,,,
domain:gateway.api-gateway.1sy.top,domain,gateway.api-gateway.1sy.top,2,2026-08-18 20:45:54,excluded,,,,
domain:file.api-gateway.1sy.top,domain,file.api-gateway.1sy.top,2,2026-08-18 20:45:54,excluded,,,,
domain:vpn.api-gateway.1sy.top,domain,vpn.api-gateway.1sy.top,2,2026-08-18 20:45:54,excluded,,,,
domain:main.api-gateway.1sy.top,domain,main.api-gateway.1sy.top,2,2026-08-18 20:45:54,excluded,,,,
domain:reader.api-gateway.1sy.top,domain,reader.api-gateway.1sy.top,2,2026-08-18 20:45:54,excluded,,,,
domain:help.api-gateway.1sy.top,domain,help.api-gateway.1sy.top,2,2026-08-18 20:45:54,excluded,,,,
domain:tracking.api-gateway.1sy.top,domain,tracking.api-gateway.1sy.top,2,2026-08-18 20:45:54,excluded,,,,
domain:news.api-gateway.1sy.top,domain,news.api-gateway.1sy.top,2,2026-08-18 20:45:54,excluded,,,,
domain:internal.api-gateway.1sy.top,domain,internal.api-gateway.1sy.top,2,2026-08-18 20:45:54,excluded,,,,
domain:android.api-gateway.1sy.top,domain,android.api-gateway.1sy.top,2,2026-08-18 20:45:54,excluded,,,,
domain:gitlab.api-gateway.1sy.top,domain,gitlab.api-gateway.1sy.top,2,2026-08-18 20:45:54,excluded,,,,
domain:ci.api-gateway.1sy.top,domain,ci.api-gateway.1sy.top,2,2026-08-18 20:45:54,excluded,,,,
domain:homepage.api-gateway.1sy.top,domain,homepage.api-gateway.1sy.top,2,2026-08-18 20:45:54,excluded,,,,
domain:logs.api-gateway.1sy.top,domain,logs.api-gateway.1sy.top,2,2026-08-18 20:45:54,excluded,,,,
domain:open.api-gateway.1sy.top,domain,open.api-gateway.1sy.top,2,2026-08-18 20:45:54,excluded,,,,
domain:static2.api-gateway.1sy.top,domain,static2.api-gateway.1sy.top,2,2026-08-18 20:45:54,excluded,,,,
domain:api-gateway.api-gateway.1sy.top,domain,api-gateway.api-gateway.1sy.top,2,2026-08-18 20:45:54,excluded,,,,
domain:wap2.api-gateway.1sy.top,domain,wap2.api-gateway.1sy.top,2,2026-08-18 20:45:54,excluded,,,,
domain:docs.api-gateway.1sy.top,domain,docs.api-gateway.1sy.top,2,2026-08-18 20:45:54,excluded,,,,
domain:support.api-gateway.1sy.top,domain,support.api-gateway.1sy.top,2,2026-08-18 20:45:54,excluded,,,,
domain:zabbix.api-gateway.1sy.top,domain,zabbix.api-gateway.1sy.top,2,2026-08-18 20:45:54,excluded,,,,
domain:read.api-gateway.1sy.top,domain,read.api-gateway.1sy.top,2,2026-08-18 20:45:54,excluded,,,,
domain:sandbox.api-gateway.1sy.top,domain,sandbox.api-gateway.1sy.top,2,2026-08-18 20:45:54,excluded,,,,
domain:cached.api-gateway.1sy.top,domain,cached.api-gateway.1sy.top,2,2026-08-18 20:45:54,excluded,,,,
domain:storage.api-gateway.1sy.top,domain,storage.api-gateway.1sy.top,2,2026-08-18 20:45:54,excluded,,,,
domain:live.api-gateway.1sy.top,domain,live.api-gateway.1sy.top,2,2026-08-18 20:45:54,excluded,,,,
domain:recruit.api-gateway.1sy.top,domain,recruit.api-gateway.1sy.top,2,2026-08-18 20:45:54,excluded,,,,
domain:pub.api-gateway.1sy.top,domain,pub.api-gateway.1sy.top,2,2026-08-18 20:45:54,excluded,,,,
domain:uploads.api-gateway.1sy.top,domain,uploads.api-gateway.1sy.top,2,2026-08-18 20:45:54,excluded,,,,
domain:security.api-gateway.1sy.top,domain,security.api-gateway.1sy.top,2,2026-08-18 20:45:54,excluded,,,,
domain:staging.api-gateway.1sy.top,domain,staging.api-gateway.1sy.top,2,2026-08-18 20:45:54,excluded,,,,
domain:reports.api-gateway.1sy.top,domain,reports.api-gateway.1sy.top,2,2026-08-18 20:45:54,excluded,,,,
domain:sms.api-gateway.1sy.top,domain,sms.api-gateway.1sy.top,2,2026-08-18 20:45:54,excluded,,,,
domain:api-dev.api-gateway.1sy.top,domain,api-dev.api-gateway.1sy.top,2,2026-08-18 20:45:54,excluded,,,,
domain:api-gw.api-gateway.1sy.top,domain,api-gw.api-gateway.1sy.top,2,2026-08-18 20:45:54,excluded,,,,
domain:cas.api-gateway.1sy.top,domain,cas.api-gateway.1sy.top,2,2026-08-18 20:45:54,excluded,,,,
domain:prometheus.api-gateway.1sy.top,domain,prometheus.api-gateway.1sy.top,2,2026-08-18 20:45:54,excluded,,,,
domain:dns.api-gateway.1sy.top,domain,dns.api-gateway.1sy.top,2,2026-08-18 20:45:54,excluded,,,,
domain:webapp.api-gateway.1sy.top,domain,webapp.api-gateway.1sy.top,2,2026-08-18 20:45:54,excluded,,,,
domain:chat.api-gateway.1sy.top,domain,chat.api-gateway.1sy.top,2,2026-08-18 20:45:54,excluded,,,,
domain:files.api-gateway.1sy.top,domain,files.api-gateway.1sy.top,2,2026-08-18 20:45:54,excluded,,,,
domain:demo.api-gateway.1sy.top,domain,demo.api-gateway.1sy.top,2,2026-08-18 20:45:54,excluded,,,,
domain:cd.api-gateway.1sy.top,domain,cd.api-gateway.1sy.top,2,2026-08-18 20:45:54,excluded,,,,
domain:metrics.api-gateway.1sy.top,domain,metrics.api-gateway.1sy.top,2,2026-08-18 20:45:54,excluded,,,,
domain:tv.api-gateway.1sy.top,domain,tv.api-gateway.1sy.top,2,2026-08-18 20:45:54,excluded,,,,
domain:prod.api-gateway.1sy.top,domain,prod.api-gateway.1sy.top,2,2026-08-18 20:45:54,excluded,,,,
domain:ssh.api-gateway.1sy.top,domain,ssh.api-gateway.1sy.top,2,2026-08-18 20:45:54,excluded,,,,
domain:mobi.api-gateway.1sy.top,domain,mobi.api-gateway.1sy.top,2,2026-08-18 20:45:54,excluded,,,,
domain:oauth.api-gateway.1sy.top,domain,oauth.api-gateway.1sy.top,2,2026-08-18 20:45:54,excluded,,,,
domain:article.api-gateway.1sy.top,domain,article.api-gateway.1sy.top,2,2026-08-18 20:45:54,excluded,,,,
domain:dev2.api-gateway.1sy.top,domain,dev2.api-gateway.1sy.top,2,2026-08-18 20:45:54,excluded,,,,
domain:uat.api-gateway.1sy.top,domain,uat.api-gateway.1sy.top,2,2026-08-18 20:45:54,excluded,,,,
domain:bucket.api-gateway.1sy.top,domain,bucket.api-gateway.1sy.top,2,2026-08-18 20:45:54,excluded,,,,
domain:mailchimp.api-gateway.1sy.top,domain,mailchimp.api-gateway.1sy.top,2,2026-08-18 20:45:54,excluded,,,,
domain:miniapp.api-gateway.1sy.top,domain,miniapp.api-gateway.1sy.top,2,2026-08-18 20:45:54,excluded,,,,
domain:monitoring.api-gateway.1sy.top,domain,monitoring.api-gateway.1sy.top,2,2026-08-18 20:45:54,excluded,,,,
domain:story.api-gateway.1sy.top,domain,story.api-gateway.1sy.top,2,2026-08-18 20:45:54,excluded,,,,
domain:pgadmin.api-gateway.1sy.top,domain,pgadmin.api-gateway.1sy.top,2,2026-08-18 20:45:54,excluded,,,,
domain:public.api-gateway.1sy.top,domain,public.api-gateway.1sy.top,2,2026-08-18 20:45:54,excluded,,,,
domain:oss.api-gateway.1sy.top,domain,oss.api-gateway.1sy.top,2,2026-08-18 20:45:54,excluded,,,,
domain:static.api-gateway.1sy.top,domain,static.api-gateway.1sy.top,2,2026-08-18 20:45:54,excluded,,,,
domain:phpmyadmin.api-gateway.1sy.top,domain,phpmyadmin.api-gateway.1sy.top,2,2026-08-18 20:45:54,excluded,,,,
domain:index.api-gateway.1sy.top,domain,index.api-gateway.1sy.top,2,2026-08-18 20:45:54,excluded,,,,
domain:portal.api-gateway.1sy.top,domain,portal.api-gateway.1sy.top,2,2026-08-18 20:45:54,excluded,,,,
domain:sftp.api-gateway.1sy.top,domain,sftp.api-gateway.1sy.top,2,2026-08-18 20:45:54,excluded,,,,
domain:smtp.api-gateway.1sy.top,domain,smtp.api-gateway.1sy.top,2,2026-08-18 20:45:54,excluded,,,,
domain:mx.api-gateway.1sy.top,domain,mx.api-gateway.1sy.top,2,2026-08-18 20:45:54,excluded,,,,
domain:data.api-gateway.1sy.top,domain,data.api-gateway.1sy.top,2,2026-08-18 20:45:54,excluded,,,,
domain:pop.api-gateway.1sy.top,domain,pop.api-gateway.1sy.top,2,2026-08-18 20:45:54,excluded,,,,
domain:product.api-gateway.1sy.top,domain,product.api-gateway.1sy.top,2,2026-08-18 20:45:54,excluded,,,,
domain:graphql.api-gateway.1sy.top,domain,graphql.api-gateway.1sy.top,2,2026-08-18 20:45:54,excluded,,,,
domain:mall.api-gateway.1sy.top,domain,mall.api-gateway.1sy.top,2,2026-08-18 20:45:54,excluded,,,,
domain:sess.api-gateway.1sy.top,domain,sess.api-gateway.1sy.top,2,2026-08-18 20:45:54,excluded,,,,
domain:remote.api-gateway.1sy.top,domain,remote.api-gateway.1sy.top,2,2026-08-18 20:45:54,excluded,,,,
domain:sites.api-gateway.1sy.top,domain,sites.api-gateway.1sy.top,2,2026-08-18 20:45:54,excluded,,,,
domain:ns2.api-gateway.1sy.top,domain,ns2.api-gateway.1sy.top,2,2026-08-18 20:45:54,excluded,,,,
domain:message.api-gateway.1sy.top,domain,message.api-gateway.1sy.top,2,2026-08-18 20:45:54,excluded,,,,
domain:m2.api-gateway.1sy.top,domain,m2.api-gateway.1sy.top,2,2026-08-18 20:45:54,excluded,,,,
domain:auth2.api-gateway.1sy.top,domain,auth2.api-gateway.1sy.top,2,2026-08-18 20:45:54,excluded,,,,
domain:canary.api-gateway.1sy.top,domain,canary.api-gateway.1sy.top,2,2026-08-18 20:45:54,excluded,,,,
domain:stats.api-gateway.1sy.top,domain,stats.api-gateway.1sy.top,2,2026-08-18 20:45:54,excluded,,,,
domain:preview.api-gateway.1sy.top,domain,preview.api-gateway.1sy.top,2,2026-08-18 20:45:54,excluded,,,,
domain:pop3.api-gateway.1sy.top,domain,pop3.api-gateway.1sy.top,2,2026-08-18 20:45:54,excluded,,,,
domain:api-test.api-gateway.1sy.top,domain,api-test.api-gateway.1sy.top,2,2026-08-18 20:45:54,excluded,,,,
domain:backup.api-gateway.1sy.top,domain,backup.api-gateway.1sy.top,2,2026-08-18 20:45:54,excluded,,,,
domain:products.api-gateway.1sy.top,domain,products.api-gateway.1sy.top,2,2026-08-18 20:45:54,excluded,,,,
domain:analytics.api-gateway.1sy.top,domain,analytics.api-gateway.1sy.top,2,2026-08-18 20:45:54,excluded,,,,
domain:monitor.api-gateway.1sy.top,domain,monitor.api-gateway.1sy.top,2,2026-08-18 20:45:54,excluded,,,,
domain:intranet.api-gateway.1sy.top,domain,intranet.api-gateway.1sy.top,2,2026-08-18 20:45:54,excluded,,,,
domain:beta.api-gateway.1sy.top,domain,beta.api-gateway.1sy.top,2,2026-08-18 20:45:54,excluded,,,,
domain:faq.api-gateway.1sy.top,domain,faq.api-gateway.1sy.top,2,2026-08-18 20:45:54,excluded,,,,
domain:elastic.api-gateway.1sy.top,domain,elastic.api-gateway.1sy.top,2,2026-08-18 20:45:54,excluded,,,,
domain:order2.api-gateway.1sy.top,domain,order2.api-gateway.1sy.top,2,2026-08-18 20:45:54,excluded,,,,
domain:assets.api-gateway.1sy.top,domain,assets.api-gateway.1sy.top,2,2026-08-18 20:45:54,excluded,,,,
domain:about.api-gateway.1sy.top,domain,about.api-gateway.1sy.top,2,2026-08-18 20:45:54,excluded,,,,
domain:login.api-gateway.1sy.top,domain,login.api-gateway.1sy.top,2,2026-08-18 20:45:54,excluded,,,,
domain:download.api-gateway.1sy.top,domain,download.api-gateway.1sy.top,2,2026-08-18 20:45:54,excluded,,,,
domain:gw.api-gateway.1sy.top,domain,gw.api-gateway.1sy.top,2,2026-08-18 20:45:54,excluded,,,,
domain:documentation.api-gateway.1sy.top,domain,documentation.api-gateway.1sy.top,2,2026-08-18 20:45:54,excluded,,,,
domain:career.api-gateway.1sy.top,domain,career.api-gateway.1sy.top,2,2026-08-18 20:45:54,excluded,,,,
domain:imap.api-gateway.1sy.top,domain,imap.api-gateway.1sy.top,2,2026-08-18 20:45:54,excluded,,,,
domain:blog.api-gateway.1sy.top,domain,blog.api-gateway.1sy.top,2,2026-08-18 20:45:54,excluded,,,,
domain:weixin.api-gateway.1sy.top,domain,weixin.api-gateway.1sy.top,2,2026-08-18 20:45:54,excluded,,,,
domain:gray.api-gateway.1sy.top,domain,gray.api-gateway.1sy.top,2,2026-08-18 20:45:54,excluded,,,,
domain:pre.api-gateway.1sy.top,domain,pre.api-gateway.1sy.top,2,2026-08-18 20:45:54,excluded,,,,
domain:doc.api-gateway.1sy.top,domain,doc.api-gateway.1sy.top,2,2026-08-18 20:45:54,excluded,,,,
domain:mysql.api-gateway.1sy.top,domain,mysql.api-gateway.1sy.top,2,2026-08-18 20:45:54,excluded,,,,
domain:api-prod.api-gateway.1sy.top,domain,api-prod.api-gateway.1sy.top,2,2026-08-18 20:45:54,excluded,,,,
ip:52.199.24.216,ip,52.199.24.216,2,2026-08-18 20:45:56,scanned,,,,
url:http://git.1sy.top/,url,http://git.1sy.top/,2,2026-08-18 20:45:55,eliminated,,,,
url:https://git.1sy.top/,url,https://git.1sy.top/,2,2026-08-18 20:45:55,eliminated,,,,
domain:radius.sftp.1sy.top,domain,radius.sftp.1sy.top,2,2026-08-18 20:45:56,excluded,,,,
domain:book.sftp.1sy.top,domain,book.sftp.1sy.top,2,2026-08-18 20:45:56,excluded,,,,
domain:alipay.sftp.1sy.top,domain,alipay.sftp.1sy.top,2,2026-08-18 20:45:56,excluded,,,,
domain:test.sftp.1sy.top,domain,test.sftp.1sy.top,2,2026-08-18 20:45:56,excluded,,,,
domain:notify.sftp.1sy.top,domain,notify.sftp.1sy.top,2,2026-08-18 20:45:56,excluded,,,,
domain:mail1.sftp.1sy.top,domain,mail1.sftp.1sy.top,2,2026-08-18 20:45:56,excluded,,,,
domain:books.sftp.1sy.top,domain,books.sftp.1sy.top,2,2026-08-18 20:45:56,excluded,,,,
domain:mail.sftp.1sy.top,domain,mail.sftp.1sy.top,2,2026-08-18 20:45:56,excluded,,,,
domain:mysqladmin.sftp.1sy.top,domain,mysqladmin.sftp.1sy.top,2,2026-08-18 20:45:56,excluded,,,,
domain:mail2.sftp.1sy.top,domain,mail2.sftp.1sy.top,2,2026-08-18 20:45:56,excluded,,,,
domain:sess.sftp.1sy.top,domain,sess.sftp.1sy.top,2,2026-08-18 20:45:56,excluded,,,,
domain:monitor.sftp.1sy.top,domain,monitor.sftp.1sy.top,2,2026-08-18 20:45:56,excluded,,,,
domain:dev.sftp.1sy.top,domain,dev.sftp.1sy.top,2,2026-08-18 20:45:56,excluded,,,,
domain:mx.sftp.1sy.top,domain,mx.sftp.1sy.top,2,2026-08-18 20:45:56,excluded,,,,
domain:novel.sftp.1sy.top,domain,novel.sftp.1sy.top,2,2026-08-18 20:45:56,excluded,,,,
domain:staging2.sftp.1sy.top,domain,staging2.sftp.1sy.top,2,2026-08-18 20:45:56,excluded,,,,
domain:tracking.sftp.1sy.top,domain,tracking.sftp.1sy.top,2,2026-08-18 20:45:56,excluded,,,,
domain:logging.sftp.1sy.top,domain,logging.sftp.1sy.top,2,2026-08-18 20:45:56,excluded,,,,
domain:api-gw.sftp.1sy.top,domain,api-gw.sftp.1sy.top,2,2026-08-18 20:45:56,excluded,,,,
domain:order2.sftp.1sy.top,domain,order2.sftp.1sy.top,2,2026-08-18 20:45:56,excluded,,,,
domain:health.sftp.1sy.top,domain,health.sftp.1sy.top,2,2026-08-18 20:45:56,excluded,,,,
domain:unionpay.sftp.1sy.top,domain,unionpay.sftp.1sy.top,2,2026-08-18 20:45:56,excluded,,,,
domain:cache.sftp.1sy.top,domain,cache.sftp.1sy.top,2,2026-08-18 20:45:56,excluded,,,,
domain:prod.sftp.1sy.top,domain,prod.sftp.1sy.top,2,2026-08-18 20:45:56,excluded,,,,
domain:checkout.sftp.1sy.top,domain,checkout.sftp.1sy.top,2,2026-08-18 20:45:56,excluded,,,,
domain:wechat.sftp.1sy.top,domain,wechat.sftp.1sy.top,2,2026-08-18 20:45:56,excluded,,,,
domain:sites.sftp.1sy.top,domain,sites.sftp.1sy.top,2,2026-08-18 20:45:56,excluded,,,,
domain:story.sftp.1sy.top,domain,story.sftp.1sy.top,2,2026-08-18 20:45:56,excluded,,,,
domain:career.sftp.1sy.top,domain,career.sftp.1sy.top,2,2026-08-18 20:45:56,excluded,,,,
domain:crm.sftp.1sy.top,domain,crm.sftp.1sy.top,2,2026-08-18 20:45:56,excluded,,,,
domain:api-gateway.sftp.1sy.top,domain,api-gateway.sftp.1sy.top,2,2026-08-18 20:45:56,excluded,,,,
domain:auth2.sftp.1sy.top,domain,auth2.sftp.1sy.top,2,2026-08-18 20:45:56,excluded,,,,
domain:tv.sftp.1sy.top,domain,tv.sftp.1sy.top,2,2026-08-18 20:45:56,excluded,,,,
domain:office.sftp.1sy.top,domain,office.sftp.1sy.top,2,2026-08-18 20:45:56,excluded,,,,
domain:chat.sftp.1sy.top,domain,chat.sftp.1sy.top,2,2026-08-18 20:45:56,excluded,,,,
domain:upload.sftp.1sy.top,domain,upload.sftp.1sy.top,2,2026-08-18 20:45:56,excluded,,,,
domain:webview.sftp.1sy.top,domain,webview.sftp.1sy.top,2,2026-08-18 20:45:56,excluded,,,,
domain:api-staging.sftp.1sy.top,domain,api-staging.sftp.1sy.top,2,2026-08-18 20:45:56,excluded,,,,
domain:oauth.sftp.1sy.top,domain,oauth.sftp.1sy.top,2,2026-08-18 20:45:56,excluded,,,,
domain:main.sftp.1sy.top,domain,main.sftp.1sy.top,2,2026-08-18 20:45:56,excluded,,,,
domain:status.sftp.1sy.top,domain,status.sftp.1sy.top,2,2026-08-18 20:45:56,excluded,,,,
domain:android.sftp.1sy.top,domain,android.sftp.1sy.top,2,2026-08-18 20:45:56,excluded,,,,
domain:mx1.sftp.1sy.top,domain,mx1.sftp.1sy.top,2,2026-08-18 20:45:56,excluded,,,,
domain:jenkins.sftp.1sy.top,domain,jenkins.sftp.1sy.top,2,2026-08-18 20:45:56,excluded,,,,
domain:ios.sftp.1sy.top,domain,ios.sftp.1sy.top,2,2026-08-18 20:45:56,excluded,,,,
domain:pop.sftp.1sy.top,domain,pop.sftp.1sy.top,2,2026-08-18 20:45:56,excluded,,,,
domain:api-dev.sftp.1sy.top,domain,api-dev.sftp.1sy.top,2,2026-08-18 20:45:56,excluded,,,,
domain:market.sftp.1sy.top,domain,market.sftp.1sy.top,2,2026-08-18 20:45:56,excluded,,,,
domain:internal.sftp.1sy.top,domain,internal.sftp.1sy.top,2,2026-08-18 20:45:56,excluded,,,,
domain:bucket.sftp.1sy.top,domain,bucket.sftp.1sy.top,2,2026-08-18 20:45:56,excluded,,,,
domain:blog.sftp.1sy.top,domain,blog.sftp.1sy.top,2,2026-08-18 20:45:56,excluded,,,,
domain:dev2.sftp.1sy.top,domain,dev2.sftp.1sy.top,2,2026-08-18 20:45:56,excluded,,,,
domain:documentation.sftp.1sy.top,domain,documentation.sftp.1sy.top,2,2026-08-18 20:45:56,excluded,,,,
domain:api-test.sftp.1sy.top,domain,api-test.sftp.1sy.top,2,2026-08-18 20:45:56,excluded,,,,
domain:prometheus.sftp.1sy.top,domain,prometheus.sftp.1sy.top,2,2026-08-18 20:45:56,excluded,,,,
domain:article.sftp.1sy.top,domain,article.sftp.1sy.top,2,2026-08-18 20:45:56,excluded,,,,
domain:websocket.sftp.1sy.top,domain,websocket.sftp.1sy.top,2,2026-08-18 20:45:56,excluded,,,,
domain:lb.sftp.1sy.top,domain,lb.sftp.1sy.top,2,2026-08-18 20:45:56,excluded,,,,
domain:service.sftp.1sy.top,domain,service.sftp.1sy.top,2,2026-08-18 20:45:56,excluded,,,,
domain:mini.sftp.1sy.top,domain,mini.sftp.1sy.top,2,2026-08-18 20:45:56,excluded,,,,
domain:mobile.sftp.1sy.top,domain,mobile.sftp.1sy.top,2,2026-08-18 20:45:56,excluded,,,,
domain:video.sftp.1sy.top,domain,video.sftp.1sy.top,2,2026-08-18 20:45:56,excluded,,,,
domain:mx2.sftp.1sy.top,domain,mx2.sftp.1sy.top,2,2026-08-18 20:45:56,excluded,,,,
domain:recruit.sftp.1sy.top,domain,recruit.sftp.1sy.top,2,2026-08-18 20:45:56,excluded,,,,
domain:session.sftp.1sy.top,domain,session.sftp.1sy.top,2,2026-08-18 20:45:56,excluded,,,,
domain:sso2.sftp.1sy.top,domain,sso2.sftp.1sy.top,2,2026-08-18 20:45:56,excluded,,,,
domain:github.sftp.1sy.top,domain,github.sftp.1sy.top,2,2026-08-18 20:45:56,excluded,,,,
domain:administrator.sftp.1sy.top,domain,administrator.sftp.1sy.top,2,2026-08-18 20:45:56,excluded,,,,
domain:wap2.sftp.1sy.top,domain,wap2.sftp.1sy.top,2,2026-08-18 20:45:56,excluded,,,,
domain:read.sftp.1sy.top,domain,read.sftp.1sy.top,2,2026-08-18 20:45:56,excluded,,,,
domain:login.sftp.1sy.top,domain,login.sftp.1sy.top,2,2026-08-18 20:45:56,excluded,,,,
domain:remote.sftp.1sy.top,domain,remote.sftp.1sy.top,2,2026-08-18 20:45:56,excluded,,,,
domain:keycloak.sftp.1sy.top,domain,keycloak.sftp.1sy.top,2,2026-08-18 20:45:56,excluded,,,,
domain:storage.sftp.1sy.top,domain,storage.sftp.1sy.top,2,2026-08-18 20:45:56,excluded,,,,
domain:demo.sftp.1sy.top,domain,demo.sftp.1sy.top,2,2026-08-18 20:45:56,excluded,,,,
domain:openapi.sftp.1sy.top,domain,openapi.sftp.1sy.top,2,2026-08-18 20:45:56,excluded,,,,
domain:redis.sftp.1sy.top,domain,redis.sftp.1sy.top,2,2026-08-18 20:45:56,excluded,,,,
domain:database.sftp.1sy.top,domain,database.sftp.1sy.top,2,2026-08-18 20:45:56,excluded,,,,
domain:security.sftp.1sy.top,domain,security.sftp.1sy.top,2,2026-08-18 20:45:56,excluded,,,,
domain:pay2.sftp.1sy.top,domain,pay2.sftp.1sy.top,2,2026-08-18 20:45:56,excluded,,,,
domain:newsletter.sftp.1sy.top,domain,newsletter.sftp.1sy.top,2,2026-08-18 20:45:56,excluded,,,,
domain:api-internal.sftp.1sy.top,domain,api-internal.sftp.1sy.top,2,2026-08-18 20:45:56,excluded,,,,
domain:gray.sftp.1sy.top,domain,gray.sftp.1sy.top,2,2026-08-18 20:45:56,excluded,,,,
domain:services.sftp.1sy.top,domain,services.sftp.1sy.top,2,2026-08-18 20:45:56,excluded,,,,
domain:graphql.sftp.1sy.top,domain,graphql.sftp.1sy.top,2,2026-08-18 20:45:56,excluded,,,,
domain:bbs.sftp.1sy.top,domain,bbs.sftp.1sy.top,2,2026-08-18 20:45:56,excluded,,,,
domain:static.sftp.1sy.top,domain,static.sftp.1sy.top,2,2026-08-18 20:45:56,excluded,,,,
domain:im.sftp.1sy.top,domain,im.sftp.1sy.top,2,2026-08-18 20:45:56,excluded,,,,
domain:contact.sftp.1sy.top,domain,contact.sftp.1sy.top,2,2026-08-18 20:45:56,excluded,,,,
domain:sso.sftp.1sy.top,domain,sso.sftp.1sy.top,2,2026-08-18 20:45:56,excluded,,,,
domain:pgadmin.sftp.1sy.top,domain,pgadmin.sftp.1sy.top,2,2026-08-18 20:45:56,excluded,,,,
domain:radio.sftp.1sy.top,domain,radio.sftp.1sy.top,2,2026-08-18 20:45:56,excluded,,,,
domain:data.sftp.1sy.top,domain,data.sftp.1sy.top,2,2026-08-18 20:45:56,excluded,,,,
domain:tmp.sftp.1sy.top,domain,tmp.sftp.1sy.top,2,2026-08-18 20:45:56,excluded,,,,
domain:ns3.sftp.1sy.top,domain,ns3.sftp.1sy.top,2,2026-08-18 20:45:56,excluded,,,,
domain:docker.sftp.1sy.top,domain,docker.sftp.1sy.top,2,2026-08-18 20:45:56,excluded,,,,
domain:ftp.sftp.1sy.top,domain,ftp.sftp.1sy.top,2,2026-08-18 20:45:56,excluded,,,,
domain:phpmyadmin.sftp.1sy.top,domain,phpmyadmin.sftp.1sy.top,2,2026-08-18 20:45:56,excluded,,,,
domain:shop.sftp.1sy.top,domain,shop.sftp.1sy.top,2,2026-08-18 20:45:56,excluded,,,,
domain:product.sftp.1sy.top,domain,product.sftp.1sy.top,2,2026-08-18 20:45:56,excluded,,,,
domain:cdn2.sftp.1sy.top,domain,cdn2.sftp.1sy.top,2,2026-08-18 20:45:56,excluded,,,,
domain:db.sftp.1sy.top,domain,db.sftp.1sy.top,2,2026-08-18 20:45:56,excluded,,,,
domain:test2.sftp.1sy.top,domain,test2.sftp.1sy.top,2,2026-08-18 20:45:56,excluded,,,,
domain:sftp.sftp.1sy.top,domain,sftp.sftp.1sy.top,2,2026-08-18 20:45:56,excluded,,,,
domain:oss.sftp.1sy.top,domain,oss.sftp.1sy.top,2,2026-08-18 20:45:56,excluded,,,,
domain:docs.sftp.1sy.top,domain,docs.sftp.1sy.top,2,2026-08-18 20:45:56,excluded,,,,
domain:products.sftp.1sy.top,domain,products.sftp.1sy.top,2,2026-08-18 20:45:56,excluded,,,,
domain:console.sftp.1sy.top,domain,console.sftp.1sy.top,2,2026-08-18 20:45:56,excluded,,,,
domain:mysql.sftp.1sy.top,domain,mysql.sftp.1sy.top,2,2026-08-18 20:45:56,excluded,,,,
domain:webmail.sftp.1sy.top,domain,webmail.sftp.1sy.top,2,2026-08-18 20:45:56,excluded,,,,
domain:site.sftp.1sy.top,domain,site.sftp.1sy.top,2,2026-08-18 20:45:56,excluded,,,,
domain:nlb.sftp.1sy.top,domain,nlb.sftp.1sy.top,2,2026-08-18 20:45:56,excluded,,,,
domain:registry.sftp.1sy.top,domain,registry.sftp.1sy.top,2,2026-08-18 20:45:56,excluded,,,,
domain:elastic.sftp.1sy.top,domain,elastic.sftp.1sy.top,2,2026-08-18 20:45:56,excluded,,,,
domain:wechat2.sftp.1sy.top,domain,wechat2.sftp.1sy.top,2,2026-08-18 20:45:56,excluded,,,,
domain:about.sftp.1sy.top,domain,about.sftp.1sy.top,2,2026-08-18 20:45:56,excluded,,,,
domain:grpc.sftp.1sy.top,domain,grpc.sftp.1sy.top,2,2026-08-18 20:45:56,excluded,,,,
domain:buy.sftp.1sy.top,domain,buy.sftp.1sy.top,2,2026-08-18 20:45:56,excluded,,,,
domain:backup.sftp.1sy.top,domain,backup.sftp.1sy.top,2,2026-08-18 20:45:56,excluded,,,,
domain:index.sftp.1sy.top,domain,index.sftp.1sy.top,2,2026-08-18 20:45:56,excluded,,,,
domain:canary.sftp.1sy.top,domain,canary.sftp.1sy.top,2,2026-08-18 20:45:56,excluded,,,,
domain:comic.sftp.1sy.top,domain,comic.sftp.1sy.top,2,2026-08-18 20:45:56,excluded,,,,
domain:job.sftp.1sy.top,domain,job.sftp.1sy.top,2,2026-08-18 20:45:56,excluded,,,,
domain:open.sftp.1sy.top,domain,open.sftp.1sy.top,2,2026-08-18 20:45:56,excluded,,,,
domain:k8s.sftp.1sy.top,domain,k8s.sftp.1sy.top,2,2026-08-18 20:45:56,excluded,,,,
domain:saml.sftp.1sy.top,domain,saml.sftp.1sy.top,2,2026-08-18 20:45:56,excluded,,,,
domain:pre.sftp.1sy.top,domain,pre.sftp.1sy.top,2,2026-08-18 20:45:56,excluded,,,,
domain:preprod.sftp.1sy.top,domain,preprod.sftp.1sy.top,2,2026-08-18 20:45:56,excluded,,,,
domain:store.sftp.1sy.top,domain,store.sftp.1sy.top,2,2026-08-18 20:45:56,excluded,,,,
domain:manage.sftp.1sy.top,domain,manage.sftp.1sy.top,2,2026-08-18 20:45:56,excluded,,,,
domain:forum.sftp.1sy.top,domain,forum.sftp.1sy.top,2,2026-08-18 20:45:56,excluded,,,,
domain:testing.sftp.1sy.top,domain,testing.sftp.1sy.top,2,2026-08-18 20:45:56,excluded,,,,
domain:proxy.sftp.1sy.top,domain,proxy.sftp.1sy.top,2,2026-08-18 20:45:56,excluded,,,,
domain:erp.sftp.1sy.top,domain,erp.sftp.1sy.top,2,2026-08-18 20:45:56,excluded,,,,
domain:images.sftp.1sy.top,domain,images.sftp.1sy.top,2,2026-08-18 20:45:56,excluded,,,,
domain:order.sftp.1sy.top,domain,order.sftp.1sy.top,2,2026-08-18 20:45:56,excluded,,,,
domain:report.sftp.1sy.top,domain,report.sftp.1sy.top,2,2026-08-18 20:45:56,excluded,,,,
domain:img.sftp.1sy.top,domain,img.sftp.1sy.top,2,2026-08-18 20:45:56,excluded,,,,
domain:stage.sftp.1sy.top,domain,stage.sftp.1sy.top,2,2026-08-18 20:45:56,excluded,,,,
domain:library.sftp.1sy.top,domain,library.sftp.1sy.top,2,2026-08-18 20:45:56,excluded,,,,
domain:push.sftp.1sy.top,domain,push.sftp.1sy.top,2,2026-08-18 20:45:56,excluded,,,,
domain:grafana.sftp.1sy.top,domain,grafana.sftp.1sy.top,2,2026-08-18 20:45:56,excluded,,,,
domain:cos.sftp.1sy.top,domain,cos.sftp.1sy.top,2,2026-08-18 20:45:56,excluded,,,,
domain:h5.sftp.1sy.top,domain,h5.sftp.1sy.top,2,2026-08-18 20:45:56,excluded,,,,
domain:file.sftp.1sy.top,domain,file.sftp.1sy.top,2,2026-08-18 20:45:56,excluded,,,,
domain:export.sftp.1sy.top,domain,export.sftp.1sy.top,2,2026-08-18 20:45:56,excluded,,,,
domain:qa.sftp.1sy.top,domain,qa.sftp.1sy.top,2,2026-08-18 20:45:56,excluded,,,,
domain:wss.sftp.1sy.top,domain,wss.sftp.1sy.top,2,2026-08-18 20:45:56,excluded,,,,
domain:kubernetes.sftp.1sy.top,domain,kubernetes.sftp.1sy.top,2,2026-08-18 20:45:56,excluded,,,,
domain:manager.sftp.1sy.top,domain,manager.sftp.1sy.top,2,2026-08-18 20:45:56,excluded,,,,
domain:build.sftp.1sy.top,domain,build.sftp.1sy.top,2,2026-08-18 20:45:56,excluded,,,,
domain:elk.sftp.1sy.top,domain,elk.sftp.1sy.top,2,2026-08-18 20:45:56,excluded,,,,
domain:public.sftp.1sy.top,domain,public.sftp.1sy.top,2,2026-08-18 20:45:56,excluded,,,,
domain:help.sftp.1sy.top,domain,help.sftp.1sy.top,2,2026-08-18 20:45:56,excluded,,,,
domain:download.sftp.1sy.top,domain,download.sftp.1sy.top,2,2026-08-18 20:45:56,excluded,,,,
url:http://sftp.1sy.top/,url,http://sftp.1sy.top/,2,2026-08-18 20:45:58,eliminated,,,,
url:https://sftp.1sy.top/,url,https://sftp.1sy.top/,2,2026-08-18 20:45:58,eliminated,,,,
url:http://api-gateway.1sy.top/,url,http://api-gateway.1sy.top/,2,2026-08-18 20:45:57,eliminated,,,,
url:https://api-gateway.1sy.top/,url,https://api-gateway.1sy.top/,2,2026-08-18 20:45:57,eliminated,,,,
url:http://uat.1sy.top/,url,http://uat.1sy.top/,2,2026-08-18 20:46:02,eliminated,,,,
url:https://uat.1sy.top/,url,https://uat.1sy.top/,2,2026-08-18 20:46:02,eliminated,,,,
url:http://lb.1sy.top/,url,http://lb.1sy.top/,2,2026-08-18 20:46:03,eliminated,,,,
url:https://lb.1sy.top/,url,https://lb.1sy.top/,2,2026-08-18 20:46:03,eliminated,,,,
ip:18.179.196.144,ip,18.179.196.144,3,2026-08-18 20:46:10,scanned,,,,
url:http://cart.1sy.top/,url,http://cart.1sy.top/,2,2026-08-18 20:46:09,eliminated,,,,
url:https://cart.1sy.top/,url,https://cart.1sy.top/,2,2026-08-18 20:46:09,eliminated,,,,
url:http://metrics.1sy.top/,url,http://metrics.1sy.top/,2,2026-08-18 20:46:02,eliminated,,,,
url:https://metrics.1sy.top/,url,https://metrics.1sy.top/,2,2026-08-18 20:46:02,eliminated,,,,
url:http://webmail.1sy.top/,url,http://webmail.1sy.top/,2,2026-08-18 20:46:11,eliminated,,,,
url:https://webmail.1sy.top/,url,https://webmail.1sy.top/,2,2026-08-18 20:46:11,eliminated,,,,
ip:3.112.202.171,ip,3.112.202.171,2,2026-08-18 20:46:14,scanned,,,,
ip:54.64.212.29,ip,54.64.212.29,2,2026-08-18 20:46:15,scanned,,,,
url:http://uploads.1sy.top/,url,http://uploads.1sy.top/,2,2026-08-18 20:46:15,eliminated,,,,
url:https://uploads.1sy.top/,url,https://uploads.1sy.top/,2,2026-08-18 20:46:15,eliminated,,,,
url:http://chat.1sy.top/,url,http://chat.1sy.top/,2,2026-08-18 20:46:15,eliminated,,,,
url:https://chat.1sy.top/,url,https://chat.1sy.top/,2,2026-08-18 20:46:15,eliminated,,,,
url:http://jobs.1sy.top/,url,http://jobs.1sy.top/,2,2026-08-18 20:46:15,eliminated,,,,
url:https://jobs.1sy.top/,url,https://jobs.1sy.top/,2,2026-08-18 20:46:15,eliminated,,,,
url:http://proxy.1sy.top/,url,http://proxy.1sy.top/,2,2026-08-18 20:46:15,eliminated,,,,
url:https://proxy.1sy.top/,url,https://proxy.1sy.top/,2,2026-08-18 20:46:15,eliminated,,,,
ip:52.192.166.22,ip,52.192.166.22,3,2026-08-18 20:46:18,scanned,,,,
url:http://pgadmin.1sy.top/,url,http://pgadmin.1sy.top/,2,2026-08-18 20:46:18,eliminated,,,,
url:https://pgadmin.1sy.top/,url,https://pgadmin.1sy.top/,2,2026-08-18 20:46:18,eliminated,,,,
ip:3.113.7.49,ip,3.113.7.49,2,2026-08-18 20:46:19,scanned,,,,
ip:43.207.112.80,ip,43.207.112.80,3,2026-08-18 20:46:18,scanned,,,,
ip:13.231.143.44,ip,13.231.143.44,2,2026-08-18 20:46:22,scanned,,,,
url:http://ssh.1sy.top/,url,http://ssh.1sy.top/,2,2026-08-18 20:46:16,eliminated,,,,
url:https://ssh.1sy.top/,url,https://ssh.1sy.top/,2,2026-08-18 20:46:16,eliminated,,,,
url:http://tmp.1sy.top/,url,http://tmp.1sy.top/,2,2026-08-18 20:46:21,eliminated,,,,
url:https://tmp.1sy.top/,url,https://tmp.1sy.top/,2,2026-08-18 20:46:21,eliminated,,,,
ip:3.112.245.183,ip,3.112.245.183,3,2026-08-18 20:46:22,scanned,,,,
url:http://cdn2.1sy.top/,url,http://cdn2.1sy.top/,2,2026-08-18 20:46:22,eliminated,,,,
url:https://cdn2.1sy.top/,url,https://cdn2.1sy.top/,2,2026-08-18 20:46:22,eliminated,,,,
url:http://oss.1sy.top/,url,http://oss.1sy.top/,2,2026-08-18 20:46:23,eliminated,,,,
url:https://oss.1sy.top/,url,https://oss.1sy.top/,2,2026-08-18 20:46:23,eliminated,,,,
url:http://career.1sy.top/,url,http://career.1sy.top/,2,2026-08-18 20:46:22,eliminated,,,,
url:https://career.1sy.top/,url,https://career.1sy.top/,2,2026-08-18 20:46:22,eliminated,,,,
url:http://github.1sy.top/,url,http://github.1sy.top/,2,2026-08-18 20:46:21,eliminated,,,,
url:https://github.1sy.top/,url,https://github.1sy.top/,2,2026-08-18 20:46:21,eliminated,,,,
domain:wechat2.session.git.1sy.top,domain,wechat2.session.git.1sy.top,3,2026-08-18 20:48:14,excluded,,,,
domain:careers.session.git.1sy.top,domain,careers.session.git.1sy.top,3,2026-08-18 20:48:14,excluded,,,,
domain:dev.session.git.1sy.top,domain,dev.session.git.1sy.top,3,2026-08-18 20:48:14,excluded,,,,
domain:session.session.git.1sy.top,domain,session.session.git.1sy.top,3,2026-08-18 20:48:14,excluded,,,,
domain:media.session.git.1sy.top,domain,media.session.git.1sy.top,3,2026-08-18 20:48:14,excluded,,,,
domain:gitlab.session.git.1sy.top,domain,gitlab.session.git.1sy.top,3,2026-08-18 20:48:14,excluded,,,,
domain:wap2.session.git.1sy.top,domain,wap2.session.git.1sy.top,3,2026-08-18 20:48:14,excluded,,,,
domain:auth.session.git.1sy.top,domain,auth.session.git.1sy.top,3,2026-08-18 20:48:14,excluded,,,,
domain:office.session.git.1sy.top,domain,office.session.git.1sy.top,3,2026-08-18 20:48:15,excluded,,,,
domain:index.session.git.1sy.top,domain,index.session.git.1sy.top,3,2026-08-18 20:48:15,excluded,,,,
domain:console.session.git.1sy.top,domain,console.session.git.1sy.top,3,2026-08-18 20:48:15,excluded,,,,
domain:alipay.session.git.1sy.top,domain,alipay.session.git.1sy.top,3,2026-08-18 20:48:15,excluded,,,,
domain:m2.session.git.1sy.top,domain,m2.session.git.1sy.top,3,2026-08-18 20:48:15,excluded,,,,
domain:music.session.git.1sy.top,domain,music.session.git.1sy.top,3,2026-08-18 20:48:15,excluded,,,,
domain:bak.session.git.1sy.top,domain,bak.session.git.1sy.top,3,2026-08-18 20:48:15,excluded,,,,
domain:wx.session.git.1sy.top,domain,wx.session.git.1sy.top,3,2026-08-18 20:48:15,excluded,,,,
domain:payment.session.git.1sy.top,domain,payment.session.git.1sy.top,3,2026-08-18 20:48:16,excluded,,,,
domain:community.session.git.1sy.top,domain,community.session.git.1sy.top,3,2026-08-18 20:48:16,excluded,,,,
domain:qa.session.git.1sy.top,domain,qa.session.git.1sy.top,3,2026-08-18 20:48:16,excluded,,,,
domain:pop.session.git.1sy.top,domain,pop.session.git.1sy.top,3,2026-08-18 20:48:16,excluded,,,,
domain:career.session.git.1sy.top,domain,career.session.git.1sy.top,3,2026-08-18 20:48:16,excluded,,,,
domain:openapi.session.git.1sy.top,domain,openapi.session.git.1sy.top,3,2026-08-18 20:48:16,excluded,,,,
domain:shop.session.git.1sy.top,domain,shop.session.git.1sy.top,3,2026-08-18 20:48:16,excluded,,,,
domain:pre.session.git.1sy.top,domain,pre.session.git.1sy.top,3,2026-08-18 20:48:16,excluded,,,,
domain:miniapp.session.git.1sy.top,domain,miniapp.session.git.1sy.top,3,2026-08-18 20:48:16,excluded,,,,
domain:k8s.session.git.1sy.top,domain,k8s.session.git.1sy.top,3,2026-08-18 20:48:16,excluded,,,,
domain:remote.session.git.1sy.top,domain,remote.session.git.1sy.top,3,2026-08-18 20:48:16,excluded,,,,
domain:img2.session.git.1sy.top,domain,img2.session.git.1sy.top,3,2026-08-18 20:48:16,excluded,,,,
domain:crm.session.git.1sy.top,domain,crm.session.git.1sy.top,3,2026-08-18 20:48:16,excluded,,,,
domain:kibana.session.git.1sy.top,domain,kibana.session.git.1sy.top,3,2026-08-18 20:48:16,excluded,,,,
domain:kubernetes.session.git.1sy.top,domain,kubernetes.session.git.1sy.top,3,2026-08-18 20:48:16,excluded,,,,
domain:game.session.git.1sy.top,domain,game.session.git.1sy.top,3,2026-08-18 20:48:16,excluded,,,,
domain:faq.session.git.1sy.top,domain,faq.session.git.1sy.top,3,2026-08-18 20:48:16,excluded,,,,
domain:homepage.session.git.1sy.top,domain,homepage.session.git.1sy.top,3,2026-08-18 20:48:16,excluded,,,,
domain:sites.session.git.1sy.top,domain,sites.session.git.1sy.top,3,2026-08-18 20:48:16,excluded,,,,
domain:gw.session.git.1sy.top,domain,gw.session.git.1sy.top,3,2026-08-18 20:48:16,excluded,,,,
domain:webapp.session.git.1sy.top,domain,webapp.session.git.1sy.top,3,2026-08-18 20:48:16,excluded,,,,
domain:read.session.git.1sy.top,domain,read.session.git.1sy.top,3,2026-08-18 20:48:16,excluded,,,,
domain:pgadmin.session.git.1sy.top,domain,pgadmin.session.git.1sy.top,3,2026-08-18 20:48:16,excluded,,,,
domain:api-dev.session.git.1sy.top,domain,api-dev.session.git.1sy.top,3,2026-08-18 20:48:16,excluded,,,,
domain:uploads.session.git.1sy.top,domain,uploads.session.git.1sy.top,3,2026-08-18 20:48:16,excluded,,,,
domain:mobi.session.git.1sy.top,domain,mobi.session.git.1sy.top,3,2026-08-18 20:48:16,excluded,,,,
domain:docs.session.git.1sy.top,domain,docs.session.git.1sy.top,3,2026-08-18 20:48:16,excluded,,,,
domain:support.session.git.1sy.top,domain,support.session.git.1sy.top,3,2026-08-18 20:48:16,excluded,,,,
domain:imap.session.git.1sy.top,domain,imap.session.git.1sy.top,3,2026-08-18 20:48:16,excluded,,,,
domain:svn.session.git.1sy.top,domain,svn.session.git.1sy.top,3,2026-08-18 20:48:16,excluded,,,,
domain:public.session.git.1sy.top,domain,public.session.git.1sy.top,3,2026-08-18 20:48:16,excluded,,,,
domain:mini.session.git.1sy.top,domain,mini.session.git.1sy.top,3,2026-08-18 20:48:16,excluded,,,,
domain:administrator.session.git.1sy.top,domain,administrator.session.git.1sy.top,3,2026-08-18 20:48:16,excluded,,,,
domain:comic.session.git.1sy.top,domain,comic.session.git.1sy.top,3,2026-08-18 20:48:16,excluded,,,,
domain:novel.session.git.1sy.top,domain,novel.session.git.1sy.top,3,2026-08-18 20:48:16,excluded,,,,
domain:assets.session.git.1sy.top,domain,assets.session.git.1sy.top,3,2026-08-18 20:48:16,excluded,,,,
domain:magazine.session.git.1sy.top,domain,magazine.session.git.1sy.top,3,2026-08-18 20:48:16,excluded,,,,
domain:bucket.session.git.1sy.top,domain,bucket.session.git.1sy.top,3,2026-08-18 20:48:16,excluded,,,,
domain:db.session.git.1sy.top,domain,db.session.git.1sy.top,3,2026-08-18 20:48:16,excluded,,,,
domain:recruit.session.git.1sy.top,domain,recruit.session.git.1sy.top,3,2026-08-18 20:48:16,excluded,,,,
domain:ns2.session.git.1sy.top,domain,ns2.session.git.1sy.top,3,2026-08-18 20:48:16,excluded,,,,
domain:development.session.git.1sy.top,domain,development.session.git.1sy.top,3,2026-08-18 20:48:16,excluded,,,,
domain:pub.session.git.1sy.top,domain,pub.session.git.1sy.top,3,2026-08-18 20:48:16,excluded,,,,
domain:login.session.git.1sy.top,domain,login.session.git.1sy.top,3,2026-08-18 20:48:16,excluded,,,,
domain:jobs.session.git.1sy.top,domain,jobs.session.git.1sy.top,3,2026-08-18 20:48:17,excluded,,,,
domain:beta.session.git.1sy.top,domain,beta.session.git.1sy.top,3,2026-08-18 20:48:17,excluded,,,,
domain:unionpay.session.git.1sy.top,domain,unionpay.session.git.1sy.top,3,2026-08-18 20:48:17,excluded,,,,
domain:rest.session.git.1sy.top,domain,rest.session.git.1sy.top,3,2026-08-18 20:48:17,excluded,,,,
domain:mysql.session.git.1sy.top,domain,mysql.session.git.1sy.top,3,2026-08-18 20:48:17,excluded,,,,
domain:smtp.session.git.1sy.top,domain,smtp.session.git.1sy.top,3,2026-08-18 20:48:17,excluded,,,,
domain:pay.session.git.1sy.top,domain,pay.session.git.1sy.top,3,2026-08-18 20:48:17,excluded,,,,
domain:webmail.session.git.1sy.top,domain,webmail.session.git.1sy.top,3,2026-08-18 20:48:17,excluded,,,,
domain:static2.session.git.1sy.top,domain,static2.session.git.1sy.top,3,2026-08-18 20:48:17,excluded,,,,
domain:api2.session.git.1sy.top,domain,api2.session.git.1sy.top,3,2026-08-18 20:48:17,excluded,,,,
domain:cd.session.git.1sy.top,domain,cd.session.git.1sy.top,3,2026-08-18 20:48:17,excluded,,,,
domain:m.session.git.1sy.top,domain,m.session.git.1sy.top,3,2026-08-18 20:48:17,excluded,,,,
domain:apis.session.git.1sy.top,domain,apis.session.git.1sy.top,3,2026-08-18 20:48:17,excluded,,,,
domain:upload.session.git.1sy.top,domain,upload.session.git.1sy.top,3,2026-08-18 20:48:17,excluded,,,,
domain:api.session.git.1sy.top,domain,api.session.git.1sy.top,3,2026-08-18 20:48:17,excluded,,,,
domain:apps.session.git.1sy.top,domain,apps.session.git.1sy.top,3,2026-08-18 20:48:17,excluded,,,,
domain:ebook.session.git.1sy.top,domain,ebook.session.git.1sy.top,3,2026-08-18 20:48:17,excluded,,,,
domain:token.session.git.1sy.top,domain,token.session.git.1sy.top,3,2026-08-18 20:48:17,excluded,,,,
domain:static3.session.git.1sy.top,domain,static3.session.git.1sy.top,3,2026-08-18 20:48:17,excluded,,,,
domain:sale.session.git.1sy.top,domain,sale.session.git.1sy.top,3,2026-08-18 20:48:17,excluded,,,,
domain:phpadmin.session.git.1sy.top,domain,phpadmin.session.git.1sy.top,3,2026-08-18 20:48:17,excluded,,,,
domain:products.session.git.1sy.top,domain,products.session.git.1sy.top,3,2026-08-18 20:48:17,excluded,,,,
domain:bbs.session.git.1sy.top,domain,bbs.session.git.1sy.top,3,2026-08-18 20:48:17,excluded,,,,
domain:cas.session.git.1sy.top,domain,cas.session.git.1sy.top,3,2026-08-18 20:48:17,excluded,,,,
domain:uat.session.git.1sy.top,domain,uat.session.git.1sy.top,3,2026-08-18 20:48:17,excluded,,,,
domain:cms.session.git.1sy.top,domain,cms.session.git.1sy.top,3,2026-08-18 20:48:17,excluded,,,,
domain:store.session.git.1sy.top,domain,store.session.git.1sy.top,3,2026-08-18 20:48:17,excluded,,,,
domain:api-test.session.git.1sy.top,domain,api-test.session.git.1sy.top,3,2026-08-18 20:48:17,excluded,,,,
domain:file.session.git.1sy.top,domain,file.session.git.1sy.top,3,2026-08-18 20:48:17,excluded,,,,
domain:sftp.session.git.1sy.top,domain,sftp.session.git.1sy.top,3,2026-08-18 20:48:17,excluded,,,,
domain:cart.session.git.1sy.top,domain,cart.session.git.1sy.top,3,2026-08-18 20:48:17,excluded,,,,
domain:wechat.session.git.1sy.top,domain,wechat.session.git.1sy.top,3,2026-08-18 20:48:17,excluded,,,,
domain:websocket.session.git.1sy.top,domain,websocket.session.git.1sy.top,3,2026-08-18 20:48:17,excluded,,,,
domain:sess.session.git.1sy.top,domain,sess.session.git.1sy.top,3,2026-08-18 20:48:17,excluded,,,,
domain:sso2.session.git.1sy.top,domain,sso2.session.git.1sy.top,3,2026-08-18 20:48:17,excluded,,,,
domain:intranet.session.git.1sy.top,domain,intranet.session.git.1sy.top,3,2026-08-18 20:48:17,excluded,,,,
domain:www.session.git.1sy.top,domain,www.session.git.1sy.top,3,2026-08-18 20:48:17,excluded,,,,
domain:sse.session.git.1sy.top,domain,sse.session.git.1sy.top,3,2026-08-18 20:48:17,excluded,,,,
domain:order2.session.git.1sy.top,domain,order2.session.git.1sy.top,3,2026-08-18 20:48:17,excluded,,,,
domain:manager.session.git.1sy.top,domain,manager.session.git.1sy.top,3,2026-08-18 20:48:17,excluded,,,,
domain:docker.session.git.1sy.top,domain,docker.session.git.1sy.top,3,2026-08-18 20:48:17,excluded,,,,
domain:img.session.git.1sy.top,domain,img.session.git.1sy.top,3,2026-08-18 20:48:17,excluded,,,,
domain:book.session.git.1sy.top,domain,book.session.git.1sy.top,3,2026-08-18 20:48:17,excluded,,,,
domain:reports.session.git.1sy.top,domain,reports.session.git.1sy.top,3,2026-08-18 20:48:17,excluded,,,,
domain:grpc.session.git.1sy.top,domain,grpc.session.git.1sy.top,3,2026-08-18 20:48:17,excluded,,,,
domain:backup.session.git.1sy.top,domain,backup.session.git.1sy.top,3,2026-08-18 20:48:17,excluded,,,,
domain:cos.session.git.1sy.top,domain,cos.session.git.1sy.top,3,2026-08-18 20:48:17,excluded,,,,
domain:vpn.session.git.1sy.top,domain,vpn.session.git.1sy.top,3,2026-08-18 20:48:17,excluded,,,,
domain:prometheus.session.git.1sy.top,domain,prometheus.session.git.1sy.top,3,2026-08-18 20:48:17,excluded,,,,
domain:ssh.session.git.1sy.top,domain,ssh.session.git.1sy.top,3,2026-08-18 20:48:17,excluded,,,,
domain:demo.session.git.1sy.top,domain,demo.session.git.1sy.top,3,2026-08-18 20:48:17,excluded,,,,
domain:redis.session.git.1sy.top,domain,redis.session.git.1sy.top,3,2026-08-18 20:48:17,excluded,,,,
domain:ci.session.git.1sy.top,domain,ci.session.git.1sy.top,3,2026-08-18 20:48:17,excluded,,,,
domain:static.session.git.1sy.top,domain,static.session.git.1sy.top,3,2026-08-18 20:48:17,excluded,,,,
domain:radius.session.git.1sy.top,domain,radius.session.git.1sy.top,3,2026-08-18 20:48:17,excluded,,,,
domain:health.session.git.1sy.top,domain,health.session.git.1sy.top,3,2026-08-18 20:48:17,excluded,,,,
domain:pop3.session.git.1sy.top,domain,pop3.session.git.1sy.top,3,2026-08-18 20:48:17,excluded,,,,
domain:jenkins.session.git.1sy.top,domain,jenkins.session.git.1sy.top,3,2026-08-18 20:48:17,excluded,,,,
domain:story.session.git.1sy.top,domain,story.session.git.1sy.top,3,2026-08-18 20:48:17,excluded,,,,
domain:notification.session.git.1sy.top,domain,notification.session.git.1sy.top,3,2026-08-18 20:48:17,excluded,,,,
domain:blog.session.git.1sy.top,domain,blog.session.git.1sy.top,3,2026-08-18 20:48:17,excluded,,,,
domain:gray.session.git.1sy.top,domain,gray.session.git.1sy.top,3,2026-08-18 20:48:17,excluded,,,,
domain:saml.session.git.1sy.top,domain,saml.session.git.1sy.top,3,2026-08-18 20:48:17,excluded,,,,
domain:hr.session.git.1sy.top,domain,hr.session.git.1sy.top,3,2026-08-18 20:48:17,excluded,,,,
domain:wss.session.git.1sy.top,domain,wss.session.git.1sy.top,3,2026-08-18 20:48:17,excluded,,,,
domain:job.session.git.1sy.top,domain,job.session.git.1sy.top,3,2026-08-18 20:48:17,excluded,,,,
domain:about.session.git.1sy.top,domain,about.session.git.1sy.top,3,2026-08-18 20:48:17,excluded,,,,
domain:documentation.session.git.1sy.top,domain,documentation.session.git.1sy.top,3,2026-08-18 20:48:17,excluded,,,,
domain:export.session.git.1sy.top,domain,export.session.git.1sy.top,3,2026-08-18 20:48:17,excluded,,,,
domain:news.session.git.1sy.top,domain,news.session.git.1sy.top,3,2026-08-18 20:48:17,excluded,,,,
domain:product.session.git.1sy.top,domain,product.session.git.1sy.top,3,2026-08-18 20:48:17,excluded,,,,
domain:testing.session.git.1sy.top,domain,testing.session.git.1sy.top,3,2026-08-18 20:48:17,excluded,,,,
domain:market.session.git.1sy.top,domain,market.session.git.1sy.top,3,2026-08-18 20:48:17,excluded,,,,
domain:dev2.session.git.1sy.top,domain,dev2.session.git.1sy.top,3,2026-08-18 20:48:17,excluded,,,,
domain:cdn2.session.git.1sy.top,domain,cdn2.session.git.1sy.top,3,2026-08-18 20:48:17,excluded,,,,
domain:video.session.git.1sy.top,domain,video.session.git.1sy.top,3,2026-08-18 20:48:17,excluded,,,,
domain:erp.session.git.1sy.top,domain,erp.session.git.1sy.top,3,2026-08-18 20:48:17,excluded,,,,
domain:metrics.session.git.1sy.top,domain,metrics.session.git.1sy.top,3,2026-08-18 20:48:17,excluded,,,,
domain:tv.session.git.1sy.top,domain,tv.session.git.1sy.top,3,2026-08-18 20:48:17,excluded,,,,
domain:monitor.session.git.1sy.top,domain,monitor.session.git.1sy.top,3,2026-08-18 20:48:17,excluded,,,,
domain:services.session.git.1sy.top,domain,services.session.git.1sy.top,3,2026-08-18 20:48:17,excluded,,,,
domain:newsletter.session.git.1sy.top,domain,newsletter.session.git.1sy.top,3,2026-08-18 20:48:17,excluded,,,,
domain:cdn.session.git.1sy.top,domain,cdn.session.git.1sy.top,3,2026-08-18 20:48:17,excluded,,,,
domain:build.session.git.1sy.top,domain,build.session.git.1sy.top,3,2026-08-18 20:48:17,excluded,,,,
domain:mobile.session.git.1sy.top,domain,mobile.session.git.1sy.top,3,2026-08-18 20:48:17,excluded,,,,
domain:weixin.session.git.1sy.top,domain,weixin.session.git.1sy.top,3,2026-08-18 20:48:17,excluded,,,,
domain:home.session.git.1sy.top,domain,home.session.git.1sy.top,3,2026-08-18 20:48:17,excluded,,,,
domain:oss.session.git.1sy.top,domain,oss.session.git.1sy.top,3,2026-08-18 20:48:17,excluded,,,,
domain:git.session.git.1sy.top,domain,git.session.git.1sy.top,3,2026-08-18 20:48:17,excluded,,,,
domain:article.session.git.1sy.top,domain,article.session.git.1sy.top,3,2026-08-18 20:48:17,excluded,,,,
domain:tracking.session.git.1sy.top,domain,tracking.session.git.1sy.top,3,2026-08-18 20:48:17,excluded,,,,
domain:notify.session.git.1sy.top,domain,notify.session.git.1sy.top,3,2026-08-18 20:48:17,excluded,,,,
domain:image.session.git.1sy.top,domain,image.session.git.1sy.top,3,2026-08-18 20:48:17,excluded,,,,
domain:status.session.git.1sy.top,domain,status.session.git.1sy.top,3,2026-08-18 20:48:17,excluded,,,,
domain:phpmyadmin.session.git.1sy.top,domain,phpmyadmin.session.git.1sy.top,3,2026-08-18 20:48:17,excluded,,,,
domain:hrm.session.git.1sy.top,domain,hrm.session.git.1sy.top,3,2026-08-18 20:48:17,excluded,,,,
domain:ns3.session.git.1sy.top,domain,ns3.session.git.1sy.top,3,2026-08-18 20:48:17,excluded,,,,
domain:message.session.git.1sy.top,domain,message.session.git.1sy.top,3,2026-08-18 20:48:17,excluded,,,,
domain:tmp.session.git.1sy.top,domain,tmp.session.git.1sy.top,3,2026-08-18 20:48:17,excluded,,,,
domain:es.session.git.1sy.top,domain,es.session.git.1sy.top,3,2026-08-18 20:48:17,excluded,,,,
domain:storage.session.git.1sy.top,domain,storage.session.git.1sy.top,3,2026-08-18 20:48:17,excluded,,,,
domain:push.session.git.1sy.top,domain,push.session.git.1sy.top,3,2026-08-18 20:48:17,excluded,,,,
domain:games.session.git.1sy.top,domain,games.session.git.1sy.top,3,2026-08-18 20:48:17,excluded,,,,
domain:ldap.session.git.1sy.top,domain,ldap.session.git.1sy.top,3,2026-08-18 20:48:17,excluded,,,,
domain:api-internal.session.git.1sy.top,domain,api-internal.session.git.1sy.top,3,2026-08-18 20:48:17,excluded,,,,
domain:report.session.git.1sy.top,domain,report.session.git.1sy.top,3,2026-08-18 20:48:17,excluded,,,,
domain:files.session.git.1sy.top,domain,files.session.git.1sy.top,3,2026-08-18 20:48:17,excluded,,,,
domain:test2.session.git.1sy.top,domain,test2.session.git.1sy.top,3,2026-08-18 20:48:17,excluded,,,,
domain:main.session.git.1sy.top,domain,main.session.git.1sy.top,3,2026-08-18 20:48:17,excluded,,,,
domain:oa.session.git.1sy.top,domain,oa.session.git.1sy.top,3,2026-08-18 20:48:17,excluded,,,,
domain:checkout.session.git.1sy.top,domain,checkout.session.git.1sy.top,3,2026-08-18 20:48:17,excluded,,,,
domain:production.session.git.1sy.top,domain,production.session.git.1sy.top,3,2026-08-18 20:48:17,excluded,,,,
domain:preview.session.git.1sy.top,domain,preview.session.git.1sy.top,3,2026-08-18 20:48:17,excluded,,,,
domain:api-gw.session.git.1sy.top,domain,api-gw.session.git.1sy.top,3,2026-08-18 20:48:17,excluded,,,,
domain:doc.session.git.1sy.top,domain,doc.session.git.1sy.top,3,2026-08-18 20:48:17,excluded,,,,
domain:mysqladmin.session.git.1sy.top,domain,mysqladmin.session.git.1sy.top,3,2026-08-18 20:48:17,excluded,,,,
domain:staging.session.git.1sy.top,domain,staging.session.git.1sy.top,3,2026-08-18 20:48:17,excluded,,,,
domain:api-prod.session.git.1sy.top,domain,api-prod.session.git.1sy.top,3,2026-08-18 20:48:17,excluded,,,,
domain:sms.session.git.1sy.top,domain,sms.session.git.1sy.top,3,2026-08-18 20:48:17,excluded,,,,
domain:radio.session.git.1sy.top,domain,radio.session.git.1sy.top,3,2026-08-18 20:48:17,excluded,,,,
domain:manage.session.git.1sy.top,domain,manage.session.git.1sy.top,3,2026-08-18 20:48:17,excluded,,,,
domain:mx.session.git.1sy.top,domain,mx.session.git.1sy.top,3,2026-08-18 20:48:17,excluded,,,,
domain:log.session.git.1sy.top,domain,log.session.git.1sy.top,3,2026-08-18 20:48:17,excluded,,,,
domain:service.session.git.1sy.top,domain,service.session.git.1sy.top,3,2026-08-18 20:48:17,excluded,,,,
domain:order.session.git.1sy.top,domain,order.session.git.1sy.top,3,2026-08-18 20:48:17,excluded,,,,
domain:android.session.git.1sy.top,domain,android.session.git.1sy.top,3,2026-08-18 20:48:17,excluded,,,,
domain:mail2.session.git.1sy.top,domain,mail2.session.git.1sy.top,3,2026-08-18 20:48:17,excluded,,,,
domain:github.session.git.1sy.top,domain,github.session.git.1sy.top,3,2026-08-18 20:48:17,excluded,,,,
domain:api-staging.session.git.1sy.top,domain,api-staging.session.git.1sy.top,3,2026-08-18 20:48:17,excluded,,,,
domain:pay2.session.git.1sy.top,domain,pay2.session.git.1sy.top,3,2026-08-18 20:48:17,excluded,,,,
domain:ios.session.git.1sy.top,domain,ios.session.git.1sy.top,3,2026-08-18 20:48:17,excluded,,,,
domain:h5.session.git.1sy.top,domain,h5.session.git.1sy.top,3,2026-08-18 20:48:17,excluded,,,,
domain:test.session.git.1sy.top,domain,test.session.git.1sy.top,3,2026-08-18 20:48:17,excluded,,,,
domain:elk.session.git.1sy.top,domain,elk.session.git.1sy.top,3,2026-08-18 20:48:17,excluded,,,,
domain:documents.session.git.1sy.top,domain,documents.session.git.1sy.top,3,2026-08-18 20:48:17,excluded,,,,
domain:images.session.git.1sy.top,domain,images.session.git.1sy.top,3,2026-08-18 20:48:17,excluded,,,,
domain:logging.session.git.1sy.top,domain,logging.session.git.1sy.top,3,2026-08-18 20:48:17,excluded,,,,
domain:ftp.session.git.1sy.top,domain,ftp.session.git.1sy.top,3,2026-08-18 20:48:17,excluded,,,,
domain:mx2.session.git.1sy.top,domain,mx2.session.git.1sy.top,3,2026-08-18 20:48:17,excluded,,,,
domain:graphql.session.git.1sy.top,domain,graphql.session.git.1sy.top,3,2026-08-18 20:48:17,excluded,,,,
domain:forum.session.git.1sy.top,domain,forum.session.git.1sy.top,3,2026-08-18 20:48:17,excluded,,,,
domain:library.session.git.1sy.top,domain,library.session.git.1sy.top,3,2026-08-18 20:48:17,excluded,,,,
domain:cache.session.git.1sy.top,domain,cache.session.git.1sy.top,3,2026-08-18 20:48:18,excluded,,,,
domain:lb.session.git.1sy.top,domain,lb.session.git.1sy.top,3,2026-08-18 20:48:18,excluded,,,,
domain:stats.session.git.1sy.top,domain,stats.session.git.1sy.top,3,2026-08-18 20:48:18,excluded,,,,
domain:wap.session.git.1sy.top,domain,wap.session.git.1sy.top,3,2026-08-18 20:48:18,excluded,,,,
domain:ws.session.git.1sy.top,domain,ws.session.git.1sy.top,3,2026-08-18 20:48:18,excluded,,,,
domain:elastic.session.git.1sy.top,domain,elastic.session.git.1sy.top,3,2026-08-18 20:48:18,excluded,,,,
domain:dns.session.git.1sy.top,domain,dns.session.git.1sy.top,3,2026-08-18 20:48:18,excluded,,,,
domain:chat.session.git.1sy.top,domain,chat.session.git.1sy.top,3,2026-08-18 20:48:18,excluded,,,,
domain:img3.session.git.1sy.top,domain,img3.session.git.1sy.top,3,2026-08-18 20:48:18,excluded,,,,
domain:open.session.git.1sy.top,domain,open.session.git.1sy.top,3,2026-08-18 20:48:18,excluded,,,,
domain:analytics.session.git.1sy.top,domain,analytics.session.git.1sy.top,3,2026-08-18 20:48:18,excluded,,,,
domain:wiki.session.git.1sy.top,domain,wiki.session.git.1sy.top,3,2026-08-18 20:48:18,excluded,,,,
domain:webview.session.git.1sy.top,domain,webview.session.git.1sy.top,3,2026-08-18 20:48:18,excluded,,,,
domain:mailchimp.session.git.1sy.top,domain,mailchimp.session.git.1sy.top,3,2026-08-18 20:48:18,excluded,,,,
domain:staging2.session.git.1sy.top,domain,staging2.session.git.1sy.top,3,2026-08-18 20:48:18,excluded,,,,
domain:sso.session.git.1sy.top,domain,sso.session.git.1sy.top,3,2026-08-18 20:48:18,excluded,,,,
domain:cached.session.git.1sy.top,domain,cached.session.git.1sy.top,3,2026-08-18 20:48:18,excluded,,,,
domain:stage.session.git.1sy.top,domain,stage.session.git.1sy.top,3,2026-08-18 20:48:18,excluded,,,,
domain:prod.session.git.1sy.top,domain,prod.session.git.1sy.top,3,2026-08-18 20:48:18,excluded,,,,
domain:oauth.session.git.1sy.top,domain,oauth.session.git.1sy.top,3,2026-08-18 20:48:18,excluded,,,,
domain:books.session.git.1sy.top,domain,books.session.git.1sy.top,3,2026-08-18 20:48:18,excluded,,,,
domain:live.session.git.1sy.top,domain,live.session.git.1sy.top,3,2026-08-18 20:48:18,excluded,,,,
domain:reader.session.git.1sy.top,domain,reader.session.git.1sy.top,3,2026-08-18 20:48:18,excluded,,,,
domain:contact.session.git.1sy.top,domain,contact.session.git.1sy.top,3,2026-08-18 20:48:18,excluded,,,,
domain:proxy.session.git.1sy.top,domain,proxy.session.git.1sy.top,3,2026-08-18 20:48:18,excluded,,,,
domain:app.session.git.1sy.top,domain,app.session.git.1sy.top,3,2026-08-18 20:48:18,excluded,,,,
domain:download.session.git.1sy.top,domain,download.session.git.1sy.top,3,2026-08-18 20:48:18,excluded,,,,
domain:mail.session.git.1sy.top,domain,mail.session.git.1sy.top,3,2026-08-18 20:48:18,excluded,,,,
domain:preprod.session.git.1sy.top,domain,preprod.session.git.1sy.top,3,2026-08-18 20:48:18,excluded,,,,
domain:mx1.session.git.1sy.top,domain,mx1.session.git.1sy.top,3,2026-08-18 20:48:18,excluded,,,,
domain:api-gateway.session.git.1sy.top,domain,api-gateway.session.git.1sy.top,3,2026-08-18 20:48:18,excluded,,,,
domain:nlb.session.git.1sy.top,domain,nlb.session.git.1sy.top,3,2026-08-18 20:48:18,excluded,,,,
domain:zabbix.session.git.1sy.top,domain,zabbix.session.git.1sy.top,3,2026-08-18 20:48:18,excluded,,,,
domain:security.session.git.1sy.top,domain,security.session.git.1sy.top,3,2026-08-18 20:48:18,excluded,,,,
domain:logs.session.git.1sy.top,domain,logs.session.git.1sy.top,3,2026-08-18 20:48:18,excluded,,,,
domain:cdn3.session.git.1sy.top,domain,cdn3.session.git.1sy.top,3,2026-08-18 20:48:18,excluded,,,,
domain:socket.session.git.1sy.top,domain,socket.session.git.1sy.top,3,2026-08-18 20:48:18,excluded,,,,
domain:im.session.git.1sy.top,domain,im.session.git.1sy.top,3,2026-08-18 20:48:18,excluded,,,,
domain:mail1.session.git.1sy.top,domain,mail1.session.git.1sy.top,3,2026-08-18 20:48:18,excluded,,,,
domain:data.session.git.1sy.top,domain,data.session.git.1sy.top,3,2026-08-18 20:48:18,excluded,,,,
domain:ns1.session.git.1sy.top,domain,ns1.session.git.1sy.top,3,2026-08-18 20:48:18,excluded,,,,
domain:auth2.session.git.1sy.top,domain,auth2.session.git.1sy.top,3,2026-08-18 20:48:18,excluded,,,,
domain:help.session.git.1sy.top,domain,help.session.git.1sy.top,3,2026-08-18 20:48:18,excluded,,,,
domain:site.session.git.1sy.top,domain,site.session.git.1sy.top,3,2026-08-18 20:48:18,excluded,,,,
domain:database.session.git.1sy.top,domain,database.session.git.1sy.top,3,2026-08-18 20:48:18,excluded,,,,
domain:internal.session.git.1sy.top,domain,internal.session.git.1sy.top,3,2026-08-18 20:48:18,excluded,,,,
domain:registry.session.git.1sy.top,domain,registry.session.git.1sy.top,3,2026-08-18 20:48:18,excluded,,,,
domain:canary.session.git.1sy.top,domain,canary.session.git.1sy.top,3,2026-08-18 20:48:18,excluded,,,,
domain:admin.session.git.1sy.top,domain,admin.session.git.1sy.top,3,2026-08-18 20:48:18,excluded,,,,
domain:grafana.session.git.1sy.top,domain,grafana.session.git.1sy.top,3,2026-08-18 20:48:18,excluded,,,,
domain:keycloak.session.git.1sy.top,domain,keycloak.session.git.1sy.top,3,2026-08-18 20:48:18,excluded,,,,
domain:portal.session.git.1sy.top,domain,portal.session.git.1sy.top,3,2026-08-18 20:48:18,excluded,,,,
domain:sandbox.session.git.1sy.top,domain,sandbox.session.git.1sy.top,3,2026-08-18 20:48:18,excluded,,,,
domain:monitoring.session.git.1sy.top,domain,monitoring.session.git.1sy.top,3,2026-08-18 20:48:18,excluded,,,,
domain:gateway.session.git.1sy.top,domain,gateway.session.git.1sy.top,3,2026-08-18 20:48:18,excluded,,,,
domain:temp.session.git.1sy.top,domain,temp.session.git.1sy.top,3,2026-08-18 20:48:18,excluded,,,,
domain:buy.session.git.1sy.top,domain,buy.session.git.1sy.top,3,2026-08-18 20:48:18,excluded,,,,
domain:paper.session.git.1sy.top,domain,paper.session.git.1sy.top,3,2026-08-18 20:48:18,excluded,,,,
domain:web.session.git.1sy.top,domain,web.session.git.1sy.top,3,2026-08-18 20:48:18,excluded,,,,
domain:mall.session.git.1sy.top,domain,mall.session.git.1sy.top,3,2026-08-18 20:48:18,excluded,,,,
ip:52.68.214.152,ip,52.68.214.152,3,2026-08-18 20:48:19,scanned,,,,
domain:intranet.message.git.1sy.top,domain,intranet.message.git.1sy.top,3,2026-08-18 20:48:15,excluded,,,,
domain:mail2.message.git.1sy.top,domain,mail2.message.git.1sy.top,3,2026-08-18 20:48:16,excluded,,,,
domain:book.message.git.1sy.top,domain,book.message.git.1sy.top,3,2026-08-18 20:48:16,excluded,,,,
domain:webapp.message.git.1sy.top,domain,webapp.message.git.1sy.top,3,2026-08-18 20:48:16,excluded,,,,
domain:bbs.message.git.1sy.top,domain,bbs.message.git.1sy.top,3,2026-08-18 20:48:16,excluded,,,,
domain:api-gw.message.git.1sy.top,domain,api-gw.message.git.1sy.top,3,2026-08-18 20:48:16,excluded,,,,
domain:career.message.git.1sy.top,domain,career.message.git.1sy.top,3,2026-08-18 20:48:16,excluded,,,,
domain:public.message.git.1sy.top,domain,public.message.git.1sy.top,3,2026-08-18 20:48:16,excluded,,,,
domain:index.message.git.1sy.top,domain,index.message.git.1sy.top,3,2026-08-18 20:48:16,excluded,,,,
domain:sse.message.git.1sy.top,domain,sse.message.git.1sy.top,3,2026-08-18 20:48:16,excluded,,,,
domain:comic.message.git.1sy.top,domain,comic.message.git.1sy.top,3,2026-08-18 20:48:16,excluded,,,,
domain:logging.message.git.1sy.top,domain,logging.message.git.1sy.top,3,2026-08-18 20:48:16,excluded,,,,
domain:preprod.message.git.1sy.top,domain,preprod.message.git.1sy.top,3,2026-08-18 20:48:16,excluded,,,,
domain:ssh.message.git.1sy.top,domain,ssh.message.git.1sy.top,3,2026-08-18 20:48:16,excluded,,,,
domain:file.message.git.1sy.top,domain,file.message.git.1sy.top,3,2026-08-18 20:48:16,excluded,,,,
domain:community.message.git.1sy.top,domain,community.message.git.1sy.top,3,2026-08-18 20:48:16,excluded,,,,
domain:www.message.git.1sy.top,domain,www.message.git.1sy.top,3,2026-08-18 20:48:16,excluded,,,,
domain:magazine.message.git.1sy.top,domain,magazine.message.git.1sy.top,3,2026-08-18 20:48:16,excluded,,,,
domain:reader.message.git.1sy.top,domain,reader.message.git.1sy.top,3,2026-08-18 20:48:16,excluded,,,,
domain:cached.message.git.1sy.top,domain,cached.message.git.1sy.top,3,2026-08-18 20:48:16,excluded,,,,
domain:open.message.git.1sy.top,domain,open.message.git.1sy.top,3,2026-08-18 20:48:16,excluded,,,,
domain:library.message.git.1sy.top,domain,library.message.git.1sy.top,3,2026-08-18 20:48:16,excluded,,,,
domain:product.message.git.1sy.top,domain,product.message.git.1sy.top,3,2026-08-18 20:48:16,excluded,,,,
domain:internal.message.git.1sy.top,domain,internal.message.git.1sy.top,3,2026-08-18 20:48:16,excluded,,,,
domain:office.message.git.1sy.top,domain,office.message.git.1sy.top,3,2026-08-18 20:48:16,excluded,,,,
domain:jenkins.message.git.1sy.top,domain,jenkins.message.git.1sy.top,3,2026-08-18 20:48:16,excluded,,,,
domain:assets.message.git.1sy.top,domain,assets.message.git.1sy.top,3,2026-08-18 20:48:16,excluded,,,,
domain:cd.message.git.1sy.top,domain,cd.message.git.1sy.top,3,2026-08-18 20:48:16,excluded,,,,
domain:ci.message.git.1sy.top,domain,ci.message.git.1sy.top,3,2026-08-18 20:48:16,excluded,,,,
domain:preview.message.git.1sy.top,domain,preview.message.git.1sy.top,3,2026-08-18 20:48:16,excluded,,,,
domain:registry.message.git.1sy.top,domain,registry.message.git.1sy.top,3,2026-08-18 20:48:16,excluded,,,,
domain:h5.message.git.1sy.top,domain,h5.message.git.1sy.top,3,2026-08-18 20:48:16,excluded,,,,
domain:grafana.message.git.1sy.top,domain,grafana.message.git.1sy.top,3,2026-08-18 20:48:16,excluded,,,,
domain:reports.message.git.1sy.top,domain,reports.message.git.1sy.top,3,2026-08-18 20:48:16,excluded,,,,
domain:graphql.message.git.1sy.top,domain,graphql.message.git.1sy.top,3,2026-08-18 20:48:16,excluded,,,,
domain:pop3.message.git.1sy.top,domain,pop3.message.git.1sy.top,3,2026-08-18 20:48:16,excluded,,,,
domain:stats.message.git.1sy.top,domain,stats.message.git.1sy.top,3,2026-08-18 20:48:16,excluded,,,,
domain:data.message.git.1sy.top,domain,data.message.git.1sy.top,3,2026-08-18 20:48:16,excluded,,,,
domain:log.message.git.1sy.top,domain,log.message.git.1sy.top,3,2026-08-18 20:48:16,excluded,,,,
domain:tracking.message.git.1sy.top,domain,tracking.message.git.1sy.top,3,2026-08-18 20:48:16,excluded,,,,
domain:vpn.message.git.1sy.top,domain,vpn.message.git.1sy.top,3,2026-08-18 20:48:16,excluded,,,,
domain:ebook.message.git.1sy.top,domain,ebook.message.git.1sy.top,3,2026-08-18 20:48:16,excluded,,,,
domain:mobi.message.git.1sy.top,domain,mobi.message.git.1sy.top,3,2026-08-18 20:48:16,excluded,,,,
domain:support.message.git.1sy.top,domain,support.message.git.1sy.top,3,2026-08-18 20:48:16,excluded,,,,
domain:production.message.git.1sy.top,domain,production.message.git.1sy.top,3,2026-08-18 20:48:16,excluded,,,,
domain:db.message.git.1sy.top,domain,db.message.git.1sy.top,3,2026-08-18 20:48:16,excluded,,,,
domain:download.message.git.1sy.top,domain,download.message.git.1sy.top,3,2026-08-18 20:48:17,excluded,,,,
domain:chat.message.git.1sy.top,domain,chat.message.git.1sy.top,3,2026-08-18 20:48:17,excluded,,,,
domain:mailchimp.message.git.1sy.top,domain,mailchimp.message.git.1sy.top,3,2026-08-18 20:48:17,excluded,,,,
domain:sess.message.git.1sy.top,domain,sess.message.git.1sy.top,3,2026-08-18 20:48:17,excluded,,,,
domain:wap.message.git.1sy.top,domain,wap.message.git.1sy.top,3,2026-08-18 20:48:17,excluded,,,,
domain:bak.message.git.1sy.top,domain,bak.message.git.1sy.top,3,2026-08-18 20:48:17,excluded,,,,
domain:wechat.message.git.1sy.top,domain,wechat.message.git.1sy.top,3,2026-08-18 20:48:17,excluded,,,,
domain:openapi.message.git.1sy.top,domain,openapi.message.git.1sy.top,3,2026-08-18 20:48:17,excluded,,,,
domain:unionpay.message.git.1sy.top,domain,unionpay.message.git.1sy.top,3,2026-08-18 20:48:17,excluded,,,,
domain:logs.message.git.1sy.top,domain,logs.message.git.1sy.top,3,2026-08-18 20:48:17,excluded,,,,
domain:ns2.message.git.1sy.top,domain,ns2.message.git.1sy.top,3,2026-08-18 20:48:17,excluded,,,,
domain:story.message.git.1sy.top,domain,story.message.git.1sy.top,3,2026-08-18 20:48:17,excluded,,,,
domain:read.message.git.1sy.top,domain,read.message.git.1sy.top,3,2026-08-18 20:48:17,excluded,,,,
domain:gitlab.message.git.1sy.top,domain,gitlab.message.git.1sy.top,3,2026-08-18 20:48:17,excluded,,,,
domain:mail1.message.git.1sy.top,domain,mail1.message.git.1sy.top,3,2026-08-18 20:48:17,excluded,,,,
domain:docker.message.git.1sy.top,domain,docker.message.git.1sy.top,3,2026-08-18 20:48:17,excluded,,,,
domain:crm.message.git.1sy.top,domain,crm.message.git.1sy.top,3,2026-08-18 20:48:17,excluded,,,,
domain:ldap.message.git.1sy.top,domain,ldap.message.git.1sy.top,3,2026-08-18 20:48:17,excluded,,,,
domain:main.message.git.1sy.top,domain,main.message.git.1sy.top,3,2026-08-18 20:48:17,excluded,,,,
domain:lb.message.git.1sy.top,domain,lb.message.git.1sy.top,3,2026-08-18 20:48:17,excluded,,,,
domain:order.message.git.1sy.top,domain,order.message.git.1sy.top,3,2026-08-18 20:48:17,excluded,,,,
domain:recruit.message.git.1sy.top,domain,recruit.message.git.1sy.top,3,2026-08-18 20:48:17,excluded,,,,
domain:static2.message.git.1sy.top,domain,static2.message.git.1sy.top,3,2026-08-18 20:48:17,excluded,,,,
domain:buy.message.git.1sy.top,domain,buy.message.git.1sy.top,3,2026-08-18 20:48:17,excluded,,,,
domain:api-test.message.git.1sy.top,domain,api-test.message.git.1sy.top,3,2026-08-18 20:48:17,excluded,,,,
domain:grpc.message.git.1sy.top,domain,grpc.message.git.1sy.top,3,2026-08-18 20:48:17,excluded,,,,
domain:documents.message.git.1sy.top,domain,documents.message.git.1sy.top,3,2026-08-18 20:48:17,excluded,,,,
domain:payment.message.git.1sy.top,domain,payment.message.git.1sy.top,3,2026-08-18 20:48:17,excluded,,,,
domain:zabbix.message.git.1sy.top,domain,zabbix.message.git.1sy.top,3,2026-08-18 20:48:17,excluded,,,,
domain:backup.message.git.1sy.top,domain,backup.message.git.1sy.top,3,2026-08-18 20:48:17,excluded,,,,
domain:websocket.message.git.1sy.top,domain,websocket.message.git.1sy.top,3,2026-08-18 20:48:17,excluded,,,,
domain:canary.message.git.1sy.top,domain,canary.message.git.1sy.top,3,2026-08-18 20:48:17,excluded,,,,
domain:dev.message.git.1sy.top,domain,dev.message.git.1sy.top,3,2026-08-18 20:48:17,excluded,,,,
domain:docs.message.git.1sy.top,domain,docs.message.git.1sy.top,3,2026-08-18 20:48:17,excluded,,,,
domain:video.message.git.1sy.top,domain,video.message.git.1sy.top,3,2026-08-18 20:48:17,excluded,,,,
domain:session.message.git.1sy.top,domain,session.message.git.1sy.top,3,2026-08-18 20:48:17,excluded,,,,
domain:service.message.git.1sy.top,domain,service.message.git.1sy.top,3,2026-08-18 20:48:17,excluded,,,,
domain:wap2.message.git.1sy.top,domain,wap2.message.git.1sy.top,3,2026-08-18 20:48:17,excluded,,,,
domain:games.message.git.1sy.top,domain,games.message.git.1sy.top,3,2026-08-18 20:48:17,excluded,,,,
domain:manage.message.git.1sy.top,domain,manage.message.git.1sy.top,3,2026-08-18 20:48:17,excluded,,,,
domain:keycloak.message.git.1sy.top,domain,keycloak.message.git.1sy.top,3,2026-08-18 20:48:17,excluded,,,,
domain:mysqladmin.message.git.1sy.top,domain,mysqladmin.message.git.1sy.top,3,2026-08-18 20:48:17,excluded,,,,
domain:job.message.git.1sy.top,domain,job.message.git.1sy.top,3,2026-08-18 20:48:17,excluded,,,,
domain:novel.message.git.1sy.top,domain,novel.message.git.1sy.top,3,2026-08-18 20:48:17,excluded,,,,
domain:mini.message.git.1sy.top,domain,mini.message.git.1sy.top,3,2026-08-18 20:48:17,excluded,,,,
domain:products.message.git.1sy.top,domain,products.message.git.1sy.top,3,2026-08-18 20:48:17,excluded,,,,
domain:faq.message.git.1sy.top,domain,faq.message.git.1sy.top,3,2026-08-18 20:48:17,excluded,,,,
domain:staging.message.git.1sy.top,domain,staging.message.git.1sy.top,3,2026-08-18 20:48:17,excluded,,,,
domain:api-prod.message.git.1sy.top,domain,api-prod.message.git.1sy.top,3,2026-08-18 20:48:17,excluded,,,,
domain:documentation.message.git.1sy.top,domain,documentation.message.git.1sy.top,3,2026-08-18 20:48:17,excluded,,,,
domain:wiki.message.git.1sy.top,domain,wiki.message.git.1sy.top,3,2026-08-18 20:48:17,excluded,,,,
domain:elastic.message.git.1sy.top,domain,elastic.message.git.1sy.top,3,2026-08-18 20:48:17,excluded,,,,
domain:socket.message.git.1sy.top,domain,socket.message.git.1sy.top,3,2026-08-18 20:48:17,excluded,,,,
domain:help.message.git.1sy.top,domain,help.message.git.1sy.top,3,2026-08-18 20:48:17,excluded,,,,
domain:pgadmin.message.git.1sy.top,domain,pgadmin.message.git.1sy.top,3,2026-08-18 20:48:17,excluded,,,,
domain:sso2.message.git.1sy.top,domain,sso2.message.git.1sy.top,3,2026-08-18 20:48:17,excluded,,,,
domain:ns1.message.git.1sy.top,domain,ns1.message.git.1sy.top,3,2026-08-18 20:48:17,excluded,,,,
domain:tv.message.git.1sy.top,domain,tv.message.git.1sy.top,3,2026-08-18 20:48:17,excluded,,,,
domain:pub.message.git.1sy.top,domain,pub.message.git.1sy.top,3,2026-08-18 20:48:17,excluded,,,,
domain:ns3.message.git.1sy.top,domain,ns3.message.git.1sy.top,3,2026-08-18 20:48:17,excluded,,,,
domain:oss.message.git.1sy.top,domain,oss.message.git.1sy.top,3,2026-08-18 20:48:17,excluded,,,,
domain:gateway.message.git.1sy.top,domain,gateway.message.git.1sy.top,3,2026-08-18 20:48:17,excluded,,,,
domain:checkout.message.git.1sy.top,domain,checkout.message.git.1sy.top,3,2026-08-18 20:48:17,excluded,,,,
domain:pay.message.git.1sy.top,domain,pay.message.git.1sy.top,3,2026-08-18 20:48:17,excluded,,,,
domain:game.message.git.1sy.top,domain,game.message.git.1sy.top,3,2026-08-18 20:48:17,excluded,,,,
domain:mobile.message.git.1sy.top,domain,mobile.message.git.1sy.top,3,2026-08-18 20:48:17,excluded,,,,
domain:uploads.message.git.1sy.top,domain,uploads.message.git.1sy.top,3,2026-08-18 20:48:17,excluded,,,,
domain:erp.message.git.1sy.top,domain,erp.message.git.1sy.top,3,2026-08-18 20:48:17,excluded,,,,
domain:api-gateway.message.git.1sy.top,domain,api-gateway.message.git.1sy.top,3,2026-08-18 20:48:17,excluded,,,,
domain:doc.message.git.1sy.top,domain,doc.message.git.1sy.top,3,2026-08-18 20:48:17,excluded,,,,
domain:es.message.git.1sy.top,domain,es.message.git.1sy.top,3,2026-08-18 20:48:17,excluded,,,,
domain:contact.message.git.1sy.top,domain,contact.message.git.1sy.top,3,2026-08-18 20:48:17,excluded,,,,
domain:sftp.message.git.1sy.top,domain,sftp.message.git.1sy.top,3,2026-08-18 20:48:17,excluded,,,,
domain:apps.message.git.1sy.top,domain,apps.message.git.1sy.top,3,2026-08-18 20:48:17,excluded,,,,
domain:metrics.message.git.1sy.top,domain,metrics.message.git.1sy.top,3,2026-08-18 20:48:17,excluded,,,,
domain:sms.message.git.1sy.top,domain,sms.message.git.1sy.top,3,2026-08-18 20:48:17,excluded,,,,
domain:paper.message.git.1sy.top,domain,paper.message.git.1sy.top,3,2026-08-18 20:48:17,excluded,,,,
domain:apis.message.git.1sy.top,domain,apis.message.git.1sy.top,3,2026-08-18 20:48:17,excluded,,,,
domain:ftp.message.git.1sy.top,domain,ftp.message.git.1sy.top,3,2026-08-18 20:48:17,excluded,,,,
domain:auth.message.git.1sy.top,domain,auth.message.git.1sy.top,3,2026-08-18 20:48:17,excluded,,,,
domain:sale.message.git.1sy.top,domain,sale.message.git.1sy.top,3,2026-08-18 20:48:17,excluded,,,,
domain:bucket.message.git.1sy.top,domain,bucket.message.git.1sy.top,3,2026-08-18 20:48:17,excluded,,,,
domain:imap.message.git.1sy.top,domain,imap.message.git.1sy.top,3,2026-08-18 20:48:17,excluded,,,,
domain:ws.message.git.1sy.top,domain,ws.message.git.1sy.top,3,2026-08-18 20:48:17,excluded,,,,
domain:cdn2.message.git.1sy.top,domain,cdn2.message.git.1sy.top,3,2026-08-18 20:48:17,excluded,,,,
domain:api2.message.git.1sy.top,domain,api2.message.git.1sy.top,3,2026-08-18 20:48:17,excluded,,,,
domain:webview.message.git.1sy.top,domain,webview.message.git.1sy.top,3,2026-08-18 20:48:17,excluded,,,,
domain:svn.message.git.1sy.top,domain,svn.message.git.1sy.top,3,2026-08-18 20:48:17,excluded,,,,
domain:img2.message.git.1sy.top,domain,img2.message.git.1sy.top,3,2026-08-18 20:48:17,excluded,,,,
domain:music.message.git.1sy.top,domain,music.message.git.1sy.top,3,2026-08-18 20:48:17,excluded,,,,
domain:article.message.git.1sy.top,domain,article.message.git.1sy.top,3,2026-08-18 20:48:17,excluded,,,,
domain:auth2.message.git.1sy.top,domain,auth2.message.git.1sy.top,3,2026-08-18 20:48:17,excluded,,,,
domain:wx.message.git.1sy.top,domain,wx.message.git.1sy.top,3,2026-08-18 20:48:17,excluded,,,,
domain:message.message.git.1sy.top,domain,message.message.git.1sy.top,3,2026-08-18 20:48:17,excluded,,,,
domain:prod.message.git.1sy.top,domain,prod.message.git.1sy.top,3,2026-08-18 20:48:17,excluded,,,,
domain:rest.message.git.1sy.top,domain,rest.message.git.1sy.top,3,2026-08-18 20:48:17,excluded,,,,
domain:images.message.git.1sy.top,domain,images.message.git.1sy.top,3,2026-08-18 20:48:17,excluded,,,,
domain:static3.message.git.1sy.top,domain,static3.message.git.1sy.top,3,2026-08-18 20:48:17,excluded,,,,
domain:nlb.message.git.1sy.top,domain,nlb.message.git.1sy.top,3,2026-08-18 20:48:17,excluded,,,,
domain:store.message.git.1sy.top,domain,store.message.git.1sy.top,3,2026-08-18 20:48:17,excluded,,,,
domain:gw.message.git.1sy.top,domain,gw.message.git.1sy.top,3,2026-08-18 20:48:17,excluded,,,,
domain:oauth.message.git.1sy.top,domain,oauth.message.git.1sy.top,3,2026-08-18 20:48:17,excluded,,,,
domain:live.message.git.1sy.top,domain,live.message.git.1sy.top,3,2026-08-18 20:48:17,excluded,,,,
domain:jobs.message.git.1sy.top,domain,jobs.message.git.1sy.top,3,2026-08-18 20:48:17,excluded,,,,
domain:test2.message.git.1sy.top,domain,test2.message.git.1sy.top,3,2026-08-18 20:48:17,excluded,,,,
domain:api-staging.message.git.1sy.top,domain,api-staging.message.git.1sy.top,3,2026-08-18 20:48:17,excluded,,,,
domain:img.message.git.1sy.top,domain,img.message.git.1sy.top,3,2026-08-18 20:48:17,excluded,,,,
domain:qa.message.git.1sy.top,domain,qa.message.git.1sy.top,3,2026-08-18 20:48:17,excluded,,,,
domain:analytics.message.git.1sy.top,domain,analytics.message.git.1sy.top,3,2026-08-18 20:48:17,excluded,,,,
domain:careers.message.git.1sy.top,domain,careers.message.git.1sy.top,3,2026-08-18 20:48:17,excluded,,,,
domain:smtp.message.git.1sy.top,domain,smtp.message.git.1sy.top,3,2026-08-18 20:48:17,excluded,,,,
domain:prometheus.message.git.1sy.top,domain,prometheus.message.git.1sy.top,3,2026-08-18 20:48:17,excluded,,,,
domain:kibana.message.git.1sy.top,domain,kibana.message.git.1sy.top,3,2026-08-18 20:48:17,excluded,,,,
domain:cache.message.git.1sy.top,domain,cache.message.git.1sy.top,3,2026-08-18 20:48:17,excluded,,,,
domain:pre.message.git.1sy.top,domain,pre.message.git.1sy.top,3,2026-08-18 20:48:17,excluded,,,,
domain:stage.message.git.1sy.top,domain,stage.message.git.1sy.top,3,2026-08-18 20:48:17,excluded,,,,
domain:beta.message.git.1sy.top,domain,beta.message.git.1sy.top,3,2026-08-18 20:48:17,excluded,,,,
domain:news.message.git.1sy.top,domain,news.message.git.1sy.top,3,2026-08-18 20:48:17,excluded,,,,
domain:git.message.git.1sy.top,domain,git.message.git.1sy.top,3,2026-08-18 20:48:17,excluded,,,,
domain:dns.message.git.1sy.top,domain,dns.message.git.1sy.top,3,2026-08-18 20:48:17,excluded,,,,
domain:redis.message.git.1sy.top,domain,redis.message.git.1sy.top,3,2026-08-18 20:48:17,excluded,,,,
domain:wechat2.message.git.1sy.top,domain,wechat2.message.git.1sy.top,3,2026-08-18 20:48:17,excluded,,,,
domain:upload.message.git.1sy.top,domain,upload.message.git.1sy.top,3,2026-08-18 20:48:17,excluded,,,,
domain:kubernetes.message.git.1sy.top,domain,kubernetes.message.git.1sy.top,3,2026-08-18 20:48:17,excluded,,,,
domain:notification.message.git.1sy.top,domain,notification.message.git.1sy.top,3,2026-08-18 20:48:17,excluded,,,,
domain:login.message.git.1sy.top,domain,login.message.git.1sy.top,3,2026-08-18 20:48:17,excluded,,,,
domain:test.message.git.1sy.top,domain,test.message.git.1sy.top,3,2026-08-18 20:48:17,excluded,,,,
domain:manager.message.git.1sy.top,domain,manager.message.git.1sy.top,3,2026-08-18 20:48:17,excluded,,,,
domain:testing.message.git.1sy.top,domain,testing.message.git.1sy.top,3,2026-08-18 20:48:17,excluded,,,,
domain:m.message.git.1sy.top,domain,m.message.git.1sy.top,3,2026-08-18 20:48:17,excluded,,,,
domain:files.message.git.1sy.top,domain,files.message.git.1sy.top,3,2026-08-18 20:48:17,excluded,,,,
domain:cart.message.git.1sy.top,domain,cart.message.git.1sy.top,3,2026-08-18 20:48:17,excluded,,,,
domain:export.message.git.1sy.top,domain,export.message.git.1sy.top,3,2026-08-18 20:48:17,excluded,,,,
domain:temp.message.git.1sy.top,domain,temp.message.git.1sy.top,3,2026-08-18 20:48:17,excluded,,,,
domain:uat.message.git.1sy.top,domain,uat.message.git.1sy.top,3,2026-08-18 20:48:17,excluded,,,,
domain:mx1.message.git.1sy.top,domain,mx1.message.git.1sy.top,3,2026-08-18 20:48:17,excluded,,,,
domain:security.message.git.1sy.top,domain,security.message.git.1sy.top,3,2026-08-18 20:48:17,excluded,,,,
domain:media.message.git.1sy.top,domain,media.message.git.1sy.top,3,2026-08-18 20:48:17,excluded,,,,
domain:push.message.git.1sy.top,domain,push.message.git.1sy.top,3,2026-08-18 20:48:17,excluded,,,,
domain:forum.message.git.1sy.top,domain,forum.message.git.1sy.top,3,2026-08-18 20:48:17,excluded,,,,
domain:mall.message.git.1sy.top,domain,mall.message.git.1sy.top,3,2026-08-18 20:48:17,excluded,,,,
domain:blog.message.git.1sy.top,domain,blog.message.git.1sy.top,3,2026-08-18 20:48:17,excluded,,,,
domain:console.message.git.1sy.top,domain,console.message.git.1sy.top,3,2026-08-18 20:48:17,excluded,,,,
domain:staging2.message.git.1sy.top,domain,staging2.message.git.1sy.top,3,2026-08-18 20:48:17,excluded,,,,
domain:proxy.message.git.1sy.top,domain,proxy.message.git.1sy.top,3,2026-08-18 20:48:17,excluded,,,,
domain:weixin.message.git.1sy.top,domain,weixin.message.git.1sy.top,3,2026-08-18 20:48:17,excluded,,,,
domain:radius.message.git.1sy.top,domain,radius.message.git.1sy.top,3,2026-08-18 20:48:17,excluded,,,,
domain:api.message.git.1sy.top,domain,api.message.git.1sy.top,3,2026-08-18 20:48:18,excluded,,,,
domain:app.message.git.1sy.top,domain,app.message.git.1sy.top,3,2026-08-18 20:48:18,excluded,,,,
domain:pay2.message.git.1sy.top,domain,pay2.message.git.1sy.top,3,2026-08-18 20:48:18,excluded,,,,
domain:image.message.git.1sy.top,domain,image.message.git.1sy.top,3,2026-08-18 20:48:18,excluded,,,,
domain:mx2.message.git.1sy.top,domain,mx2.message.git.1sy.top,3,2026-08-18 20:48:18,excluded,,,,
domain:about.message.git.1sy.top,domain,about.message.git.1sy.top,3,2026-08-18 20:48:18,excluded,,,,
domain:home.message.git.1sy.top,domain,home.message.git.1sy.top,3,2026-08-18 20:48:18,excluded,,,,
domain:im.message.git.1sy.top,domain,im.message.git.1sy.top,3,2026-08-18 20:48:18,excluded,,,,
domain:api-dev.message.git.1sy.top,domain,api-dev.message.git.1sy.top,3,2026-08-18 20:48:18,excluded,,,,
domain:phpadmin.message.git.1sy.top,domain,phpadmin.message.git.1sy.top,3,2026-08-18 20:48:18,excluded,,,,
domain:hr.message.git.1sy.top,domain,hr.message.git.1sy.top,3,2026-08-18 20:48:18,excluded,,,,
domain:admin.message.git.1sy.top,domain,admin.message.git.1sy.top,3,2026-08-18 20:48:18,excluded,,,,
domain:books.message.git.1sy.top,domain,books.message.git.1sy.top,3,2026-08-18 20:48:18,excluded,,,,
domain:newsletter.message.git.1sy.top,domain,newsletter.message.git.1sy.top,3,2026-08-18 20:48:18,excluded,,,,
domain:static.message.git.1sy.top,domain,static.message.git.1sy.top,3,2026-08-18 20:48:18,excluded,,,,
domain:administrator.message.git.1sy.top,domain,administrator.message.git.1sy.top,3,2026-08-18 20:48:18,excluded,,,,
domain:hrm.message.git.1sy.top,domain,hrm.message.git.1sy.top,3,2026-08-18 20:48:18,excluded,,,,
domain:sso.message.git.1sy.top,domain,sso.message.git.1sy.top,3,2026-08-18 20:48:18,excluded,,,,
domain:homepage.message.git.1sy.top,domain,homepage.message.git.1sy.top,3,2026-08-18 20:48:18,excluded,,,,
domain:phpmyadmin.message.git.1sy.top,domain,phpmyadmin.message.git.1sy.top,3,2026-08-18 20:48:18,excluded,,,,
domain:github.message.git.1sy.top,domain,github.message.git.1sy.top,3,2026-08-18 20:48:18,excluded,,,,
domain:android.message.git.1sy.top,domain,android.message.git.1sy.top,3,2026-08-18 20:48:18,excluded,,,,
domain:cos.message.git.1sy.top,domain,cos.message.git.1sy.top,3,2026-08-18 20:48:18,excluded,,,,
domain:order2.message.git.1sy.top,domain,order2.message.git.1sy.top,3,2026-08-18 20:48:18,excluded,,,,
domain:report.message.git.1sy.top,domain,report.message.git.1sy.top,3,2026-08-18 20:48:18,excluded,,,,
domain:webmail.message.git.1sy.top,domain,webmail.message.git.1sy.top,3,2026-08-18 20:48:18,excluded,,,,
domain:img3.message.git.1sy.top,domain,img3.message.git.1sy.top,3,2026-08-18 20:48:18,excluded,,,,
domain:tmp.message.git.1sy.top,domain,tmp.message.git.1sy.top,3,2026-08-18 20:48:18,excluded,,,,
domain:mysql.message.git.1sy.top,domain,mysql.message.git.1sy.top,3,2026-08-18 20:48:18,excluded,,,,
domain:notify.message.git.1sy.top,domain,notify.message.git.1sy.top,3,2026-08-18 20:48:18,excluded,,,,
domain:monitor.message.git.1sy.top,domain,monitor.message.git.1sy.top,3,2026-08-18 20:48:18,excluded,,,,
domain:demo.message.git.1sy.top,domain,demo.message.git.1sy.top,3,2026-08-18 20:48:18,excluded,,,,
domain:remote.message.git.1sy.top,domain,remote.message.git.1sy.top,3,2026-08-18 20:48:18,excluded,,,,
domain:dev2.message.git.1sy.top,domain,dev2.message.git.1sy.top,3,2026-08-18 20:48:18,excluded,,,,
domain:cdn3.message.git.1sy.top,domain,cdn3.message.git.1sy.top,3,2026-08-18 20:48:18,excluded,,,,
domain:cms.message.git.1sy.top,domain,cms.message.git.1sy.top,3,2026-08-18 20:48:18,excluded,,,,
domain:token.message.git.1sy.top,domain,token.message.git.1sy.top,3,2026-08-18 20:48:18,excluded,,,,
domain:storage.message.git.1sy.top,domain,storage.message.git.1sy.top,3,2026-08-18 20:48:18,excluded,,,,
domain:site.message.git.1sy.top,domain,site.message.git.1sy.top,3,2026-08-18 20:48:18,excluded,,,,
domain:alipay.message.git.1sy.top,domain,alipay.message.git.1sy.top,3,2026-08-18 20:48:18,excluded,,,,
domain:sites.message.git.1sy.top,domain,sites.message.git.1sy.top,3,2026-08-18 20:48:18,excluded,,,,
domain:sandbox.message.git.1sy.top,domain,sandbox.message.git.1sy.top,3,2026-08-18 20:48:18,excluded,,,,
domain:miniapp.message.git.1sy.top,domain,miniapp.message.git.1sy.top,3,2026-08-18 20:48:18,excluded,,,,
domain:radio.message.git.1sy.top,domain,radio.message.git.1sy.top,3,2026-08-18 20:48:18,excluded,,,,
domain:cdn.message.git.1sy.top,domain,cdn.message.git.1sy.top,3,2026-08-18 20:48:18,excluded,,,,
domain:mail.message.git.1sy.top,domain,mail.message.git.1sy.top,3,2026-08-18 20:48:18,excluded,,,,
domain:build.message.git.1sy.top,domain,build.message.git.1sy.top,3,2026-08-18 20:48:18,excluded,,,,
domain:oa.message.git.1sy.top,domain,oa.message.git.1sy.top,3,2026-08-18 20:48:18,excluded,,,,
domain:shop.message.git.1sy.top,domain,shop.message.git.1sy.top,3,2026-08-18 20:48:18,excluded,,,,
domain:web.message.git.1sy.top,domain,web.message.git.1sy.top,3,2026-08-18 20:48:18,excluded,,,,
domain:gray.message.git.1sy.top,domain,gray.message.git.1sy.top,3,2026-08-18 20:48:18,excluded,,,,
domain:development.message.git.1sy.top,domain,development.message.git.1sy.top,3,2026-08-18 20:48:18,excluded,,,,
domain:saml.message.git.1sy.top,domain,saml.message.git.1sy.top,3,2026-08-18 20:48:18,excluded,,,,
domain:m2.message.git.1sy.top,domain,m2.message.git.1sy.top,3,2026-08-18 20:48:18,excluded,,,,
domain:services.message.git.1sy.top,domain,services.message.git.1sy.top,3,2026-08-18 20:48:18,excluded,,,,
domain:cas.message.git.1sy.top,domain,cas.message.git.1sy.top,3,2026-08-18 20:48:18,excluded,,,,
domain:pop.message.git.1sy.top,domain,pop.message.git.1sy.top,3,2026-08-18 20:48:18,excluded,,,,
domain:monitoring.message.git.1sy.top,domain,monitoring.message.git.1sy.top,3,2026-08-18 20:48:18,excluded,,,,
domain:market.message.git.1sy.top,domain,market.message.git.1sy.top,3,2026-08-18 20:48:18,excluded,,,,
domain:mx.message.git.1sy.top,domain,mx.message.git.1sy.top,3,2026-08-18 20:48:18,excluded,,,,
domain:ios.message.git.1sy.top,domain,ios.message.git.1sy.top,3,2026-08-18 20:48:18,excluded,,,,
domain:database.message.git.1sy.top,domain,database.message.git.1sy.top,3,2026-08-18 20:48:18,excluded,,,,
domain:portal.message.git.1sy.top,domain,portal.message.git.1sy.top,3,2026-08-18 20:48:18,excluded,,,,
domain:k8s.message.git.1sy.top,domain,k8s.message.git.1sy.top,3,2026-08-18 20:48:18,excluded,,,,
domain:api-internal.message.git.1sy.top,domain,api-internal.message.git.1sy.top,3,2026-08-18 20:48:18,excluded,,,,
domain:status.message.git.1sy.top,domain,status.message.git.1sy.top,3,2026-08-18 20:48:18,excluded,,,,
domain:elk.message.git.1sy.top,domain,elk.message.git.1sy.top,3,2026-08-18 20:48:18,excluded,,,,
domain:wss.message.git.1sy.top,domain,wss.message.git.1sy.top,3,2026-08-18 20:48:18,excluded,,,,
domain:sso.portal.git.1sy.top,domain,sso.portal.git.1sy.top,3,2026-08-18 20:48:17,excluded,,,,
domain:mailchimp.portal.git.1sy.top,domain,mailchimp.portal.git.1sy.top,3,2026-08-18 20:48:17,excluded,,,,
domain:live.portal.git.1sy.top,domain,live.portal.git.1sy.top,3,2026-08-18 20:48:17,excluded,,,,
domain:img.portal.git.1sy.top,domain,img.portal.git.1sy.top,3,2026-08-18 20:48:17,excluded,,,,
domain:wechat2.portal.git.1sy.top,domain,wechat2.portal.git.1sy.top,3,2026-08-18 20:48:17,excluded,,,,
domain:gray.portal.git.1sy.top,domain,gray.portal.git.1sy.top,3,2026-08-18 20:48:17,excluded,,,,
domain:mail.portal.git.1sy.top,domain,mail.portal.git.1sy.top,3,2026-08-18 20:48:17,excluded,,,,
domain:api-staging.portal.git.1sy.top,domain,api-staging.portal.git.1sy.top,3,2026-08-18 20:48:17,excluded,,,,
domain:products.portal.git.1sy.top,domain,products.portal.git.1sy.top,3,2026-08-18 20:48:17,excluded,,,,
domain:apis.portal.git.1sy.top,domain,apis.portal.git.1sy.top,3,2026-08-18 20:48:17,excluded,,,,
domain:wss.portal.git.1sy.top,domain,wss.portal.git.1sy.top,3,2026-08-18 20:48:17,excluded,,,,
domain:sso2.portal.git.1sy.top,domain,sso2.portal.git.1sy.top,3,2026-08-18 20:48:17,excluded,,,,
domain:jobs.portal.git.1sy.top,domain,jobs.portal.git.1sy.top,3,2026-08-18 20:48:17,excluded,,,,
domain:image.portal.git.1sy.top,domain,image.portal.git.1sy.top,3,2026-08-18 20:48:17,excluded,,,,
domain:mail1.portal.git.1sy.top,domain,mail1.portal.git.1sy.top,3,2026-08-18 20:48:17,excluded,,,,
domain:build.portal.git.1sy.top,domain,build.portal.git.1sy.top,3,2026-08-18 20:48:17,excluded,,,,
domain:notify.portal.git.1sy.top,domain,notify.portal.git.1sy.top,3,2026-08-18 20:48:17,excluded,,,,
domain:buy.portal.git.1sy.top,domain,buy.portal.git.1sy.top,3,2026-08-18 20:48:17,excluded,,,,
domain:qa.portal.git.1sy.top,domain,qa.portal.git.1sy.top,3,2026-08-18 20:48:17,excluded,,,,
domain:assets.portal.git.1sy.top,domain,assets.portal.git.1sy.top,3,2026-08-18 20:48:17,excluded,,,,
domain:beta.portal.git.1sy.top,domain,beta.portal.git.1sy.top,3,2026-08-18 20:48:17,excluded,,,,
domain:cart.portal.git.1sy.top,domain,cart.portal.git.1sy.top,3,2026-08-18 20:48:17,excluded,,,,
domain:oa.portal.git.1sy.top,domain,oa.portal.git.1sy.top,3,2026-08-18 20:48:17,excluded,,,,
domain:index.portal.git.1sy.top,domain,index.portal.git.1sy.top,3,2026-08-18 20:48:17,excluded,,,,
domain:test.portal.git.1sy.top,domain,test.portal.git.1sy.top,3,2026-08-18 20:48:17,excluded,,,,
domain:book.portal.git.1sy.top,domain,book.portal.git.1sy.top,3,2026-08-18 20:48:17,excluded,,,,
domain:support.portal.git.1sy.top,domain,support.portal.git.1sy.top,3,2026-08-18 20:48:17,excluded,,,,
domain:sms.portal.git.1sy.top,domain,sms.portal.git.1sy.top,3,2026-08-18 20:48:17,excluded,,,,
domain:music.portal.git.1sy.top,domain,music.portal.git.1sy.top,3,2026-08-18 20:48:17,excluded,,,,
domain:crm.portal.git.1sy.top,domain,crm.portal.git.1sy.top,3,2026-08-18 20:48:17,excluded,,,,
domain:unionpay.portal.git.1sy.top,domain,unionpay.portal.git.1sy.top,3,2026-08-18 20:48:17,excluded,,,,
domain:webapp.portal.git.1sy.top,domain,webapp.portal.git.1sy.top,3,2026-08-18 20:48:17,excluded,,,,
domain:session.portal.git.1sy.top,domain,session.portal.git.1sy.top,3,2026-08-18 20:48:17,excluded,,,,
domain:open.portal.git.1sy.top,domain,open.portal.git.1sy.top,3,2026-08-18 20:48:17,excluded,,,,
domain:download.portal.git.1sy.top,domain,download.portal.git.1sy.top,3,2026-08-18 20:48:17,excluded,,,,
domain:monitor.portal.git.1sy.top,domain,monitor.portal.git.1sy.top,3,2026-08-18 20:48:17,excluded,,,,
domain:staging2.portal.git.1sy.top,domain,staging2.portal.git.1sy.top,3,2026-08-18 20:48:17,excluded,,,,
domain:api-gateway.portal.git.1sy.top,domain,api-gateway.portal.git.1sy.top,3,2026-08-18 20:48:17,excluded,,,,
domain:upload.portal.git.1sy.top,domain,upload.portal.git.1sy.top,3,2026-08-18 20:48:17,excluded,,,,
domain:mx1.portal.git.1sy.top,domain,mx1.portal.git.1sy.top,3,2026-08-18 20:48:17,excluded,,,,
domain:gateway.portal.git.1sy.top,domain,gateway.portal.git.1sy.top,3,2026-08-18 20:48:17,excluded,,,,
domain:websocket.portal.git.1sy.top,domain,websocket.portal.git.1sy.top,3,2026-08-18 20:48:17,excluded,,,,
domain:auth2.portal.git.1sy.top,domain,auth2.portal.git.1sy.top,3,2026-08-18 20:48:17,excluded,,,,
domain:staging.portal.git.1sy.top,domain,staging.portal.git.1sy.top,3,2026-08-18 20:48:17,excluded,,,,
domain:elk.portal.git.1sy.top,domain,elk.portal.git.1sy.top,3,2026-08-18 20:48:17,excluded,,,,
domain:paper.portal.git.1sy.top,domain,paper.portal.git.1sy.top,3,2026-08-18 20:48:17,excluded,,,,
domain:site.portal.git.1sy.top,domain,site.portal.git.1sy.top,3,2026-08-18 20:48:17,excluded,,,,
domain:sess.portal.git.1sy.top,domain,sess.portal.git.1sy.top,3,2026-08-18 20:48:17,excluded,,,,
domain:sftp.portal.git.1sy.top,domain,sftp.portal.git.1sy.top,3,2026-08-18 20:48:17,excluded,,,,
domain:file.portal.git.1sy.top,domain,file.portal.git.1sy.top,3,2026-08-18 20:48:17,excluded,,,,
domain:proxy.portal.git.1sy.top,domain,proxy.portal.git.1sy.top,3,2026-08-18 20:48:17,excluded,,,,
domain:files.portal.git.1sy.top,domain,files.portal.git.1sy.top,3,2026-08-18 20:48:17,excluded,,,,
domain:hr.portal.git.1sy.top,domain,hr.portal.git.1sy.top,3,2026-08-18 20:48:17,excluded,,,,
domain:log.portal.git.1sy.top,domain,log.portal.git.1sy.top,3,2026-08-18 20:48:18,excluded,,,,
domain:graphql.portal.git.1sy.top,domain,graphql.portal.git.1sy.top,3,2026-08-18 20:48:18,excluded,,,,
domain:gw.portal.git.1sy.top,domain,gw.portal.git.1sy.top,3,2026-08-18 20:48:18,excluded,,,,
domain:ci.portal.git.1sy.top,domain,ci.portal.git.1sy.top,3,2026-08-18 20:48:18,excluded,,,,
domain:temp.portal.git.1sy.top,domain,temp.portal.git.1sy.top,3,2026-08-18 20:48:18,excluded,,,,
domain:prod.portal.git.1sy.top,domain,prod.portal.git.1sy.top,3,2026-08-18 20:48:18,excluded,,,,
domain:testing.portal.git.1sy.top,domain,testing.portal.git.1sy.top,3,2026-08-18 20:48:18,excluded,,,,
domain:ios.portal.git.1sy.top,domain,ios.portal.git.1sy.top,3,2026-08-18 20:48:18,excluded,,,,
domain:library.portal.git.1sy.top,domain,library.portal.git.1sy.top,3,2026-08-18 20:48:18,excluded,,,,
domain:contact.portal.git.1sy.top,domain,contact.portal.git.1sy.top,3,2026-08-18 20:48:18,excluded,,,,
domain:img3.portal.git.1sy.top,domain,img3.portal.git.1sy.top,3,2026-08-18 20:48:18,excluded,,,,
domain:newsletter.portal.git.1sy.top,domain,newsletter.portal.git.1sy.top,3,2026-08-18 20:48:18,excluded,,,,
domain:blog.portal.git.1sy.top,domain,blog.portal.git.1sy.top,3,2026-08-18 20:48:18,excluded,,,,
domain:prometheus.portal.git.1sy.top,domain,prometheus.portal.git.1sy.top,3,2026-08-18 20:48:18,excluded,,,,
domain:career.portal.git.1sy.top,domain,career.portal.git.1sy.top,3,2026-08-18 20:48:18,excluded,,,,
domain:ns2.portal.git.1sy.top,domain,ns2.portal.git.1sy.top,3,2026-08-18 20:48:18,excluded,,,,
domain:dns.portal.git.1sy.top,domain,dns.portal.git.1sy.top,3,2026-08-18 20:48:18,excluded,,,,
domain:radius.portal.git.1sy.top,domain,radius.portal.git.1sy.top,3,2026-08-18 20:48:18,excluded,,,,
domain:help.portal.git.1sy.top,domain,help.portal.git.1sy.top,3,2026-08-18 20:48:18,excluded,,,,
domain:smtp.portal.git.1sy.top,domain,smtp.portal.git.1sy.top,3,2026-08-18 20:48:18,excluded,,,,
domain:ftp.portal.git.1sy.top,domain,ftp.portal.git.1sy.top,3,2026-08-18 20:48:18,excluded,,,,
domain:mobi.portal.git.1sy.top,domain,mobi.portal.git.1sy.top,3,2026-08-18 20:48:18,excluded,,,,
domain:auth.portal.git.1sy.top,domain,auth.portal.git.1sy.top,3,2026-08-18 20:48:18,excluded,,,,
domain:homepage.portal.git.1sy.top,domain,homepage.portal.git.1sy.top,3,2026-08-18 20:48:18,excluded,,,,
domain:m2.portal.git.1sy.top,domain,m2.portal.git.1sy.top,3,2026-08-18 20:48:18,excluded,,,,
domain:office.portal.git.1sy.top,domain,office.portal.git.1sy.top,3,2026-08-18 20:48:18,excluded,,,,
domain:console.portal.git.1sy.top,domain,console.portal.git.1sy.top,3,2026-08-18 20:48:18,excluded,,,,
domain:main.portal.git.1sy.top,domain,main.portal.git.1sy.top,3,2026-08-18 20:48:18,excluded,,,,
domain:notification.portal.git.1sy.top,domain,notification.portal.git.1sy.top,3,2026-08-18 20:48:18,excluded,,,,
domain:cached.portal.git.1sy.top,domain,cached.portal.git.1sy.top,3,2026-08-18 20:48:18,excluded,,,,
domain:magazine.portal.git.1sy.top,domain,magazine.portal.git.1sy.top,3,2026-08-18 20:48:18,excluded,,,,
domain:saml.portal.git.1sy.top,domain,saml.portal.git.1sy.top,3,2026-08-18 20:48:18,excluded,,,,
domain:message.portal.git.1sy.top,domain,message.portal.git.1sy.top,3,2026-08-18 20:48:18,excluded,,,,
domain:health.portal.git.1sy.top,domain,health.portal.git.1sy.top,3,2026-08-18 20:48:18,excluded,,,,
domain:erp.portal.git.1sy.top,domain,erp.portal.git.1sy.top,3,2026-08-18 20:48:18,excluded,,,,
domain:imap.portal.git.1sy.top,domain,imap.portal.git.1sy.top,3,2026-08-18 20:48:18,excluded,,,,
domain:database.portal.git.1sy.top,domain,database.portal.git.1sy.top,3,2026-08-18 20:48:18,excluded,,,,
domain:pop3.portal.git.1sy.top,domain,pop3.portal.git.1sy.top,3,2026-08-18 20:48:18,excluded,,,,
domain:k8s.portal.git.1sy.top,domain,k8s.portal.git.1sy.top,3,2026-08-18 20:48:18,excluded,,,,
domain:mysqladmin.portal.git.1sy.top,domain,mysqladmin.portal.git.1sy.top,3,2026-08-18 20:48:18,excluded,,,,
domain:news.portal.git.1sy.top,domain,news.portal.git.1sy.top,3,2026-08-18 20:48:18,excluded,,,,
domain:logs.portal.git.1sy.top,domain,logs.portal.git.1sy.top,3,2026-08-18 20:48:18,excluded,,,,
domain:wiki.portal.git.1sy.top,domain,wiki.portal.git.1sy.top,3,2026-08-18 20:48:18,excluded,,,,
domain:tracking.portal.git.1sy.top,domain,tracking.portal.git.1sy.top,3,2026-08-18 20:48:18,excluded,,,,
domain:demo.portal.git.1sy.top,domain,demo.portal.git.1sy.top,3,2026-08-18 20:48:18,excluded,,,,
domain:mysql.portal.git.1sy.top,domain,mysql.portal.git.1sy.top,3,2026-08-18 20:48:18,excluded,,,,
domain:comic.portal.git.1sy.top,domain,comic.portal.git.1sy.top,3,2026-08-18 20:48:18,excluded,,,,
domain:bucket.portal.git.1sy.top,domain,bucket.portal.git.1sy.top,3,2026-08-18 20:48:18,excluded,,,,
domain:cdn2.portal.git.1sy.top,domain,cdn2.portal.git.1sy.top,3,2026-08-18 20:48:18,excluded,,,,
domain:apps.portal.git.1sy.top,domain,apps.portal.git.1sy.top,3,2026-08-18 20:48:18,excluded,,,,
domain:cos.portal.git.1sy.top,domain,cos.portal.git.1sy.top,3,2026-08-18 20:48:18,excluded,,,,
domain:static2.portal.git.1sy.top,domain,static2.portal.git.1sy.top,3,2026-08-18 20:48:18,excluded,,,,
domain:static3.portal.git.1sy.top,domain,static3.portal.git.1sy.top,3,2026-08-18 20:48:18,excluded,,,,
domain:metrics.portal.git.1sy.top,domain,metrics.portal.git.1sy.top,3,2026-08-18 20:48:18,excluded,,,,
domain:uploads.portal.git.1sy.top,domain,uploads.portal.git.1sy.top,3,2026-08-18 20:48:18,excluded,,,,
domain:svn.portal.git.1sy.top,domain,svn.portal.git.1sy.top,3,2026-08-18 20:48:18,excluded,,,,
domain:recruit.portal.git.1sy.top,domain,recruit.portal.git.1sy.top,3,2026-08-18 20:48:18,excluded,,,,
domain:sites.portal.git.1sy.top,domain,sites.portal.git.1sy.top,3,2026-08-18 20:48:18,excluded,,,,
domain:login.portal.git.1sy.top,domain,login.portal.git.1sy.top,3,2026-08-18 20:48:18,excluded,,,,
domain:ns1.portal.git.1sy.top,domain,ns1.portal.git.1sy.top,3,2026-08-18 20:48:18,excluded,,,,
domain:monitoring.portal.git.1sy.top,domain,monitoring.portal.git.1sy.top,3,2026-08-18 20:48:18,excluded,,,,
domain:security.portal.git.1sy.top,domain,security.portal.git.1sy.top,3,2026-08-18 20:48:18,excluded,,,,
domain:public.portal.git.1sy.top,domain,public.portal.git.1sy.top,3,2026-08-18 20:48:18,excluded,,,,
domain:mini.portal.git.1sy.top,domain,mini.portal.git.1sy.top,3,2026-08-18 20:48:18,excluded,,,,
domain:cd.portal.git.1sy.top,domain,cd.portal.git.1sy.top,3,2026-08-18 20:48:18,excluded,,,,
domain:weixin.portal.git.1sy.top,domain,weixin.portal.git.1sy.top,3,2026-08-18 20:48:18,excluded,,,,
domain:order.portal.git.1sy.top,domain,order.portal.git.1sy.top,3,2026-08-18 20:48:18,excluded,,,,
domain:static.portal.git.1sy.top,domain,static.portal.git.1sy.top,3,2026-08-18 20:48:18,excluded,,,,
domain:ldap.portal.git.1sy.top,domain,ldap.portal.git.1sy.top,3,2026-08-18 20:48:18,excluded,,,,
domain:socket.portal.git.1sy.top,domain,socket.portal.git.1sy.top,3,2026-08-18 20:48:18,excluded,,,,
domain:cdn3.portal.git.1sy.top,domain,cdn3.portal.git.1sy.top,3,2026-08-18 20:48:18,excluded,,,,
domain:payment.portal.git.1sy.top,domain,payment.portal.git.1sy.top,3,2026-08-18 20:48:18,excluded,,,,
domain:canary.portal.git.1sy.top,domain,canary.portal.git.1sy.top,3,2026-08-18 20:48:18,excluded,,,,
domain:lb.portal.git.1sy.top,domain,lb.portal.git.1sy.top,3,2026-08-18 20:48:18,excluded,,,,
domain:game.portal.git.1sy.top,domain,game.portal.git.1sy.top,3,2026-08-18 20:48:18,excluded,,,,
domain:logging.portal.git.1sy.top,domain,logging.portal.git.1sy.top,3,2026-08-18 20:48:18,excluded,,,,
domain:zabbix.portal.git.1sy.top,domain,zabbix.portal.git.1sy.top,3,2026-08-18 20:48:18,excluded,,,,
domain:m.portal.git.1sy.top,domain,m.portal.git.1sy.top,3,2026-08-18 20:48:18,excluded,,,,
domain:dev.portal.git.1sy.top,domain,dev.portal.git.1sy.top,3,2026-08-18 20:48:18,excluded,,,,
domain:im.portal.git.1sy.top,domain,im.portal.git.1sy.top,3,2026-08-18 20:48:18,excluded,,,,
domain:db.portal.git.1sy.top,domain,db.portal.git.1sy.top,3,2026-08-18 20:48:18,excluded,,,,
domain:hrm.portal.git.1sy.top,domain,hrm.portal.git.1sy.top,3,2026-08-18 20:48:18,excluded,,,,
domain:story.portal.git.1sy.top,domain,story.portal.git.1sy.top,3,2026-08-18 20:48:18,excluded,,,,
domain:preprod.portal.git.1sy.top,domain,preprod.portal.git.1sy.top,3,2026-08-18 20:48:18,excluded,,,,
domain:stats.portal.git.1sy.top,domain,stats.portal.git.1sy.top,3,2026-08-18 20:48:18,excluded,,,,
domain:alipay.portal.git.1sy.top,domain,alipay.portal.git.1sy.top,3,2026-08-18 20:48:18,excluded,,,,
domain:documentation.portal.git.1sy.top,domain,documentation.portal.git.1sy.top,3,2026-08-18 20:48:18,excluded,,,,
domain:docs.portal.git.1sy.top,domain,docs.portal.git.1sy.top,3,2026-08-18 20:48:18,excluded,,,,
domain:mx2.portal.git.1sy.top,domain,mx2.portal.git.1sy.top,3,2026-08-18 20:48:18,excluded,,,,
domain:wap2.portal.git.1sy.top,domain,wap2.portal.git.1sy.top,3,2026-08-18 20:48:18,excluded,,,,
domain:novel.portal.git.1sy.top,domain,novel.portal.git.1sy.top,3,2026-08-18 20:48:18,excluded,,,,
domain:development.portal.git.1sy.top,domain,development.portal.git.1sy.top,3,2026-08-18 20:48:18,excluded,,,,
domain:wap.portal.git.1sy.top,domain,wap.portal.git.1sy.top,3,2026-08-18 20:48:18,excluded,,,,
domain:openapi.portal.git.1sy.top,domain,openapi.portal.git.1sy.top,3,2026-08-18 20:48:18,excluded,,,,
domain:manager.portal.git.1sy.top,domain,manager.portal.git.1sy.top,3,2026-08-18 20:48:18,excluded,,,,
domain:status.portal.git.1sy.top,domain,status.portal.git.1sy.top,3,2026-08-18 20:48:18,excluded,,,,
domain:market.portal.git.1sy.top,domain,market.portal.git.1sy.top,3,2026-08-18 20:48:18,excluded,,,,
domain:token.portal.git.1sy.top,domain,token.portal.git.1sy.top,3,2026-08-18 20:48:18,excluded,,,,
domain:cache.portal.git.1sy.top,domain,cache.portal.git.1sy.top,3,2026-08-18 20:48:18,excluded,,,,
domain:doc.portal.git.1sy.top,domain,doc.portal.git.1sy.top,3,2026-08-18 20:48:18,excluded,,,,
domain:gitlab.portal.git.1sy.top,domain,gitlab.portal.git.1sy.top,3,2026-08-18 20:48:18,excluded,,,,
domain:export.portal.git.1sy.top,domain,export.portal.git.1sy.top,3,2026-08-18 20:48:18,excluded,,,,
domain:bak.portal.git.1sy.top,domain,bak.portal.git.1sy.top,3,2026-08-18 20:48:18,excluded,,,,
domain:grafana.portal.git.1sy.top,domain,grafana.portal.git.1sy.top,3,2026-08-18 20:48:18,excluded,,,,
domain:phpadmin.portal.git.1sy.top,domain,phpadmin.portal.git.1sy.top,3,2026-08-18 20:48:18,excluded,,,,
domain:analytics.portal.git.1sy.top,domain,analytics.portal.git.1sy.top,3,2026-08-18 20:48:18,excluded,,,,
domain:elastic.portal.git.1sy.top,domain,elastic.portal.git.1sy.top,3,2026-08-18 20:48:18,excluded,,,,
domain:web.portal.git.1sy.top,domain,web.portal.git.1sy.top,3,2026-08-18 20:48:18,excluded,,,,
domain:backup.portal.git.1sy.top,domain,backup.portal.git.1sy.top,3,2026-08-18 20:48:18,excluded,,,,
domain:pay.portal.git.1sy.top,domain,pay.portal.git.1sy.top,3,2026-08-18 20:48:18,excluded,,,,
domain:storage.portal.git.1sy.top,domain,storage.portal.git.1sy.top,3,2026-08-18 20:48:18,excluded,,,,
domain:service.portal.git.1sy.top,domain,service.portal.git.1sy.top,3,2026-08-18 20:48:18,excluded,,,,
domain:git.portal.git.1sy.top,domain,git.portal.git.1sy.top,3,2026-08-18 20:48:18,excluded,,,,
domain:webmail.portal.git.1sy.top,domain,webmail.portal.git.1sy.top,3,2026-08-18 20:48:18,excluded,,,,
domain:reports.portal.git.1sy.top,domain,reports.portal.git.1sy.top,3,2026-08-18 20:48:18,excluded,,,,
domain:product.portal.git.1sy.top,domain,product.portal.git.1sy.top,3,2026-08-18 20:48:18,excluded,,,,
domain:grpc.portal.git.1sy.top,domain,grpc.portal.git.1sy.top,3,2026-08-18 20:48:18,excluded,,,,
domain:api-prod.portal.git.1sy.top,domain,api-prod.portal.git.1sy.top,3,2026-08-18 20:48:18,excluded,,,,
domain:tv.portal.git.1sy.top,domain,tv.portal.git.1sy.top,3,2026-08-18 20:48:18,excluded,,,,
domain:oss.portal.git.1sy.top,domain,oss.portal.git.1sy.top,3,2026-08-18 20:48:18,excluded,,,,
domain:jenkins.portal.git.1sy.top,domain,jenkins.portal.git.1sy.top,3,2026-08-18 20:48:18,excluded,,,,
domain:cas.portal.git.1sy.top,domain,cas.portal.git.1sy.top,3,2026-08-18 20:48:18,excluded,,,,
domain:forum.portal.git.1sy.top,domain,forum.portal.git.1sy.top,3,2026-08-18 20:48:18,excluded,,,,
domain:keycloak.portal.git.1sy.top,domain,keycloak.portal.git.1sy.top,3,2026-08-18 20:48:18,excluded,,,,
domain:mall.portal.git.1sy.top,domain,mall.portal.git.1sy.top,3,2026-08-18 20:48:18,excluded,,,,
domain:sale.portal.git.1sy.top,domain,sale.portal.git.1sy.top,3,2026-08-18 20:48:18,excluded,,,,
domain:data.portal.git.1sy.top,domain,data.portal.git.1sy.top,3,2026-08-18 20:48:18,excluded,,,,
domain:report.portal.git.1sy.top,domain,report.portal.git.1sy.top,3,2026-08-18 20:48:18,excluded,,,,
domain:docker.portal.git.1sy.top,domain,docker.portal.git.1sy.top,3,2026-08-18 20:48:18,excluded,,,,
domain:ebook.portal.git.1sy.top,domain,ebook.portal.git.1sy.top,3,2026-08-18 20:48:18,excluded,,,,
domain:admin.portal.git.1sy.top,domain,admin.portal.git.1sy.top,3,2026-08-18 20:48:18,excluded,,,,
domain:api.portal.git.1sy.top,domain,api.portal.git.1sy.top,3,2026-08-18 20:48:18,excluded,,,,
domain:api-test.portal.git.1sy.top,domain,api-test.portal.git.1sy.top,3,2026-08-18 20:48:18,excluded,,,,
domain:redis.portal.git.1sy.top,domain,redis.portal.git.1sy.top,3,2026-08-18 20:48:18,excluded,,,,
domain:job.portal.git.1sy.top,domain,job.portal.git.1sy.top,3,2026-08-18 20:48:18,excluded,,,,
domain:h5.portal.git.1sy.top,domain,h5.portal.git.1sy.top,3,2026-08-18 20:48:18,excluded,,,,
domain:administrator.portal.git.1sy.top,domain,administrator.portal.git.1sy.top,3,2026-08-18 20:48:18,excluded,,,,
domain:mobile.portal.git.1sy.top,domain,mobile.portal.git.1sy.top,3,2026-08-18 20:48:18,excluded,,,,
domain:webview.portal.git.1sy.top,domain,webview.portal.git.1sy.top,3,2026-08-18 20:48:18,excluded,,,,
domain:about.portal.git.1sy.top,domain,about.portal.git.1sy.top,3,2026-08-18 20:48:18,excluded,,,,
domain:portal.portal.git.1sy.top,domain,portal.portal.git.1sy.top,3,2026-08-18 20:48:18,excluded,,,,
domain:pre.portal.git.1sy.top,domain,pre.portal.git.1sy.top,3,2026-08-18 20:48:18,excluded,,,,
domain:shop.portal.git.1sy.top,domain,shop.portal.git.1sy.top,3,2026-08-18 20:48:18,excluded,,,,
domain:mx.portal.git.1sy.top,domain,mx.portal.git.1sy.top,3,2026-08-18 20:48:18,excluded,,,,
domain:push.portal.git.1sy.top,domain,push.portal.git.1sy.top,3,2026-08-18 20:48:18,excluded,,,,
domain:android.portal.git.1sy.top,domain,android.portal.git.1sy.top,3,2026-08-18 20:48:18,excluded,,,,
domain:services.portal.git.1sy.top,domain,services.portal.git.1sy.top,3,2026-08-18 20:48:18,excluded,,,,
domain:vpn.portal.git.1sy.top,domain,vpn.portal.git.1sy.top,3,2026-08-18 20:48:18,excluded,,,,
domain:api2.portal.git.1sy.top,domain,api2.portal.git.1sy.top,3,2026-08-18 20:48:18,excluded,,,,
domain:pgadmin.portal.git.1sy.top,domain,pgadmin.portal.git.1sy.top,3,2026-08-18 20:48:18,excluded,,,,
domain:sandbox.portal.git.1sy.top,domain,sandbox.portal.git.1sy.top,3,2026-08-18 20:48:18,excluded,,,,
domain:manage.portal.git.1sy.top,domain,manage.portal.git.1sy.top,3,2026-08-18 20:48:18,excluded,,,,
domain:reader.portal.git.1sy.top,domain,reader.portal.git.1sy.top,3,2026-08-18 20:48:18,excluded,,,,
domain:bbs.portal.git.1sy.top,domain,bbs.portal.git.1sy.top,3,2026-08-18 20:48:18,excluded,,,,
domain:ws.portal.git.1sy.top,domain,ws.portal.git.1sy.top,3,2026-08-18 20:48:18,excluded,,,,
domain:media.portal.git.1sy.top,domain,media.portal.git.1sy.top,3,2026-08-18 20:48:18,excluded,,,,
domain:api-dev.portal.git.1sy.top,domain,api-dev.portal.git.1sy.top,3,2026-08-18 20:48:18,excluded,,,,
domain:chat.portal.git.1sy.top,domain,chat.portal.git.1sy.top,3,2026-08-18 20:48:18,excluded,,,,
domain:oauth.portal.git.1sy.top,domain,oauth.portal.git.1sy.top,3,2026-08-18 20:48:18,excluded,,,,
domain:img2.portal.git.1sy.top,domain,img2.portal.git.1sy.top,3,2026-08-18 20:48:18,excluded,,,,
domain:documents.portal.git.1sy.top,domain,documents.portal.git.1sy.top,3,2026-08-18 20:48:18,excluded,,,,
domain:pub.portal.git.1sy.top,domain,pub.portal.git.1sy.top,3,2026-08-18 20:48:18,excluded,,,,
domain:phpmyadmin.portal.git.1sy.top,domain,phpmyadmin.portal.git.1sy.top,3,2026-08-18 20:48:18,excluded,,,,
domain:store.portal.git.1sy.top,domain,store.portal.git.1sy.top,3,2026-08-18 20:48:18,excluded,,,,
domain:mail2.portal.git.1sy.top,domain,mail2.portal.git.1sy.top,3,2026-08-18 20:48:18,excluded,,,,
domain:kibana.portal.git.1sy.top,domain,kibana.portal.git.1sy.top,3,2026-08-18 20:48:18,excluded,,,,
domain:registry.portal.git.1sy.top,domain,registry.portal.git.1sy.top,3,2026-08-18 20:48:18,excluded,,,,
domain:article.portal.git.1sy.top,domain,article.portal.git.1sy.top,3,2026-08-18 20:48:18,excluded,,,,
domain:order2.portal.git.1sy.top,domain,order2.portal.git.1sy.top,3,2026-08-18 20:48:18,excluded,,,,
domain:nlb.portal.git.1sy.top,domain,nlb.portal.git.1sy.top,3,2026-08-18 20:48:18,excluded,,,,
domain:sse.portal.git.1sy.top,domain,sse.portal.git.1sy.top,3,2026-08-18 20:48:18,excluded,,,,
domain:kubernetes.portal.git.1sy.top,domain,kubernetes.portal.git.1sy.top,3,2026-08-18 20:48:18,excluded,,,,
domain:faq.portal.git.1sy.top,domain,faq.portal.git.1sy.top,3,2026-08-18 20:48:18,excluded,,,,
domain:cdn.portal.git.1sy.top,domain,cdn.portal.git.1sy.top,3,2026-08-18 20:48:18,excluded,,,,
domain:preview.portal.git.1sy.top,domain,preview.portal.git.1sy.top,3,2026-08-18 20:48:18,excluded,,,,
domain:stage.portal.git.1sy.top,domain,stage.portal.git.1sy.top,3,2026-08-18 20:48:18,excluded,,,,
domain:ssh.portal.git.1sy.top,domain,ssh.portal.git.1sy.top,3,2026-08-18 20:48:18,excluded,,,,
domain:es.portal.git.1sy.top,domain,es.portal.git.1sy.top,3,2026-08-18 20:48:18,excluded,,,,
domain:video.portal.git.1sy.top,domain,video.portal.git.1sy.top,3,2026-08-18 20:48:18,excluded,,,,
domain:app.portal.git.1sy.top,domain,app.portal.git.1sy.top,3,2026-08-18 20:48:18,excluded,,,,
domain:checkout.portal.git.1sy.top,domain,checkout.portal.git.1sy.top,3,2026-08-18 20:48:18,excluded,,,,
domain:careers.portal.git.1sy.top,domain,careers.portal.git.1sy.top,3,2026-08-18 20:48:18,excluded,,,,
domain:wx.portal.git.1sy.top,domain,wx.portal.git.1sy.top,3,2026-08-18 20:48:18,excluded,,,,
domain:pay2.portal.git.1sy.top,domain,pay2.portal.git.1sy.top,3,2026-08-18 20:48:19,excluded,,,,
domain:miniapp.portal.git.1sy.top,domain,miniapp.portal.git.1sy.top,3,2026-08-18 20:48:19,excluded,,,,
domain:rest.portal.git.1sy.top,domain,rest.portal.git.1sy.top,3,2026-08-18 20:48:19,excluded,,,,
domain:games.portal.git.1sy.top,domain,games.portal.git.1sy.top,3,2026-08-18 20:48:19,excluded,,,,
domain:api-gw.portal.git.1sy.top,domain,api-gw.portal.git.1sy.top,3,2026-08-18 20:48:19,excluded,,,,
domain:cms.portal.git.1sy.top,domain,cms.portal.git.1sy.top,3,2026-08-18 20:48:19,excluded,,,,
domain:uat.portal.git.1sy.top,domain,uat.portal.git.1sy.top,3,2026-08-18 20:48:19,excluded,,,,
domain:www.portal.git.1sy.top,domain,www.portal.git.1sy.top,3,2026-08-18 20:48:19,excluded,,,,
domain:internal.portal.git.1sy.top,domain,internal.portal.git.1sy.top,3,2026-08-18 20:48:19,excluded,,,,
domain:images.portal.git.1sy.top,domain,images.portal.git.1sy.top,3,2026-08-18 20:48:19,excluded,,,,
domain:read.portal.git.1sy.top,domain,read.portal.git.1sy.top,3,2026-08-18 20:48:19,excluded,,,,
domain:test2.portal.git.1sy.top,domain,test2.portal.git.1sy.top,3,2026-08-18 20:48:19,excluded,,,,
domain:community.portal.git.1sy.top,domain,community.portal.git.1sy.top,3,2026-08-18 20:48:19,excluded,,,,
domain:ns3.portal.git.1sy.top,domain,ns3.portal.git.1sy.top,3,2026-08-18 20:48:19,excluded,,,,
domain:wechat.portal.git.1sy.top,domain,wechat.portal.git.1sy.top,3,2026-08-18 20:48:19,excluded,,,,
domain:pop.portal.git.1sy.top,domain,pop.portal.git.1sy.top,3,2026-08-18 20:48:19,excluded,,,,
domain:home.portal.git.1sy.top,domain,home.portal.git.1sy.top,3,2026-08-18 20:48:19,excluded,,,,
domain:github.portal.git.1sy.top,domain,github.portal.git.1sy.top,3,2026-08-18 20:48:19,excluded,,,,
domain:tmp.portal.git.1sy.top,domain,tmp.portal.git.1sy.top,3,2026-08-18 20:48:19,excluded,,,,
domain:remote.portal.git.1sy.top,domain,remote.portal.git.1sy.top,3,2026-08-18 20:48:19,excluded,,,,
domain:radio.portal.git.1sy.top,domain,radio.portal.git.1sy.top,3,2026-08-18 20:48:19,excluded,,,,
domain:api-internal.portal.git.1sy.top,domain,api-internal.portal.git.1sy.top,3,2026-08-18 20:48:19,excluded,,,,
domain:dev2.portal.git.1sy.top,domain,dev2.portal.git.1sy.top,3,2026-08-18 20:48:19,excluded,,,,
domain:production.portal.git.1sy.top,domain,production.portal.git.1sy.top,3,2026-08-18 20:48:19,excluded,,,,
domain:intranet.portal.git.1sy.top,domain,intranet.portal.git.1sy.top,3,2026-08-18 20:48:19,excluded,,,,
domain:books.portal.git.1sy.top,domain,books.portal.git.1sy.top,3,2026-08-18 20:48:19,excluded,,,,
ip:52.192.142.148,ip,52.192.142.148,3,2026-08-18 20:48:20,scanned,,,,
domain:stage.jenkins.git.1sy.top,domain,stage.jenkins.git.1sy.top,3,2026-08-18 20:48:18,excluded,,,,
domain:docs.jenkins.git.1sy.top,domain,docs.jenkins.git.1sy.top,3,2026-08-18 20:48:18,excluded,,,,
domain:wap2.jenkins.git.1sy.top,domain,wap2.jenkins.git.1sy.top,3,2026-08-18 20:48:18,excluded,,,,
domain:mall.jenkins.git.1sy.top,domain,mall.jenkins.git.1sy.top,3,2026-08-18 20:48:18,excluded,,,,
domain:graphql.jenkins.git.1sy.top,domain,graphql.jenkins.git.1sy.top,3,2026-08-18 20:48:18,excluded,,,,
domain:qa.jenkins.git.1sy.top,domain,qa.jenkins.git.1sy.top,3,2026-08-18 20:48:18,excluded,,,,
domain:github.jenkins.git.1sy.top,domain,github.jenkins.git.1sy.top,3,2026-08-18 20:48:18,excluded,,,,
domain:mobile.jenkins.git.1sy.top,domain,mobile.jenkins.git.1sy.top,3,2026-08-18 20:48:18,excluded,,,,
domain:games.jenkins.git.1sy.top,domain,games.jenkins.git.1sy.top,3,2026-08-18 20:48:18,excluded,,,,
domain:support.jenkins.git.1sy.top,domain,support.jenkins.git.1sy.top,3,2026-08-18 20:48:18,excluded,,,,
domain:git.jenkins.git.1sy.top,domain,git.jenkins.git.1sy.top,3,2026-08-18 20:48:18,excluded,,,,
domain:log.jenkins.git.1sy.top,domain,log.jenkins.git.1sy.top,3,2026-08-18 20:48:18,excluded,,,,
domain:ssh.jenkins.git.1sy.top,domain,ssh.jenkins.git.1sy.top,3,2026-08-18 20:48:18,excluded,,,,
domain:erp.jenkins.git.1sy.top,domain,erp.jenkins.git.1sy.top,3,2026-08-18 20:48:18,excluded,,,,
domain:download.jenkins.git.1sy.top,domain,download.jenkins.git.1sy.top,3,2026-08-18 20:48:18,excluded,,,,
domain:novel.jenkins.git.1sy.top,domain,novel.jenkins.git.1sy.top,3,2026-08-18 20:48:18,excluded,,,,
domain:doc.jenkins.git.1sy.top,domain,doc.jenkins.git.1sy.top,3,2026-08-18 20:48:18,excluded,,,,
domain:pay.jenkins.git.1sy.top,domain,pay.jenkins.git.1sy.top,3,2026-08-18 20:48:18,excluded,,,,
domain:api-gateway.jenkins.git.1sy.top,domain,api-gateway.jenkins.git.1sy.top,3,2026-08-18 20:48:18,excluded,,,,
domain:mysqladmin.jenkins.git.1sy.top,domain,mysqladmin.jenkins.git.1sy.top,3,2026-08-18 20:48:18,excluded,,,,
domain:web.jenkins.git.1sy.top,domain,web.jenkins.git.1sy.top,3,2026-08-18 20:48:18,excluded,,,,
domain:sess.jenkins.git.1sy.top,domain,sess.jenkins.git.1sy.top,3,2026-08-18 20:48:18,excluded,,,,
domain:bbs.jenkins.git.1sy.top,domain,bbs.jenkins.git.1sy.top,3,2026-08-18 20:48:18,excluded,,,,
domain:newsletter.jenkins.git.1sy.top,domain,newsletter.jenkins.git.1sy.top,3,2026-08-18 20:48:18,excluded,,,,
domain:h5.jenkins.git.1sy.top,domain,h5.jenkins.git.1sy.top,3,2026-08-18 20:48:18,excluded,,,,
domain:magazine.jenkins.git.1sy.top,domain,magazine.jenkins.git.1sy.top,3,2026-08-18 20:48:18,excluded,,,,
domain:services.jenkins.git.1sy.top,domain,services.jenkins.git.1sy.top,3,2026-08-18 20:48:18,excluded,,,,
domain:uploads.jenkins.git.1sy.top,domain,uploads.jenkins.git.1sy.top,3,2026-08-18 20:48:18,excluded,,,,
domain:recruit.jenkins.git.1sy.top,domain,recruit.jenkins.git.1sy.top,3,2026-08-18 20:48:18,excluded,,,,
domain:forum.jenkins.git.1sy.top,domain,forum.jenkins.git.1sy.top,3,2026-08-18 20:48:18,excluded,,,,
domain:m.jenkins.git.1sy.top,domain,m.jenkins.git.1sy.top,3,2026-08-18 20:48:18,excluded,,,,
domain:files.jenkins.git.1sy.top,domain,files.jenkins.git.1sy.top,3,2026-08-18 20:48:18,excluded,,,,
domain:office.jenkins.git.1sy.top,domain,office.jenkins.git.1sy.top,3,2026-08-18 20:48:18,excluded,,,,
domain:order.jenkins.git.1sy.top,domain,order.jenkins.git.1sy.top,3,2026-08-18 20:48:18,excluded,,,,
domain:reports.jenkins.git.1sy.top,domain,reports.jenkins.git.1sy.top,3,2026-08-18 20:48:18,excluded,,,,
domain:export.jenkins.git.1sy.top,domain,export.jenkins.git.1sy.top,3,2026-08-18 20:48:18,excluded,,,,
domain:homepage.jenkins.git.1sy.top,domain,homepage.jenkins.git.1sy.top,3,2026-08-18 20:48:18,excluded,,,,
domain:token.jenkins.git.1sy.top,domain,token.jenkins.git.1sy.top,3,2026-08-18 20:48:18,excluded,,,,
domain:redis.jenkins.git.1sy.top,domain,redis.jenkins.git.1sy.top,3,2026-08-18 20:48:18,excluded,,,,
domain:docker.jenkins.git.1sy.top,domain,docker.jenkins.git.1sy.top,3,2026-08-18 20:48:18,excluded,,,,
domain:intranet.jenkins.git.1sy.top,domain,intranet.jenkins.git.1sy.top,3,2026-08-18 20:48:18,excluded,,,,
domain:order2.jenkins.git.1sy.top,domain,order2.jenkins.git.1sy.top,3,2026-08-18 20:48:18,excluded,,,,
domain:cms.jenkins.git.1sy.top,domain,cms.jenkins.git.1sy.top,3,2026-08-18 20:48:18,excluded,,,,
domain:portal.jenkins.git.1sy.top,domain,portal.jenkins.git.1sy.top,3,2026-08-18 20:48:18,excluded,,,,
domain:mx1.jenkins.git.1sy.top,domain,mx1.jenkins.git.1sy.top,3,2026-08-18 20:48:18,excluded,,,,
domain:dev2.jenkins.git.1sy.top,domain,dev2.jenkins.git.1sy.top,3,2026-08-18 20:48:18,excluded,,,,
domain:dns.jenkins.git.1sy.top,domain,dns.jenkins.git.1sy.top,3,2026-08-18 20:48:18,excluded,,,,
domain:production.jenkins.git.1sy.top,domain,production.jenkins.git.1sy.top,3,2026-08-18 20:48:18,excluded,,,,
domain:help.jenkins.git.1sy.top,domain,help.jenkins.git.1sy.top,3,2026-08-18 20:48:18,excluded,,,,
domain:registry.jenkins.git.1sy.top,domain,registry.jenkins.git.1sy.top,3,2026-08-18 20:48:18,excluded,,,,
domain:apis.jenkins.git.1sy.top,domain,apis.jenkins.git.1sy.top,3,2026-08-18 20:48:18,excluded,,,,
domain:cdn.jenkins.git.1sy.top,domain,cdn.jenkins.git.1sy.top,3,2026-08-18 20:48:18,excluded,,,,
domain:ws.jenkins.git.1sy.top,domain,ws.jenkins.git.1sy.top,3,2026-08-18 20:48:18,excluded,,,,
domain:metrics.jenkins.git.1sy.top,domain,metrics.jenkins.git.1sy.top,3,2026-08-18 20:48:18,excluded,,,,
domain:development.jenkins.git.1sy.top,domain,development.jenkins.git.1sy.top,3,2026-08-18 20:48:18,excluded,,,,
domain:uat.jenkins.git.1sy.top,domain,uat.jenkins.git.1sy.top,3,2026-08-18 20:48:18,excluded,,,,
domain:app.jenkins.git.1sy.top,domain,app.jenkins.git.1sy.top,3,2026-08-18 20:48:18,excluded,,,,
domain:websocket.jenkins.git.1sy.top,domain,websocket.jenkins.git.1sy.top,3,2026-08-18 20:48:18,excluded,,,,
domain:music.jenkins.git.1sy.top,domain,music.jenkins.git.1sy.top,3,2026-08-18 20:48:18,excluded,,,,
domain:logs.jenkins.git.1sy.top,domain,logs.jenkins.git.1sy.top,3,2026-08-18 20:48:18,excluded,,,,
domain:sse.jenkins.git.1sy.top,domain,sse.jenkins.git.1sy.top,3,2026-08-18 20:48:18,excluded,,,,
domain:auth2.jenkins.git.1sy.top,domain,auth2.jenkins.git.1sy.top,3,2026-08-18 20:48:18,excluded,,,,
domain:android.jenkins.git.1sy.top,domain,android.jenkins.git.1sy.top,3,2026-08-18 20:48:18,excluded,,,,
domain:login.jenkins.git.1sy.top,domain,login.jenkins.git.1sy.top,3,2026-08-18 20:48:18,excluded,,,,
domain:main.jenkins.git.1sy.top,domain,main.jenkins.git.1sy.top,3,2026-08-18 20:48:18,excluded,,,,
domain:blog.jenkins.git.1sy.top,domain,blog.jenkins.git.1sy.top,3,2026-08-18 20:48:18,excluded,,,,
domain:canary.jenkins.git.1sy.top,domain,canary.jenkins.git.1sy.top,3,2026-08-18 20:48:18,excluded,,,,
domain:grafana.jenkins.git.1sy.top,domain,grafana.jenkins.git.1sy.top,3,2026-08-18 20:48:18,excluded,,,,
domain:smtp.jenkins.git.1sy.top,domain,smtp.jenkins.git.1sy.top,3,2026-08-18 20:48:18,excluded,,,,
domain:mysql.jenkins.git.1sy.top,domain,mysql.jenkins.git.1sy.top,3,2026-08-18 20:48:18,excluded,,,,
domain:m2.jenkins.git.1sy.top,domain,m2.jenkins.git.1sy.top,3,2026-08-18 20:48:18,excluded,,,,
domain:weixin.jenkins.git.1sy.top,domain,weixin.jenkins.git.1sy.top,3,2026-08-18 20:48:18,excluded,,,,
domain:crm.jenkins.git.1sy.top,domain,crm.jenkins.git.1sy.top,3,2026-08-18 20:48:18,excluded,,,,
domain:ns1.jenkins.git.1sy.top,domain,ns1.jenkins.git.1sy.top,3,2026-08-18 20:48:18,excluded,,,,
domain:comic.jenkins.git.1sy.top,domain,comic.jenkins.git.1sy.top,3,2026-08-18 20:48:18,excluded,,,,
domain:image.jenkins.git.1sy.top,domain,image.jenkins.git.1sy.top,3,2026-08-18 20:48:18,excluded,,,,
domain:monitor.jenkins.git.1sy.top,domain,monitor.jenkins.git.1sy.top,3,2026-08-18 20:48:18,excluded,,,,
domain:ldap.jenkins.git.1sy.top,domain,ldap.jenkins.git.1sy.top,3,2026-08-18 20:48:18,excluded,,,,
domain:community.jenkins.git.1sy.top,domain,community.jenkins.git.1sy.top,3,2026-08-18 20:48:18,excluded,,,,
domain:career.jenkins.git.1sy.top,domain,career.jenkins.git.1sy.top,3,2026-08-18 20:48:18,excluded,,,,
domain:game.jenkins.git.1sy.top,domain,game.jenkins.git.1sy.top,3,2026-08-18 20:48:18,excluded,,,,
domain:svn.jenkins.git.1sy.top,domain,svn.jenkins.git.1sy.top,3,2026-08-18 20:48:18,excluded,,,,
domain:oss.jenkins.git.1sy.top,domain,oss.jenkins.git.1sy.top,3,2026-08-18 20:48:18,excluded,,,,
domain:console.jenkins.git.1sy.top,domain,console.jenkins.git.1sy.top,3,2026-08-18 20:48:18,excluded,,,,
domain:sandbox.jenkins.git.1sy.top,domain,sandbox.jenkins.git.1sy.top,3,2026-08-18 20:48:18,excluded,,,,
domain:api-prod.jenkins.git.1sy.top,domain,api-prod.jenkins.git.1sy.top,3,2026-08-18 20:48:18,excluded,,,,
domain:remote.jenkins.git.1sy.top,domain,remote.jenkins.git.1sy.top,3,2026-08-18 20:48:18,excluded,,,,
domain:nlb.jenkins.git.1sy.top,domain,nlb.jenkins.git.1sy.top,3,2026-08-18 20:48:18,excluded,,,,
domain:auth.jenkins.git.1sy.top,domain,auth.jenkins.git.1sy.top,3,2026-08-18 20:48:18,excluded,,,,
domain:radio.jenkins.git.1sy.top,domain,radio.jenkins.git.1sy.top,3,2026-08-18 20:48:18,excluded,,,,
domain:img3.jenkins.git.1sy.top,domain,img3.jenkins.git.1sy.top,3,2026-08-18 20:48:18,excluded,,,,
domain:kubernetes.jenkins.git.1sy.top,domain,kubernetes.jenkins.git.1sy.top,3,2026-08-18 20:48:18,excluded,,,,
domain:article.jenkins.git.1sy.top,domain,article.jenkins.git.1sy.top,3,2026-08-18 20:48:18,excluded,,,,
domain:api-gw.jenkins.git.1sy.top,domain,api-gw.jenkins.git.1sy.top,3,2026-08-18 20:48:18,excluded,,,,
domain:internal.jenkins.git.1sy.top,domain,internal.jenkins.git.1sy.top,3,2026-08-18 20:48:18,excluded,,,,
domain:documentation.jenkins.git.1sy.top,domain,documentation.jenkins.git.1sy.top,3,2026-08-18 20:48:18,excluded,,,,
domain:testing.jenkins.git.1sy.top,domain,testing.jenkins.git.1sy.top,3,2026-08-18 20:48:18,excluded,,,,
domain:ns3.jenkins.git.1sy.top,domain,ns3.jenkins.git.1sy.top,3,2026-08-18 20:48:18,excluded,,,,
domain:elk.jenkins.git.1sy.top,domain,elk.jenkins.git.1sy.top,3,2026-08-18 20:48:18,excluded,,,,
domain:prod.jenkins.git.1sy.top,domain,prod.jenkins.git.1sy.top,3,2026-08-18 20:48:18,excluded,,,,
domain:db.jenkins.git.1sy.top,domain,db.jenkins.git.1sy.top,3,2026-08-18 20:48:18,excluded,,,,
domain:market.jenkins.git.1sy.top,domain,market.jenkins.git.1sy.top,3,2026-08-18 20:48:18,excluded,,,,
domain:books.jenkins.git.1sy.top,domain,books.jenkins.git.1sy.top,3,2026-08-18 20:48:18,excluded,,,,
domain:wechat2.jenkins.git.1sy.top,domain,wechat2.jenkins.git.1sy.top,3,2026-08-18 20:48:18,excluded,,,,
domain:ebook.jenkins.git.1sy.top,domain,ebook.jenkins.git.1sy.top,3,2026-08-18 20:48:18,excluded,,,,
domain:webview.jenkins.git.1sy.top,domain,webview.jenkins.git.1sy.top,3,2026-08-18 20:48:18,excluded,,,,
domain:documents.jenkins.git.1sy.top,domain,documents.jenkins.git.1sy.top,3,2026-08-18 20:48:18,excluded,,,,
domain:sale.jenkins.git.1sy.top,domain,sale.jenkins.git.1sy.top,3,2026-08-18 20:48:18,excluded,,,,
domain:cd.jenkins.git.1sy.top,domain,cd.jenkins.git.1sy.top,3,2026-08-18 20:48:18,excluded,,,,
domain:service.jenkins.git.1sy.top,domain,service.jenkins.git.1sy.top,3,2026-08-18 20:48:18,excluded,,,,
domain:data.jenkins.git.1sy.top,domain,data.jenkins.git.1sy.top,3,2026-08-18 20:48:18,excluded,,,,
domain:temp.jenkins.git.1sy.top,domain,temp.jenkins.git.1sy.top,3,2026-08-18 20:48:18,excluded,,,,
domain:prometheus.jenkins.git.1sy.top,domain,prometheus.jenkins.git.1sy.top,3,2026-08-18 20:48:18,excluded,,,,
domain:saml.jenkins.git.1sy.top,domain,saml.jenkins.git.1sy.top,3,2026-08-18 20:48:18,excluded,,,,
domain:preview.jenkins.git.1sy.top,domain,preview.jenkins.git.1sy.top,3,2026-08-18 20:48:18,excluded,,,,
domain:cart.jenkins.git.1sy.top,domain,cart.jenkins.git.1sy.top,3,2026-08-18 20:48:18,excluded,,,,
domain:gw.jenkins.git.1sy.top,domain,gw.jenkins.git.1sy.top,3,2026-08-18 20:48:18,excluded,,,,
domain:cdn3.jenkins.git.1sy.top,domain,cdn3.jenkins.git.1sy.top,3,2026-08-18 20:48:18,excluded,,,,
domain:wechat.jenkins.git.1sy.top,domain,wechat.jenkins.git.1sy.top,3,2026-08-18 20:48:18,excluded,,,,
domain:video.jenkins.git.1sy.top,domain,video.jenkins.git.1sy.top,3,2026-08-18 20:48:18,excluded,,,,
domain:gitlab.jenkins.git.1sy.top,domain,gitlab.jenkins.git.1sy.top,3,2026-08-18 20:48:18,excluded,,,,
domain:es.jenkins.git.1sy.top,domain,es.jenkins.git.1sy.top,3,2026-08-18 20:48:18,excluded,,,,
domain:stats.jenkins.git.1sy.top,domain,stats.jenkins.git.1sy.top,3,2026-08-18 20:48:18,excluded,,,,
domain:www.jenkins.git.1sy.top,domain,www.jenkins.git.1sy.top,3,2026-08-18 20:48:18,excluded,,,,
domain:openapi.jenkins.git.1sy.top,domain,openapi.jenkins.git.1sy.top,3,2026-08-18 20:48:18,excluded,,,,
domain:api.jenkins.git.1sy.top,domain,api.jenkins.git.1sy.top,3,2026-08-18 20:48:18,excluded,,,,
domain:job.jenkins.git.1sy.top,domain,job.jenkins.git.1sy.top,3,2026-08-18 20:48:18,excluded,,,,
domain:mx.jenkins.git.1sy.top,domain,mx.jenkins.git.1sy.top,3,2026-08-18 20:48:18,excluded,,,,
domain:static3.jenkins.git.1sy.top,domain,static3.jenkins.git.1sy.top,3,2026-08-18 20:48:18,excluded,,,,
domain:wss.jenkins.git.1sy.top,domain,wss.jenkins.git.1sy.top,3,2026-08-18 20:48:18,excluded,,,,
domain:pre.jenkins.git.1sy.top,domain,pre.jenkins.git.1sy.top,3,2026-08-18 20:48:18,excluded,,,,
domain:database.jenkins.git.1sy.top,domain,database.jenkins.git.1sy.top,3,2026-08-18 20:48:18,excluded,,,,
domain:pub.jenkins.git.1sy.top,domain,pub.jenkins.git.1sy.top,3,2026-08-18 20:48:18,excluded,,,,
domain:sftp.jenkins.git.1sy.top,domain,sftp.jenkins.git.1sy.top,3,2026-08-18 20:48:18,excluded,,,,
domain:message.jenkins.git.1sy.top,domain,message.jenkins.git.1sy.top,3,2026-08-18 20:48:18,excluded,,,,
domain:build.jenkins.git.1sy.top,domain,build.jenkins.git.1sy.top,3,2026-08-18 20:48:18,excluded,,,,
domain:images.jenkins.git.1sy.top,domain,images.jenkins.git.1sy.top,3,2026-08-18 20:48:18,excluded,,,,
domain:ci.jenkins.git.1sy.top,domain,ci.jenkins.git.1sy.top,3,2026-08-18 20:48:18,excluded,,,,
domain:keycloak.jenkins.git.1sy.top,domain,keycloak.jenkins.git.1sy.top,3,2026-08-18 20:48:19,excluded,,,,
domain:products.jenkins.git.1sy.top,domain,products.jenkins.git.1sy.top,3,2026-08-18 20:48:19,excluded,,,,
domain:sso2.jenkins.git.1sy.top,domain,sso2.jenkins.git.1sy.top,3,2026-08-18 20:48:19,excluded,,,,
domain:pay2.jenkins.git.1sy.top,domain,pay2.jenkins.git.1sy.top,3,2026-08-18 20:48:19,excluded,,,,
domain:kibana.jenkins.git.1sy.top,domain,kibana.jenkins.git.1sy.top,3,2026-08-18 20:48:19,excluded,,,,
domain:ftp.jenkins.git.1sy.top,domain,ftp.jenkins.git.1sy.top,3,2026-08-18 20:48:19,excluded,,,,
domain:wx.jenkins.git.1sy.top,domain,wx.jenkins.git.1sy.top,3,2026-08-18 20:48:19,excluded,,,,
domain:hrm.jenkins.git.1sy.top,domain,hrm.jenkins.git.1sy.top,3,2026-08-18 20:48:19,excluded,,,,
domain:mail1.jenkins.git.1sy.top,domain,mail1.jenkins.git.1sy.top,3,2026-08-18 20:48:19,excluded,,,,
domain:jobs.jenkins.git.1sy.top,domain,jobs.jenkins.git.1sy.top,3,2026-08-18 20:48:19,excluded,,,,
domain:api-dev.jenkins.git.1sy.top,domain,api-dev.jenkins.git.1sy.top,3,2026-08-18 20:48:19,excluded,,,,
domain:elastic.jenkins.git.1sy.top,domain,elastic.jenkins.git.1sy.top,3,2026-08-18 20:48:19,excluded,,,,
domain:logging.jenkins.git.1sy.top,domain,logging.jenkins.git.1sy.top,3,2026-08-18 20:48:19,excluded,,,,
domain:webmail.jenkins.git.1sy.top,domain,webmail.jenkins.git.1sy.top,3,2026-08-18 20:48:19,excluded,,,,
domain:zabbix.jenkins.git.1sy.top,domain,zabbix.jenkins.git.1sy.top,3,2026-08-18 20:48:19,excluded,,,,
domain:lb.jenkins.git.1sy.top,domain,lb.jenkins.git.1sy.top,3,2026-08-18 20:48:19,excluded,,,,
domain:manager.jenkins.git.1sy.top,domain,manager.jenkins.git.1sy.top,3,2026-08-18 20:48:19,excluded,,,,
domain:wap.jenkins.git.1sy.top,domain,wap.jenkins.git.1sy.top,3,2026-08-18 20:48:19,excluded,,,,
domain:library.jenkins.git.1sy.top,domain,library.jenkins.git.1sy.top,3,2026-08-18 20:48:19,excluded,,,,
domain:oauth.jenkins.git.1sy.top,domain,oauth.jenkins.git.1sy.top,3,2026-08-18 20:48:19,excluded,,,,
domain:mailchimp.jenkins.git.1sy.top,domain,mailchimp.jenkins.git.1sy.top,3,2026-08-18 20:48:19,excluded,,,,
domain:monitoring.jenkins.git.1sy.top,domain,monitoring.jenkins.git.1sy.top,3,2026-08-18 20:48:19,excluded,,,,
domain:public.jenkins.git.1sy.top,domain,public.jenkins.git.1sy.top,3,2026-08-18 20:48:19,excluded,,,,
domain:ns2.jenkins.git.1sy.top,domain,ns2.jenkins.git.1sy.top,3,2026-08-18 20:48:19,excluded,,,,
domain:jenkins.jenkins.git.1sy.top,domain,jenkins.jenkins.git.1sy.top,3,2026-08-18 20:48:19,excluded,,,,
domain:sso.jenkins.git.1sy.top,domain,sso.jenkins.git.1sy.top,3,2026-08-18 20:48:19,excluded,,,,
domain:administrator.jenkins.git.1sy.top,domain,administrator.jenkins.git.1sy.top,3,2026-08-18 20:48:19,excluded,,,,
domain:beta.jenkins.git.1sy.top,domain,beta.jenkins.git.1sy.top,3,2026-08-18 20:48:19,excluded,,,,
domain:health.jenkins.git.1sy.top,domain,health.jenkins.git.1sy.top,3,2026-08-18 20:48:19,excluded,,,,
domain:wiki.jenkins.git.1sy.top,domain,wiki.jenkins.git.1sy.top,3,2026-08-18 20:48:19,excluded,,,,
domain:session.jenkins.git.1sy.top,domain,session.jenkins.git.1sy.top,3,2026-08-18 20:48:19,excluded,,,,
domain:paper.jenkins.git.1sy.top,domain,paper.jenkins.git.1sy.top,3,2026-08-18 20:48:19,excluded,,,,
domain:status.jenkins.git.1sy.top,domain,status.jenkins.git.1sy.top,3,2026-08-18 20:48:19,excluded,,,,
domain:index.jenkins.git.1sy.top,domain,index.jenkins.git.1sy.top,3,2026-08-18 20:48:19,excluded,,,,
domain:static.jenkins.git.1sy.top,domain,static.jenkins.git.1sy.top,3,2026-08-18 20:48:19,excluded,,,,
domain:phpmyadmin.jenkins.git.1sy.top,domain,phpmyadmin.jenkins.git.1sy.top,3,2026-08-18 20:48:19,excluded,,,,
domain:mx2.jenkins.git.1sy.top,domain,mx2.jenkins.git.1sy.top,3,2026-08-18 20:48:19,excluded,,,,
domain:sites.jenkins.git.1sy.top,domain,sites.jenkins.git.1sy.top,3,2026-08-18 20:48:19,excluded,,,,
domain:careers.jenkins.git.1sy.top,domain,careers.jenkins.git.1sy.top,3,2026-08-18 20:48:19,excluded,,,,
domain:gateway.jenkins.git.1sy.top,domain,gateway.jenkins.git.1sy.top,3,2026-08-18 20:48:19,excluded,,,,
domain:static2.jenkins.git.1sy.top,domain,static2.jenkins.git.1sy.top,3,2026-08-18 20:48:19,excluded,,,,
domain:miniapp.jenkins.git.1sy.top,domain,miniapp.jenkins.git.1sy.top,3,2026-08-18 20:48:19,excluded,,,,
domain:oa.jenkins.git.1sy.top,domain,oa.jenkins.git.1sy.top,3,2026-08-18 20:48:19,excluded,,,,
domain:chat.jenkins.git.1sy.top,domain,chat.jenkins.git.1sy.top,3,2026-08-18 20:48:19,excluded,,,,
domain:tmp.jenkins.git.1sy.top,domain,tmp.jenkins.git.1sy.top,3,2026-08-18 20:48:19,excluded,,,,
domain:upload.jenkins.git.1sy.top,domain,upload.jenkins.git.1sy.top,3,2026-08-18 20:48:19,excluded,,,,
domain:radius.jenkins.git.1sy.top,domain,radius.jenkins.git.1sy.top,3,2026-08-18 20:48:19,excluded,,,,
domain:assets.jenkins.git.1sy.top,domain,assets.jenkins.git.1sy.top,3,2026-08-18 20:48:19,excluded,,,,
domain:security.jenkins.git.1sy.top,domain,security.jenkins.git.1sy.top,3,2026-08-18 20:48:19,excluded,,,,
domain:phpadmin.jenkins.git.1sy.top,domain,phpadmin.jenkins.git.1sy.top,3,2026-08-18 20:48:19,excluded,,,,
domain:unionpay.jenkins.git.1sy.top,domain,unionpay.jenkins.git.1sy.top,3,2026-08-18 20:48:19,excluded,,,,
domain:cos.jenkins.git.1sy.top,domain,cos.jenkins.git.1sy.top,3,2026-08-18 20:48:19,excluded,,,,
domain:socket.jenkins.git.1sy.top,domain,socket.jenkins.git.1sy.top,3,2026-08-18 20:48:19,excluded,,,,
domain:product.jenkins.git.1sy.top,domain,product.jenkins.git.1sy.top,3,2026-08-18 20:48:19,excluded,,,,
domain:pop3.jenkins.git.1sy.top,domain,pop3.jenkins.git.1sy.top,3,2026-08-18 20:48:19,excluded,,,,
domain:storage.jenkins.git.1sy.top,domain,storage.jenkins.git.1sy.top,3,2026-08-18 20:48:19,excluded,,,,
domain:api-test.jenkins.git.1sy.top,domain,api-test.jenkins.git.1sy.top,3,2026-08-18 20:48:19,excluded,,,,
domain:api2.jenkins.git.1sy.top,domain,api2.jenkins.git.1sy.top,3,2026-08-18 20:48:19,excluded,,,,
domain:pop.jenkins.git.1sy.top,domain,pop.jenkins.git.1sy.top,3,2026-08-18 20:48:19,excluded,,,,
domain:test2.jenkins.git.1sy.top,domain,test2.jenkins.git.1sy.top,3,2026-08-18 20:48:19,excluded,,,,
domain:alipay.jenkins.git.1sy.top,domain,alipay.jenkins.git.1sy.top,3,2026-08-18 20:48:19,excluded,,,,
domain:rest.jenkins.git.1sy.top,domain,rest.jenkins.git.1sy.top,3,2026-08-18 20:48:19,excluded,,,,
domain:book.jenkins.git.1sy.top,domain,book.jenkins.git.1sy.top,3,2026-08-18 20:48:19,excluded,,,,
domain:home.jenkins.git.1sy.top,domain,home.jenkins.git.1sy.top,3,2026-08-18 20:48:19,excluded,,,,
domain:bak.jenkins.git.1sy.top,domain,bak.jenkins.git.1sy.top,3,2026-08-18 20:48:19,excluded,,,,
domain:contact.jenkins.git.1sy.top,domain,contact.jenkins.git.1sy.top,3,2026-08-18 20:48:19,excluded,,,,
domain:reader.jenkins.git.1sy.top,domain,reader.jenkins.git.1sy.top,3,2026-08-18 20:48:19,excluded,,,,
domain:cdn2.jenkins.git.1sy.top,domain,cdn2.jenkins.git.1sy.top,3,2026-08-18 20:48:19,excluded,,,,
domain:apps.jenkins.git.1sy.top,domain,apps.jenkins.git.1sy.top,3,2026-08-18 20:48:19,excluded,,,,
domain:tracking.jenkins.git.1sy.top,domain,tracking.jenkins.git.1sy.top,3,2026-08-18 20:48:19,excluded,,,,
domain:webapp.jenkins.git.1sy.top,domain,webapp.jenkins.git.1sy.top,3,2026-08-18 20:48:19,excluded,,,,
domain:open.jenkins.git.1sy.top,domain,open.jenkins.git.1sy.top,3,2026-08-18 20:48:19,excluded,,,,
domain:manage.jenkins.git.1sy.top,domain,manage.jenkins.git.1sy.top,3,2026-08-18 20:48:19,excluded,,,,
domain:shop.jenkins.git.1sy.top,domain,shop.jenkins.git.1sy.top,3,2026-08-18 20:48:19,excluded,,,,
domain:test.jenkins.git.1sy.top,domain,test.jenkins.git.1sy.top,3,2026-08-18 20:48:19,excluded,,,,
domain:push.jenkins.git.1sy.top,domain,push.jenkins.git.1sy.top,3,2026-08-18 20:48:19,excluded,,,,
domain:news.jenkins.git.1sy.top,domain,news.jenkins.git.1sy.top,3,2026-08-18 20:48:19,excluded,,,,
domain:staging2.jenkins.git.1sy.top,domain,staging2.jenkins.git.1sy.top,3,2026-08-18 20:48:19,excluded,,,,
domain:gray.jenkins.git.1sy.top,domain,gray.jenkins.git.1sy.top,3,2026-08-18 20:48:19,excluded,,,,
domain:store.jenkins.git.1sy.top,domain,store.jenkins.git.1sy.top,3,2026-08-18 20:48:19,excluded,,,,
domain:tv.jenkins.git.1sy.top,domain,tv.jenkins.git.1sy.top,3,2026-08-18 20:48:19,excluded,,,,
domain:k8s.jenkins.git.1sy.top,domain,k8s.jenkins.git.1sy.top,3,2026-08-18 20:48:19,excluded,,,,
domain:live.jenkins.git.1sy.top,domain,live.jenkins.git.1sy.top,3,2026-08-18 20:48:19,excluded,,,,
domain:read.jenkins.git.1sy.top,domain,read.jenkins.git.1sy.top,3,2026-08-18 20:48:19,excluded,,,,
domain:media.jenkins.git.1sy.top,domain,media.jenkins.git.1sy.top,3,2026-08-18 20:48:19,excluded,,,,
domain:mail.jenkins.git.1sy.top,domain,mail.jenkins.git.1sy.top,3,2026-08-18 20:48:19,excluded,,,,
domain:faq.jenkins.git.1sy.top,domain,faq.jenkins.git.1sy.top,3,2026-08-18 20:48:19,excluded,,,,
domain:cas.jenkins.git.1sy.top,domain,cas.jenkins.git.1sy.top,3,2026-08-18 20:48:19,excluded,,,,
domain:mini.jenkins.git.1sy.top,domain,mini.jenkins.git.1sy.top,3,2026-08-18 20:48:19,excluded,,,,
domain:file.jenkins.git.1sy.top,domain,file.jenkins.git.1sy.top,3,2026-08-18 20:48:19,excluded,,,,
domain:mobi.jenkins.git.1sy.top,domain,mobi.jenkins.git.1sy.top,3,2026-08-18 20:48:19,excluded,,,,
domain:api-staging.jenkins.git.1sy.top,domain,api-staging.jenkins.git.1sy.top,3,2026-08-18 20:48:19,excluded,,,,
domain:sms.jenkins.git.1sy.top,domain,sms.jenkins.git.1sy.top,3,2026-08-18 20:48:20,excluded,,,,
domain:notification.jenkins.git.1sy.top,domain,notification.jenkins.git.1sy.top,3,2026-08-18 20:48:20,excluded,,,,
domain:preprod.jenkins.git.1sy.top,domain,preprod.jenkins.git.1sy.top,3,2026-08-18 20:48:20,excluded,,,,
domain:staging.jenkins.git.1sy.top,domain,staging.jenkins.git.1sy.top,3,2026-08-18 20:48:20,excluded,,,,
domain:admin.jenkins.git.1sy.top,domain,admin.jenkins.git.1sy.top,3,2026-08-18 20:48:20,excluded,,,,
domain:mail2.jenkins.git.1sy.top,domain,mail2.jenkins.git.1sy.top,3,2026-08-18 20:48:20,excluded,,,,
domain:about.jenkins.git.1sy.top,domain,about.jenkins.git.1sy.top,3,2026-08-18 20:48:20,excluded,,,,
domain:pgadmin.jenkins.git.1sy.top,domain,pgadmin.jenkins.git.1sy.top,3,2026-08-18 20:48:20,excluded,,,,
domain:imap.jenkins.git.1sy.top,domain,imap.jenkins.git.1sy.top,3,2026-08-18 20:48:20,excluded,,,,
domain:api-internal.jenkins.git.1sy.top,domain,api-internal.jenkins.git.1sy.top,3,2026-08-18 20:48:20,excluded,,,,
domain:story.jenkins.git.1sy.top,domain,story.jenkins.git.1sy.top,3,2026-08-18 20:48:20,excluded,,,,
domain:demo.jenkins.git.1sy.top,domain,demo.jenkins.git.1sy.top,3,2026-08-18 20:48:20,excluded,,,,
domain:payment.jenkins.git.1sy.top,domain,payment.jenkins.git.1sy.top,3,2026-08-18 20:48:20,excluded,,,,
domain:grpc.jenkins.git.1sy.top,domain,grpc.jenkins.git.1sy.top,3,2026-08-18 20:48:20,excluded,,,,
domain:dev.jenkins.git.1sy.top,domain,dev.jenkins.git.1sy.top,3,2026-08-18 20:48:20,excluded,,,,
domain:img.jenkins.git.1sy.top,domain,img.jenkins.git.1sy.top,3,2026-08-18 20:48:20,excluded,,,,
domain:checkout.jenkins.git.1sy.top,domain,checkout.jenkins.git.1sy.top,3,2026-08-18 20:48:20,excluded,,,,
domain:notify.jenkins.git.1sy.top,domain,notify.jenkins.git.1sy.top,3,2026-08-18 20:48:20,excluded,,,,
domain:backup.jenkins.git.1sy.top,domain,backup.jenkins.git.1sy.top,3,2026-08-18 20:48:20,excluded,,,,
domain:vpn.jenkins.git.1sy.top,domain,vpn.jenkins.git.1sy.top,3,2026-08-18 20:48:20,excluded,,,,
domain:cached.jenkins.git.1sy.top,domain,cached.jenkins.git.1sy.top,3,2026-08-18 20:48:20,excluded,,,,
domain:report.jenkins.git.1sy.top,domain,report.jenkins.git.1sy.top,3,2026-08-18 20:48:20,excluded,,,,
domain:proxy.jenkins.git.1sy.top,domain,proxy.jenkins.git.1sy.top,3,2026-08-18 20:48:20,excluded,,,,
domain:bucket.jenkins.git.1sy.top,domain,bucket.jenkins.git.1sy.top,3,2026-08-18 20:48:20,excluded,,,,
domain:buy.jenkins.git.1sy.top,domain,buy.jenkins.git.1sy.top,3,2026-08-18 20:48:20,excluded,,,,
domain:hr.jenkins.git.1sy.top,domain,hr.jenkins.git.1sy.top,3,2026-08-18 20:48:20,excluded,,,,
domain:im.jenkins.git.1sy.top,domain,im.jenkins.git.1sy.top,3,2026-08-18 20:48:20,excluded,,,,
domain:site.jenkins.git.1sy.top,domain,site.jenkins.git.1sy.top,3,2026-08-18 20:48:20,excluded,,,,
domain:ios.jenkins.git.1sy.top,domain,ios.jenkins.git.1sy.top,3,2026-08-18 20:48:20,excluded,,,,
domain:img2.jenkins.git.1sy.top,domain,img2.jenkins.git.1sy.top,3,2026-08-18 20:48:20,excluded,,,,
domain:analytics.jenkins.git.1sy.top,domain,analytics.jenkins.git.1sy.top,3,2026-08-18 20:48:20,excluded,,,,
ip:52.195.93.142,ip,52.195.93.142,3,2026-08-18 20:48:20,scanned,,,,
url:http://message.git.1sy.top/,url,http://message.git.1sy.top/,3,2026-08-18 20:48:20,eliminated,,,,
url:https://message.git.1sy.top/,url,https://message.git.1sy.top/,3,2026-08-18 20:48:20,eliminated,,,,
url:http://session.git.1sy.top/,url,http://session.git.1sy.top/,3,2026-08-18 20:48:19,eliminated,,,,
url:https://session.git.1sy.top/,url,https://session.git.1sy.top/,3,2026-08-18 20:48:19,eliminated,,,,
domain:webmail.radio.git.1sy.top,domain,webmail.radio.git.1sy.top,3,2026-08-18 20:48:18,excluded,,,,
domain:ws.radio.git.1sy.top,domain,ws.radio.git.1sy.top,3,2026-08-18 20:48:18,excluded,,,,
domain:cdn3.radio.git.1sy.top,domain,cdn3.radio.git.1sy.top,3,2026-08-18 20:48:18,excluded,,,,
domain:uat.radio.git.1sy.top,domain,uat.radio.git.1sy.top,3,2026-08-18 20:48:18,excluded,,,,
domain:media.radio.git.1sy.top,domain,media.radio.git.1sy.top,3,2026-08-18 20:48:18,excluded,,,,
domain:data.radio.git.1sy.top,domain,data.radio.git.1sy.top,3,2026-08-18 20:48:18,excluded,,,,
domain:status.radio.git.1sy.top,domain,status.radio.git.1sy.top,3,2026-08-18 20:48:18,excluded,,,,
domain:socket.radio.git.1sy.top,domain,socket.radio.git.1sy.top,3,2026-08-18 20:48:18,excluded,,,,
domain:api-test.radio.git.1sy.top,domain,api-test.radio.git.1sy.top,3,2026-08-18 20:48:18,excluded,,,,
domain:wiki.radio.git.1sy.top,domain,wiki.radio.git.1sy.top,3,2026-08-18 20:48:18,excluded,,,,
domain:public.radio.git.1sy.top,domain,public.radio.git.1sy.top,3,2026-08-18 20:48:18,excluded,,,,
domain:service.radio.git.1sy.top,domain,service.radio.git.1sy.top,3,2026-08-18 20:48:18,excluded,,,,
domain:mysql.radio.git.1sy.top,domain,mysql.radio.git.1sy.top,3,2026-08-18 20:48:18,excluded,,,,
domain:administrator.radio.git.1sy.top,domain,administrator.radio.git.1sy.top,3,2026-08-18 20:48:18,excluded,,,,
domain:order.radio.git.1sy.top,domain,order.radio.git.1sy.top,3,2026-08-18 20:48:18,excluded,,,,
domain:staging.radio.git.1sy.top,domain,staging.radio.git.1sy.top,3,2026-08-18 20:48:18,excluded,,,,
domain:api-gw.radio.git.1sy.top,domain,api-gw.radio.git.1sy.top,3,2026-08-18 20:48:18,excluded,,,,
domain:upload.radio.git.1sy.top,domain,upload.radio.git.1sy.top,3,2026-08-18 20:48:18,excluded,,,,
domain:files.radio.git.1sy.top,domain,files.radio.git.1sy.top,3,2026-08-18 20:48:18,excluded,,,,
domain:careers.radio.git.1sy.top,domain,careers.radio.git.1sy.top,3,2026-08-18 20:48:18,excluded,,,,
domain:stage.radio.git.1sy.top,domain,stage.radio.git.1sy.top,3,2026-08-18 20:48:18,excluded,,,,
domain:sse.radio.git.1sy.top,domain,sse.radio.git.1sy.top,3,2026-08-18 20:48:19,excluded,,,,
domain:mail1.radio.git.1sy.top,domain,mail1.radio.git.1sy.top,3,2026-08-18 20:48:19,excluded,,,,
domain:manager.radio.git.1sy.top,domain,manager.radio.git.1sy.top,3,2026-08-18 20:48:19,excluded,,,,
domain:alipay.radio.git.1sy.top,domain,alipay.radio.git.1sy.top,3,2026-08-18 20:48:19,excluded,,,,
domain:temp.radio.git.1sy.top,domain,temp.radio.git.1sy.top,3,2026-08-18 20:48:19,excluded,,,,
domain:apis.radio.git.1sy.top,domain,apis.radio.git.1sy.top,3,2026-08-18 20:48:19,excluded,,,,
domain:hrm.radio.git.1sy.top,domain,hrm.radio.git.1sy.top,3,2026-08-18 20:48:19,excluded,,,,
domain:push.radio.git.1sy.top,domain,push.radio.git.1sy.top,3,2026-08-18 20:48:19,excluded,,,,
domain:gitlab.radio.git.1sy.top,domain,gitlab.radio.git.1sy.top,3,2026-08-18 20:48:19,excluded,,,,
domain:product.radio.git.1sy.top,domain,product.radio.git.1sy.top,3,2026-08-18 20:48:19,excluded,,,,
domain:tracking.radio.git.1sy.top,domain,tracking.radio.git.1sy.top,3,2026-08-18 20:48:19,excluded,,,,
domain:radius.radio.git.1sy.top,domain,radius.radio.git.1sy.top,3,2026-08-18 20:48:19,excluded,,,,
domain:api.radio.git.1sy.top,domain,api.radio.git.1sy.top,3,2026-08-18 20:48:19,excluded,,,,
domain:checkout.radio.git.1sy.top,domain,checkout.radio.git.1sy.top,3,2026-08-18 20:48:19,excluded,,,,
domain:assets.radio.git.1sy.top,domain,assets.radio.git.1sy.top,3,2026-08-18 20:48:19,excluded,,,,
domain:analytics.radio.git.1sy.top,domain,analytics.radio.git.1sy.top,3,2026-08-18 20:48:19,excluded,,,,
domain:open.radio.git.1sy.top,domain,open.radio.git.1sy.top,3,2026-08-18 20:48:19,excluded,,,,
domain:wss.radio.git.1sy.top,domain,wss.radio.git.1sy.top,3,2026-08-18 20:48:19,excluded,,,,
domain:lb.radio.git.1sy.top,domain,lb.radio.git.1sy.top,3,2026-08-18 20:48:19,excluded,,,,
domain:ns1.radio.git.1sy.top,domain,ns1.radio.git.1sy.top,3,2026-08-18 20:48:19,excluded,,,,
domain:imap.radio.git.1sy.top,domain,imap.radio.git.1sy.top,3,2026-08-18 20:48:19,excluded,,,,
domain:login.radio.git.1sy.top,domain,login.radio.git.1sy.top,3,2026-08-18 20:48:19,excluded,,,,
domain:ldap.radio.git.1sy.top,domain,ldap.radio.git.1sy.top,3,2026-08-18 20:48:19,excluded,,,,
domain:sale.radio.git.1sy.top,domain,sale.radio.git.1sy.top,3,2026-08-18 20:48:19,excluded,,,,
domain:mall.radio.git.1sy.top,domain,mall.radio.git.1sy.top,3,2026-08-18 20:48:19,excluded,,,,
domain:sandbox.radio.git.1sy.top,domain,sandbox.radio.git.1sy.top,3,2026-08-18 20:48:19,excluded,,,,
domain:webview.radio.git.1sy.top,domain,webview.radio.git.1sy.top,3,2026-08-18 20:48:19,excluded,,,,
domain:metrics.radio.git.1sy.top,domain,metrics.radio.git.1sy.top,3,2026-08-18 20:48:19,excluded,,,,
domain:notification.radio.git.1sy.top,domain,notification.radio.git.1sy.top,3,2026-08-18 20:48:19,excluded,,,,
domain:live.radio.git.1sy.top,domain,live.radio.git.1sy.top,3,2026-08-18 20:48:19,excluded,,,,
domain:dns.radio.git.1sy.top,domain,dns.radio.git.1sy.top,3,2026-08-18 20:48:19,excluded,,,,
domain:internal.radio.git.1sy.top,domain,internal.radio.git.1sy.top,3,2026-08-18 20:48:19,excluded,,,,
domain:news.radio.git.1sy.top,domain,news.radio.git.1sy.top,3,2026-08-18 20:48:19,excluded,,,,
domain:bucket.radio.git.1sy.top,domain,bucket.radio.git.1sy.top,3,2026-08-18 20:48:19,excluded,,,,
domain:paper.radio.git.1sy.top,domain,paper.radio.git.1sy.top,3,2026-08-18 20:48:19,excluded,,,,
domain:m2.radio.git.1sy.top,domain,m2.radio.git.1sy.top,3,2026-08-18 20:48:19,excluded,,,,
domain:store.radio.git.1sy.top,domain,store.radio.git.1sy.top,3,2026-08-18 20:48:19,excluded,,,,
domain:console.radio.git.1sy.top,domain,console.radio.git.1sy.top,3,2026-08-18 20:48:19,excluded,,,,
domain:api-gateway.radio.git.1sy.top,domain,api-gateway.radio.git.1sy.top,3,2026-08-18 20:48:19,excluded,,,,
domain:uploads.radio.git.1sy.top,domain,uploads.radio.git.1sy.top,3,2026-08-18 20:48:19,excluded,,,,
domain:backup.radio.git.1sy.top,domain,backup.radio.git.1sy.top,3,2026-08-18 20:48:19,excluded,,,,
domain:miniapp.radio.git.1sy.top,domain,miniapp.radio.git.1sy.top,3,2026-08-18 20:48:19,excluded,,,,
domain:static3.radio.git.1sy.top,domain,static3.radio.git.1sy.top,3,2026-08-18 20:48:19,excluded,,,,
domain:support.radio.git.1sy.top,domain,support.radio.git.1sy.top,3,2026-08-18 20:48:19,excluded,,,,
domain:game.radio.git.1sy.top,domain,game.radio.git.1sy.top,3,2026-08-18 20:48:19,excluded,,,,
domain:wx.radio.git.1sy.top,domain,wx.radio.git.1sy.top,3,2026-08-18 20:48:19,excluded,,,,
domain:site.radio.git.1sy.top,domain,site.radio.git.1sy.top,3,2026-08-18 20:48:19,excluded,,,,
domain:testing.radio.git.1sy.top,domain,testing.radio.git.1sy.top,3,2026-08-18 20:48:19,excluded,,,,
domain:home.radio.git.1sy.top,domain,home.radio.git.1sy.top,3,2026-08-18 20:48:19,excluded,,,,
domain:buy.radio.git.1sy.top,domain,buy.radio.git.1sy.top,3,2026-08-18 20:48:19,excluded,,,,
domain:books.radio.git.1sy.top,domain,books.radio.git.1sy.top,3,2026-08-18 20:48:19,excluded,,,,
domain:download.radio.git.1sy.top,domain,download.radio.git.1sy.top,3,2026-08-18 20:48:19,excluded,,,,
domain:apps.radio.git.1sy.top,domain,apps.radio.git.1sy.top,3,2026-08-18 20:48:19,excluded,,,,
domain:static2.radio.git.1sy.top,domain,static2.radio.git.1sy.top,3,2026-08-18 20:48:19,excluded,,,,
domain:cd.radio.git.1sy.top,domain,cd.radio.git.1sy.top,3,2026-08-18 20:48:19,excluded,,,,
domain:report.radio.git.1sy.top,domain,report.radio.git.1sy.top,3,2026-08-18 20:48:19,excluded,,,,
domain:android.radio.git.1sy.top,domain,android.radio.git.1sy.top,3,2026-08-18 20:48:19,excluded,,,,
domain:pop3.radio.git.1sy.top,domain,pop3.radio.git.1sy.top,3,2026-08-18 20:48:19,excluded,,,,
domain:read.radio.git.1sy.top,domain,read.radio.git.1sy.top,3,2026-08-18 20:48:19,excluded,,,,
domain:cms.radio.git.1sy.top,domain,cms.radio.git.1sy.top,3,2026-08-18 20:48:19,excluded,,,,
domain:dev.radio.git.1sy.top,domain,dev.radio.git.1sy.top,3,2026-08-18 20:48:19,excluded,,,,
domain:main.radio.git.1sy.top,domain,main.radio.git.1sy.top,3,2026-08-18 20:48:19,excluded,,,,
domain:auth.radio.git.1sy.top,domain,auth.radio.git.1sy.top,3,2026-08-18 20:48:19,excluded,,,,
domain:payment.radio.git.1sy.top,domain,payment.radio.git.1sy.top,3,2026-08-18 20:48:19,excluded,,,,
domain:rest.radio.git.1sy.top,domain,rest.radio.git.1sy.top,3,2026-08-18 20:48:19,excluded,,,,
domain:radio.radio.git.1sy.top,domain,radio.radio.git.1sy.top,3,2026-08-18 20:48:19,excluded,,,,
domain:mail.radio.git.1sy.top,domain,mail.radio.git.1sy.top,3,2026-08-18 20:48:19,excluded,,,,
domain:zabbix.radio.git.1sy.top,domain,zabbix.radio.git.1sy.top,3,2026-08-18 20:48:19,excluded,,,,
domain:notify.radio.git.1sy.top,domain,notify.radio.git.1sy.top,3,2026-08-18 20:48:19,excluded,,,,
domain:sms.radio.git.1sy.top,domain,sms.radio.git.1sy.top,3,2026-08-18 20:48:19,excluded,,,,
domain:gray.radio.git.1sy.top,domain,gray.radio.git.1sy.top,3,2026-08-18 20:48:19,excluded,,,,
domain:story.radio.git.1sy.top,domain,story.radio.git.1sy.top,3,2026-08-18 20:48:19,excluded,,,,
domain:mx2.radio.git.1sy.top,domain,mx2.radio.git.1sy.top,3,2026-08-18 20:48:19,excluded,,,,
domain:chat.radio.git.1sy.top,domain,chat.radio.git.1sy.top,3,2026-08-18 20:48:19,excluded,,,,
domain:storage.radio.git.1sy.top,domain,storage.radio.git.1sy.top,3,2026-08-18 20:48:19,excluded,,,,
domain:security.radio.git.1sy.top,domain,security.radio.git.1sy.top,3,2026-08-18 20:48:19,excluded,,,,
domain:graphql.radio.git.1sy.top,domain,graphql.radio.git.1sy.top,3,2026-08-18 20:48:19,excluded,,,,
domain:job.radio.git.1sy.top,domain,job.radio.git.1sy.top,3,2026-08-18 20:48:19,excluded,,,,
domain:gateway.radio.git.1sy.top,domain,gateway.radio.git.1sy.top,3,2026-08-18 20:48:19,excluded,,,,
domain:sftp.radio.git.1sy.top,domain,sftp.radio.git.1sy.top,3,2026-08-18 20:48:19,excluded,,,,
domain:weixin.radio.git.1sy.top,domain,weixin.radio.git.1sy.top,3,2026-08-18 20:48:19,excluded,,,,
domain:beta.radio.git.1sy.top,domain,beta.radio.git.1sy.top,3,2026-08-18 20:48:19,excluded,,,,
domain:nlb.radio.git.1sy.top,domain,nlb.radio.git.1sy.top,3,2026-08-18 20:48:19,excluded,,,,
domain:logging.radio.git.1sy.top,domain,logging.radio.git.1sy.top,3,2026-08-18 20:48:19,excluded,,,,
domain:message.radio.git.1sy.top,domain,message.radio.git.1sy.top,3,2026-08-18 20:48:19,excluded,,,,
domain:faq.radio.git.1sy.top,domain,faq.radio.git.1sy.top,3,2026-08-18 20:48:19,excluded,,,,
domain:test.radio.git.1sy.top,domain,test.radio.git.1sy.top,3,2026-08-18 20:48:19,excluded,,,,
domain:cdn2.radio.git.1sy.top,domain,cdn2.radio.git.1sy.top,3,2026-08-18 20:48:19,excluded,,,,
domain:demo.radio.git.1sy.top,domain,demo.radio.git.1sy.top,3,2026-08-18 20:48:19,excluded,,,,
domain:preview.radio.git.1sy.top,domain,preview.radio.git.1sy.top,3,2026-08-18 20:48:19,excluded,,,,
domain:production.radio.git.1sy.top,domain,production.radio.git.1sy.top,3,2026-08-18 20:48:19,excluded,,,,
domain:redis.radio.git.1sy.top,domain,redis.radio.git.1sy.top,3,2026-08-18 20:48:19,excluded,,,,
domain:market.radio.git.1sy.top,domain,market.radio.git.1sy.top,3,2026-08-18 20:48:19,excluded,,,,
domain:mx.radio.git.1sy.top,domain,mx.radio.git.1sy.top,3,2026-08-18 20:48:20,excluded,,,,
domain:wap.radio.git.1sy.top,domain,wap.radio.git.1sy.top,3,2026-08-18 20:48:20,excluded,,,,
domain:services.radio.git.1sy.top,domain,services.radio.git.1sy.top,3,2026-08-18 20:48:20,excluded,,,,
domain:im.radio.git.1sy.top,domain,im.radio.git.1sy.top,3,2026-08-18 20:48:20,excluded,,,,
domain:doc.radio.git.1sy.top,domain,doc.radio.git.1sy.top,3,2026-08-18 20:48:20,excluded,,,,
domain:oss.radio.git.1sy.top,domain,oss.radio.git.1sy.top,3,2026-08-18 20:48:20,excluded,,,,
domain:newsletter.radio.git.1sy.top,domain,newsletter.radio.git.1sy.top,3,2026-08-18 20:48:20,excluded,,,,
domain:bak.radio.git.1sy.top,domain,bak.radio.git.1sy.top,3,2026-08-18 20:48:20,excluded,,,,
domain:api-prod.radio.git.1sy.top,domain,api-prod.radio.git.1sy.top,3,2026-08-18 20:48:20,excluded,,,,
domain:qa.radio.git.1sy.top,domain,qa.radio.git.1sy.top,3,2026-08-18 20:48:20,excluded,,,,
domain:hr.radio.git.1sy.top,domain,hr.radio.git.1sy.top,3,2026-08-18 20:48:20,excluded,,,,
domain:img2.radio.git.1sy.top,domain,img2.radio.git.1sy.top,3,2026-08-18 20:48:20,excluded,,,,
domain:index.radio.git.1sy.top,domain,index.radio.git.1sy.top,3,2026-08-18 20:48:20,excluded,,,,
domain:docker.radio.git.1sy.top,domain,docker.radio.git.1sy.top,3,2026-08-18 20:48:20,excluded,,,,
domain:prometheus.radio.git.1sy.top,domain,prometheus.radio.git.1sy.top,3,2026-08-18 20:48:20,excluded,,,,
domain:wap2.radio.git.1sy.top,domain,wap2.radio.git.1sy.top,3,2026-08-18 20:48:20,excluded,,,,
domain:api-internal.radio.git.1sy.top,domain,api-internal.radio.git.1sy.top,3,2026-08-18 20:48:20,excluded,,,,
domain:comic.radio.git.1sy.top,domain,comic.radio.git.1sy.top,3,2026-08-18 20:48:20,excluded,,,,
domain:wechat2.radio.git.1sy.top,domain,wechat2.radio.git.1sy.top,3,2026-08-18 20:48:20,excluded,,,,
domain:unionpay.radio.git.1sy.top,domain,unionpay.radio.git.1sy.top,3,2026-08-18 20:48:20,excluded,,,,
domain:tmp.radio.git.1sy.top,domain,tmp.radio.git.1sy.top,3,2026-08-18 20:48:20,excluded,,,,
domain:kubernetes.radio.git.1sy.top,domain,kubernetes.radio.git.1sy.top,3,2026-08-18 20:48:20,excluded,,,,
domain:file.radio.git.1sy.top,domain,file.radio.git.1sy.top,3,2026-08-18 20:48:20,excluded,,,,
domain:help.radio.git.1sy.top,domain,help.radio.git.1sy.top,3,2026-08-18 20:48:20,excluded,,,,
domain:github.radio.git.1sy.top,domain,github.radio.git.1sy.top,3,2026-08-18 20:48:20,excluded,,,,
domain:k8s.radio.git.1sy.top,domain,k8s.radio.git.1sy.top,3,2026-08-18 20:48:20,excluded,,,,
domain:stats.radio.git.1sy.top,domain,stats.radio.git.1sy.top,3,2026-08-18 20:48:20,excluded,,,,
domain:about.radio.git.1sy.top,domain,about.radio.git.1sy.top,3,2026-08-18 20:48:20,excluded,,,,
domain:portal.radio.git.1sy.top,domain,portal.radio.git.1sy.top,3,2026-08-18 20:48:20,excluded,,,,
domain:keycloak.radio.git.1sy.top,domain,keycloak.radio.git.1sy.top,3,2026-08-18 20:48:20,excluded,,,,
domain:ebook.radio.git.1sy.top,domain,ebook.radio.git.1sy.top,3,2026-08-18 20:48:20,excluded,,,,
domain:build.radio.git.1sy.top,domain,build.radio.git.1sy.top,3,2026-08-18 20:48:20,excluded,,,,
domain:monitor.radio.git.1sy.top,domain,monitor.radio.git.1sy.top,3,2026-08-18 20:48:20,excluded,,,,
domain:magazine.radio.git.1sy.top,domain,magazine.radio.git.1sy.top,3,2026-08-18 20:48:20,excluded,,,,
domain:blog.radio.git.1sy.top,domain,blog.radio.git.1sy.top,3,2026-08-18 20:48:20,excluded,,,,
domain:api-dev.radio.git.1sy.top,domain,api-dev.radio.git.1sy.top,3,2026-08-18 20:48:20,excluded,,,,
domain:sso2.radio.git.1sy.top,domain,sso2.radio.git.1sy.top,3,2026-08-18 20:48:20,excluded,,,,
domain:pay2.radio.git.1sy.top,domain,pay2.radio.git.1sy.top,3,2026-08-18 20:48:20,excluded,,,,
domain:novel.radio.git.1sy.top,domain,novel.radio.git.1sy.top,3,2026-08-18 20:48:20,excluded,,,,
domain:cached.radio.git.1sy.top,domain,cached.radio.git.1sy.top,3,2026-08-18 20:48:20,excluded,,,,
domain:career.radio.git.1sy.top,domain,career.radio.git.1sy.top,3,2026-08-18 20:48:20,excluded,,,,
domain:music.radio.git.1sy.top,domain,music.radio.git.1sy.top,3,2026-08-18 20:48:20,excluded,,,,
domain:prod.radio.git.1sy.top,domain,prod.radio.git.1sy.top,3,2026-08-18 20:48:20,excluded,,,,
domain:library.radio.git.1sy.top,domain,library.radio.git.1sy.top,3,2026-08-18 20:48:20,excluded,,,,
domain:mini.radio.git.1sy.top,domain,mini.radio.git.1sy.top,3,2026-08-18 20:48:20,excluded,,,,
domain:jenkins.radio.git.1sy.top,domain,jenkins.radio.git.1sy.top,3,2026-08-18 20:48:20,excluded,,,,
domain:static.radio.git.1sy.top,domain,static.radio.git.1sy.top,3,2026-08-18 20:48:20,excluded,,,,
domain:order2.radio.git.1sy.top,domain,order2.radio.git.1sy.top,3,2026-08-18 20:48:20,excluded,,,,
domain:video.radio.git.1sy.top,domain,video.radio.git.1sy.top,3,2026-08-18 20:48:20,excluded,,,,
domain:mail2.radio.git.1sy.top,domain,mail2.radio.git.1sy.top,3,2026-08-18 20:48:20,excluded,,,,
domain:homepage.radio.git.1sy.top,domain,homepage.radio.git.1sy.top,3,2026-08-18 20:48:20,excluded,,,,
domain:web.radio.git.1sy.top,domain,web.radio.git.1sy.top,3,2026-08-18 20:48:20,excluded,,,,
domain:mysqladmin.radio.git.1sy.top,domain,mysqladmin.radio.git.1sy.top,3,2026-08-18 20:48:20,excluded,,,,
domain:h5.radio.git.1sy.top,domain,h5.radio.git.1sy.top,3,2026-08-18 20:48:20,excluded,,,,
domain:intranet.radio.git.1sy.top,domain,intranet.radio.git.1sy.top,3,2026-08-18 20:48:20,excluded,,,,
domain:logs.radio.git.1sy.top,domain,logs.radio.git.1sy.top,3,2026-08-18 20:48:20,excluded,,,,
domain:dev2.radio.git.1sy.top,domain,dev2.radio.git.1sy.top,3,2026-08-18 20:48:20,excluded,,,,
domain:phpadmin.radio.git.1sy.top,domain,phpadmin.radio.git.1sy.top,3,2026-08-18 20:48:20,excluded,,,,
domain:reader.radio.git.1sy.top,domain,reader.radio.git.1sy.top,3,2026-08-18 20:48:20,excluded,,,,
domain:app.radio.git.1sy.top,domain,app.radio.git.1sy.top,3,2026-08-18 20:48:20,excluded,,,,
domain:proxy.radio.git.1sy.top,domain,proxy.radio.git.1sy.top,3,2026-08-18 20:48:20,excluded,,,,
domain:cas.radio.git.1sy.top,domain,cas.radio.git.1sy.top,3,2026-08-18 20:48:20,excluded,,,,
domain:jobs.radio.git.1sy.top,domain,jobs.radio.git.1sy.top,3,2026-08-18 20:48:20,excluded,,,,
domain:preprod.radio.git.1sy.top,domain,preprod.radio.git.1sy.top,3,2026-08-18 20:48:20,excluded,,,,
domain:mailchimp.radio.git.1sy.top,domain,mailchimp.radio.git.1sy.top,3,2026-08-18 20:48:20,excluded,,,,
domain:sites.radio.git.1sy.top,domain,sites.radio.git.1sy.top,3,2026-08-18 20:48:20,excluded,,,,
domain:sso.radio.git.1sy.top,domain,sso.radio.git.1sy.top,3,2026-08-18 20:48:20,excluded,,,,
domain:book.radio.git.1sy.top,domain,book.radio.git.1sy.top,3,2026-08-18 20:48:20,excluded,,,,
domain:db.radio.git.1sy.top,domain,db.radio.git.1sy.top,3,2026-08-18 20:48:20,excluded,,,,
domain:development.radio.git.1sy.top,domain,development.radio.git.1sy.top,3,2026-08-18 20:48:20,excluded,,,,
domain:elastic.radio.git.1sy.top,domain,elastic.radio.git.1sy.top,3,2026-08-18 20:48:20,excluded,,,,
domain:article.radio.git.1sy.top,domain,article.radio.git.1sy.top,3,2026-08-18 20:48:20,excluded,,,,
domain:docs.radio.git.1sy.top,domain,docs.radio.git.1sy.top,3,2026-08-18 20:48:20,excluded,,,,
domain:session.radio.git.1sy.top,domain,session.radio.git.1sy.top,3,2026-08-18 20:48:20,excluded,,,,
domain:www.radio.git.1sy.top,domain,www.radio.git.1sy.top,3,2026-08-18 20:48:20,excluded,,,,
domain:monitoring.radio.git.1sy.top,domain,monitoring.radio.git.1sy.top,3,2026-08-18 20:48:20,excluded,,,,
domain:pay.radio.git.1sy.top,domain,pay.radio.git.1sy.top,3,2026-08-18 20:48:20,excluded,,,,
domain:cos.radio.git.1sy.top,domain,cos.radio.git.1sy.top,3,2026-08-18 20:48:20,excluded,,,,
domain:office.radio.git.1sy.top,domain,office.radio.git.1sy.top,3,2026-08-18 20:48:20,excluded,,,,
domain:smtp.radio.git.1sy.top,domain,smtp.radio.git.1sy.top,3,2026-08-18 20:48:20,excluded,,,,
domain:remote.radio.git.1sy.top,domain,remote.radio.git.1sy.top,3,2026-08-18 20:48:20,excluded,,,,
domain:auth2.radio.git.1sy.top,domain,auth2.radio.git.1sy.top,3,2026-08-18 20:48:20,excluded,,,,
domain:vpn.radio.git.1sy.top,domain,vpn.radio.git.1sy.top,3,2026-08-18 20:48:20,excluded,,,,
domain:svn.radio.git.1sy.top,domain,svn.radio.git.1sy.top,3,2026-08-18 20:48:20,excluded,,,,
domain:api-staging.radio.git.1sy.top,domain,api-staging.radio.git.1sy.top,3,2026-08-18 20:48:20,excluded,,,,
domain:log.radio.git.1sy.top,domain,log.radio.git.1sy.top,3,2026-08-18 20:48:20,excluded,,,,
domain:grpc.radio.git.1sy.top,domain,grpc.radio.git.1sy.top,3,2026-08-18 20:48:20,excluded,,,,
domain:pgadmin.radio.git.1sy.top,domain,pgadmin.radio.git.1sy.top,3,2026-08-18 20:48:20,excluded,,,,
domain:websocket.radio.git.1sy.top,domain,websocket.radio.git.1sy.top,3,2026-08-18 20:48:20,excluded,,,,
domain:bbs.radio.git.1sy.top,domain,bbs.radio.git.1sy.top,3,2026-08-18 20:48:20,excluded,,,,
domain:images.radio.git.1sy.top,domain,images.radio.git.1sy.top,3,2026-08-18 20:48:20,excluded,,,,
domain:oa.radio.git.1sy.top,domain,oa.radio.git.1sy.top,3,2026-08-18 20:48:20,excluded,,,,
domain:phpmyadmin.radio.git.1sy.top,domain,phpmyadmin.radio.git.1sy.top,3,2026-08-18 20:48:20,excluded,,,,
domain:products.radio.git.1sy.top,domain,products.radio.git.1sy.top,3,2026-08-18 20:48:20,excluded,,,,
domain:oauth.radio.git.1sy.top,domain,oauth.radio.git.1sy.top,3,2026-08-18 20:48:20,excluded,,,,
domain:git.radio.git.1sy.top,domain,git.radio.git.1sy.top,3,2026-08-18 20:48:20,excluded,,,,
domain:saml.radio.git.1sy.top,domain,saml.radio.git.1sy.top,3,2026-08-18 20:48:20,excluded,,,,
domain:token.radio.git.1sy.top,domain,token.radio.git.1sy.top,3,2026-08-18 20:48:20,excluded,,,,
domain:sess.radio.git.1sy.top,domain,sess.radio.git.1sy.top,3,2026-08-18 20:48:20,excluded,,,,
domain:contact.radio.git.1sy.top,domain,contact.radio.git.1sy.top,3,2026-08-18 20:48:20,excluded,,,,
domain:grafana.radio.git.1sy.top,domain,grafana.radio.git.1sy.top,3,2026-08-18 20:48:20,excluded,,,,
domain:staging2.radio.git.1sy.top,domain,staging2.radio.git.1sy.top,3,2026-08-18 20:48:20,excluded,,,,
domain:ns3.radio.git.1sy.top,domain,ns3.radio.git.1sy.top,3,2026-08-18 20:48:20,excluded,,,,
domain:gw.radio.git.1sy.top,domain,gw.radio.git.1sy.top,3,2026-08-18 20:48:20,excluded,,,,
domain:forum.radio.git.1sy.top,domain,forum.radio.git.1sy.top,3,2026-08-18 20:48:20,excluded,,,,
domain:pre.radio.git.1sy.top,domain,pre.radio.git.1sy.top,3,2026-08-18 20:48:20,excluded,,,,
domain:database.radio.git.1sy.top,domain,database.radio.git.1sy.top,3,2026-08-18 20:48:20,excluded,,,,
domain:cache.radio.git.1sy.top,domain,cache.radio.git.1sy.top,3,2026-08-18 20:48:20,excluded,,,,
domain:m.radio.git.1sy.top,domain,m.radio.git.1sy.top,3,2026-08-18 20:48:20,excluded,,,,
domain:kibana.radio.git.1sy.top,domain,kibana.radio.git.1sy.top,3,2026-08-18 20:48:20,excluded,,,,
domain:export.radio.git.1sy.top,domain,export.radio.git.1sy.top,3,2026-08-18 20:48:20,excluded,,,,
domain:health.radio.git.1sy.top,domain,health.radio.git.1sy.top,3,2026-08-18 20:48:20,excluded,,,,
domain:community.radio.git.1sy.top,domain,community.radio.git.1sy.top,3,2026-08-18 20:48:20,excluded,,,,
domain:recruit.radio.git.1sy.top,domain,recruit.radio.git.1sy.top,3,2026-08-18 20:48:20,excluded,,,,
domain:tv.radio.git.1sy.top,domain,tv.radio.git.1sy.top,3,2026-08-18 20:48:20,excluded,,,,
domain:canary.radio.git.1sy.top,domain,canary.radio.git.1sy.top,3,2026-08-18 20:48:20,excluded,,,,
domain:ios.radio.git.1sy.top,domain,ios.radio.git.1sy.top,3,2026-08-18 20:48:20,excluded,,,,
domain:pop.radio.git.1sy.top,domain,pop.radio.git.1sy.top,3,2026-08-18 20:48:20,excluded,,,,
domain:documents.radio.git.1sy.top,domain,documents.radio.git.1sy.top,3,2026-08-18 20:48:20,excluded,,,,
domain:image.radio.git.1sy.top,domain,image.radio.git.1sy.top,3,2026-08-18 20:48:20,excluded,,,,
domain:manage.radio.git.1sy.top,domain,manage.radio.git.1sy.top,3,2026-08-18 20:48:20,excluded,,,,
domain:crm.radio.git.1sy.top,domain,crm.radio.git.1sy.top,3,2026-08-18 20:48:20,excluded,,,,
domain:erp.radio.git.1sy.top,domain,erp.radio.git.1sy.top,3,2026-08-18 20:48:20,excluded,,,,
domain:openapi.radio.git.1sy.top,domain,openapi.radio.git.1sy.top,3,2026-08-18 20:48:20,excluded,,,,
domain:admin.radio.git.1sy.top,domain,admin.radio.git.1sy.top,3,2026-08-18 20:48:20,excluded,,,,
domain:pub.radio.git.1sy.top,domain,pub.radio.git.1sy.top,3,2026-08-18 20:48:20,excluded,,,,
domain:ns2.radio.git.1sy.top,domain,ns2.radio.git.1sy.top,3,2026-08-18 20:48:20,excluded,,,,
domain:ssh.radio.git.1sy.top,domain,ssh.radio.git.1sy.top,3,2026-08-18 20:48:20,excluded,,,,
domain:webapp.radio.git.1sy.top,domain,webapp.radio.git.1sy.top,3,2026-08-18 20:48:20,excluded,,,,
domain:wechat.radio.git.1sy.top,domain,wechat.radio.git.1sy.top,3,2026-08-18 20:48:20,excluded,,,,
domain:ci.radio.git.1sy.top,domain,ci.radio.git.1sy.top,3,2026-08-18 20:48:20,excluded,,,,
domain:es.radio.git.1sy.top,domain,es.radio.git.1sy.top,3,2026-08-18 20:48:20,excluded,,,,
domain:api2.radio.git.1sy.top,domain,api2.radio.git.1sy.top,3,2026-08-18 20:48:20,excluded,,,,
domain:mobile.radio.git.1sy.top,domain,mobile.radio.git.1sy.top,3,2026-08-18 20:48:20,excluded,,,,
domain:cdn.radio.git.1sy.top,domain,cdn.radio.git.1sy.top,3,2026-08-18 20:48:20,excluded,,,,
domain:mobi.radio.git.1sy.top,domain,mobi.radio.git.1sy.top,3,2026-08-18 20:48:20,excluded,,,,
domain:ftp.radio.git.1sy.top,domain,ftp.radio.git.1sy.top,3,2026-08-18 20:48:20,excluded,,,,
domain:cart.radio.git.1sy.top,domain,cart.radio.git.1sy.top,3,2026-08-18 20:48:20,excluded,,,,
domain:reports.radio.git.1sy.top,domain,reports.radio.git.1sy.top,3,2026-08-18 20:48:20,excluded,,,,
domain:registry.radio.git.1sy.top,domain,registry.radio.git.1sy.top,3,2026-08-18 20:48:20,excluded,,,,
domain:documentation.radio.git.1sy.top,domain,documentation.radio.git.1sy.top,3,2026-08-18 20:48:20,excluded,,,,
domain:mx1.radio.git.1sy.top,domain,mx1.radio.git.1sy.top,3,2026-08-18 20:48:20,excluded,,,,
domain:img3.radio.git.1sy.top,domain,img3.radio.git.1sy.top,3,2026-08-18 20:48:20,excluded,,,,
domain:test2.radio.git.1sy.top,domain,test2.radio.git.1sy.top,3,2026-08-18 20:48:20,excluded,,,,
domain:img.radio.git.1sy.top,domain,img.radio.git.1sy.top,3,2026-08-18 20:48:20,excluded,,,,
domain:shop.radio.git.1sy.top,domain,shop.radio.git.1sy.top,3,2026-08-18 20:48:20,excluded,,,,
domain:games.radio.git.1sy.top,domain,games.radio.git.1sy.top,3,2026-08-18 20:48:20,excluded,,,,
domain:beta.webmail.git.1sy.top,domain,beta.webmail.git.1sy.top,3,2026-08-18 20:48:18,excluded,,,,
domain:api-staging.webmail.git.1sy.top,domain,api-staging.webmail.git.1sy.top,3,2026-08-18 20:48:18,excluded,,,,
domain:notify.webmail.git.1sy.top,domain,notify.webmail.git.1sy.top,3,2026-08-18 20:48:18,excluded,,,,
domain:grafana.webmail.git.1sy.top,domain,grafana.webmail.git.1sy.top,3,2026-08-18 20:48:18,excluded,,,,
domain:uat.webmail.git.1sy.top,domain,uat.webmail.git.1sy.top,3,2026-08-18 20:48:18,excluded,,,,
domain:mail1.webmail.git.1sy.top,domain,mail1.webmail.git.1sy.top,3,2026-08-18 20:48:18,excluded,,,,
domain:weixin.webmail.git.1sy.top,domain,weixin.webmail.git.1sy.top,3,2026-08-18 20:48:18,excluded,,,,
domain:book.webmail.git.1sy.top,domain,book.webmail.git.1sy.top,3,2026-08-18 20:48:18,excluded,,,,
domain:bbs.webmail.git.1sy.top,domain,bbs.webmail.git.1sy.top,3,2026-08-18 20:48:18,excluded,,,,
domain:paper.webmail.git.1sy.top,domain,paper.webmail.git.1sy.top,3,2026-08-18 20:48:18,excluded,,,,
domain:mx2.webmail.git.1sy.top,domain,mx2.webmail.git.1sy.top,3,2026-08-18 20:48:18,excluded,,,,
domain:site.webmail.git.1sy.top,domain,site.webmail.git.1sy.top,3,2026-08-18 20:48:18,excluded,,,,
domain:gateway.webmail.git.1sy.top,domain,gateway.webmail.git.1sy.top,3,2026-08-18 20:48:18,excluded,,,,
domain:sandbox.webmail.git.1sy.top,domain,sandbox.webmail.git.1sy.top,3,2026-08-18 20:48:18,excluded,,,,
domain:cd.webmail.git.1sy.top,domain,cd.webmail.git.1sy.top,3,2026-08-18 20:48:18,excluded,,,,
domain:analytics.webmail.git.1sy.top,domain,analytics.webmail.git.1sy.top,3,2026-08-18 20:48:18,excluded,,,,
domain:apps.webmail.git.1sy.top,domain,apps.webmail.git.1sy.top,3,2026-08-18 20:48:19,excluded,,,,
domain:h5.webmail.git.1sy.top,domain,h5.webmail.git.1sy.top,3,2026-08-18 20:48:19,excluded,,,,
domain:order.webmail.git.1sy.top,domain,order.webmail.git.1sy.top,3,2026-08-18 20:48:19,excluded,,,,
domain:data.webmail.git.1sy.top,domain,data.webmail.git.1sy.top,3,2026-08-18 20:48:19,excluded,,,,
domain:pgadmin.webmail.git.1sy.top,domain,pgadmin.webmail.git.1sy.top,3,2026-08-18 20:48:19,excluded,,,,
domain:wx.webmail.git.1sy.top,domain,wx.webmail.git.1sy.top,3,2026-08-18 20:48:19,excluded,,,,
domain:hr.webmail.git.1sy.top,domain,hr.webmail.git.1sy.top,3,2026-08-18 20:48:19,excluded,,,,
domain:static3.webmail.git.1sy.top,domain,static3.webmail.git.1sy.top,3,2026-08-18 20:48:19,excluded,,,,
domain:static.webmail.git.1sy.top,domain,static.webmail.git.1sy.top,3,2026-08-18 20:48:19,excluded,,,,
domain:office.webmail.git.1sy.top,domain,office.webmail.git.1sy.top,3,2026-08-18 20:48:19,excluded,,,,
domain:mysql.webmail.git.1sy.top,domain,mysql.webmail.git.1sy.top,3,2026-08-18 20:48:19,excluded,,,,
domain:files.webmail.git.1sy.top,domain,files.webmail.git.1sy.top,3,2026-08-18 20:48:19,excluded,,,,
domain:logging.webmail.git.1sy.top,domain,logging.webmail.git.1sy.top,3,2026-08-18 20:48:19,excluded,,,,
domain:mall.webmail.git.1sy.top,domain,mall.webmail.git.1sy.top,3,2026-08-18 20:48:19,excluded,,,,
domain:vpn.webmail.git.1sy.top,domain,vpn.webmail.git.1sy.top,3,2026-08-18 20:48:19,excluded,,,,
domain:sftp.webmail.git.1sy.top,domain,sftp.webmail.git.1sy.top,3,2026-08-18 20:48:19,excluded,,,,
domain:jenkins.webmail.git.1sy.top,domain,jenkins.webmail.git.1sy.top,3,2026-08-18 20:48:19,excluded,,,,
domain:grpc.webmail.git.1sy.top,domain,grpc.webmail.git.1sy.top,3,2026-08-18 20:48:19,excluded,,,,
domain:community.webmail.git.1sy.top,domain,community.webmail.git.1sy.top,3,2026-08-18 20:48:19,excluded,,,,
domain:ci.webmail.git.1sy.top,domain,ci.webmail.git.1sy.top,3,2026-08-18 20:48:19,excluded,,,,
domain:manage.webmail.git.1sy.top,domain,manage.webmail.git.1sy.top,3,2026-08-18 20:48:19,excluded,,,,
domain:product.webmail.git.1sy.top,domain,product.webmail.git.1sy.top,3,2026-08-18 20:48:19,excluded,,,,
domain:api-internal.webmail.git.1sy.top,domain,api-internal.webmail.git.1sy.top,3,2026-08-18 20:48:19,excluded,,,,
domain:openapi.webmail.git.1sy.top,domain,openapi.webmail.git.1sy.top,3,2026-08-18 20:48:19,excluded,,,,
domain:api.webmail.git.1sy.top,domain,api.webmail.git.1sy.top,3,2026-08-18 20:48:19,excluded,,,,
domain:testing.webmail.git.1sy.top,domain,testing.webmail.git.1sy.top,3,2026-08-18 20:48:19,excluded,,,,
domain:comic.webmail.git.1sy.top,domain,comic.webmail.git.1sy.top,3,2026-08-18 20:48:19,excluded,,,,
domain:magazine.webmail.git.1sy.top,domain,magazine.webmail.git.1sy.top,3,2026-08-18 20:48:19,excluded,,,,
domain:export.webmail.git.1sy.top,domain,export.webmail.git.1sy.top,3,2026-08-18 20:48:19,excluded,,,,
domain:ssh.webmail.git.1sy.top,domain,ssh.webmail.git.1sy.top,3,2026-08-18 20:48:19,excluded,,,,
domain:news.webmail.git.1sy.top,domain,news.webmail.git.1sy.top,3,2026-08-18 20:48:19,excluded,,,,
domain:m.webmail.git.1sy.top,domain,m.webmail.git.1sy.top,3,2026-08-18 20:48:19,excluded,,,,
domain:demo.webmail.git.1sy.top,domain,demo.webmail.git.1sy.top,3,2026-08-18 20:48:19,excluded,,,,
domain:reader.webmail.git.1sy.top,domain,reader.webmail.git.1sy.top,3,2026-08-18 20:48:19,excluded,,,,
domain:pop.webmail.git.1sy.top,domain,pop.webmail.git.1sy.top,3,2026-08-18 20:48:19,excluded,,,,
domain:lb.webmail.git.1sy.top,domain,lb.webmail.git.1sy.top,3,2026-08-18 20:48:19,excluded,,,,
domain:bucket.webmail.git.1sy.top,domain,bucket.webmail.git.1sy.top,3,2026-08-18 20:48:19,excluded,,,,
domain:stage.webmail.git.1sy.top,domain,stage.webmail.git.1sy.top,3,2026-08-18 20:48:19,excluded,,,,
domain:portal.webmail.git.1sy.top,domain,portal.webmail.git.1sy.top,3,2026-08-18 20:48:19,excluded,,,,
domain:radio.webmail.git.1sy.top,domain,radio.webmail.git.1sy.top,3,2026-08-18 20:48:19,excluded,,,,
domain:story.webmail.git.1sy.top,domain,story.webmail.git.1sy.top,3,2026-08-18 20:48:19,excluded,,,,
domain:report.webmail.git.1sy.top,domain,report.webmail.git.1sy.top,3,2026-08-18 20:48:19,excluded,,,,
domain:staging2.webmail.git.1sy.top,domain,staging2.webmail.git.1sy.top,3,2026-08-18 20:48:19,excluded,,,,
domain:oss.webmail.git.1sy.top,domain,oss.webmail.git.1sy.top,3,2026-08-18 20:48:19,excluded,,,,
domain:wss.webmail.git.1sy.top,domain,wss.webmail.git.1sy.top,3,2026-08-18 20:48:19,excluded,,,,
domain:index.webmail.git.1sy.top,domain,index.webmail.git.1sy.top,3,2026-08-18 20:48:19,excluded,,,,
domain:buy.webmail.git.1sy.top,domain,buy.webmail.git.1sy.top,3,2026-08-18 20:48:19,excluded,,,,
domain:console.webmail.git.1sy.top,domain,console.webmail.git.1sy.top,3,2026-08-18 20:48:19,excluded,,,,
domain:pop3.webmail.git.1sy.top,domain,pop3.webmail.git.1sy.top,3,2026-08-18 20:48:19,excluded,,,,
domain:documents.webmail.git.1sy.top,domain,documents.webmail.git.1sy.top,3,2026-08-18 20:48:19,excluded,,,,
domain:websocket.webmail.git.1sy.top,domain,websocket.webmail.git.1sy.top,3,2026-08-18 20:48:19,excluded,,,,
domain:production.webmail.git.1sy.top,domain,production.webmail.git.1sy.top,3,2026-08-18 20:48:19,excluded,,,,
domain:assets.webmail.git.1sy.top,domain,assets.webmail.git.1sy.top,3,2026-08-18 20:48:19,excluded,,,,
domain:admin.webmail.git.1sy.top,domain,admin.webmail.git.1sy.top,3,2026-08-18 20:48:19,excluded,,,,
domain:homepage.webmail.git.1sy.top,domain,homepage.webmail.git.1sy.top,3,2026-08-18 20:48:19,excluded,,,,
domain:cos.webmail.git.1sy.top,domain,cos.webmail.git.1sy.top,3,2026-08-18 20:48:19,excluded,,,,
domain:android.webmail.git.1sy.top,domain,android.webmail.git.1sy.top,3,2026-08-18 20:48:19,excluded,,,,
domain:static2.webmail.git.1sy.top,domain,static2.webmail.git.1sy.top,3,2026-08-18 20:48:19,excluded,,,,
domain:store.webmail.git.1sy.top,domain,store.webmail.git.1sy.top,3,2026-08-18 20:48:19,excluded,,,,
domain:metrics.webmail.git.1sy.top,domain,metrics.webmail.git.1sy.top,3,2026-08-18 20:48:19,excluded,,,,
domain:cas.webmail.git.1sy.top,domain,cas.webmail.git.1sy.top,3,2026-08-18 20:48:19,excluded,,,,
domain:saml.webmail.git.1sy.top,domain,saml.webmail.git.1sy.top,3,2026-08-18 20:48:19,excluded,,,,
domain:phpmyadmin.webmail.git.1sy.top,domain,phpmyadmin.webmail.git.1sy.top,3,2026-08-18 20:48:19,excluded,,,,
domain:kibana.webmail.git.1sy.top,domain,kibana.webmail.git.1sy.top,3,2026-08-18 20:48:19,excluded,,,,
domain:ldap.webmail.git.1sy.top,domain,ldap.webmail.git.1sy.top,3,2026-08-18 20:48:19,excluded,,,,
domain:web.webmail.git.1sy.top,domain,web.webmail.git.1sy.top,3,2026-08-18 20:48:19,excluded,,,,
domain:build.webmail.git.1sy.top,domain,build.webmail.git.1sy.top,3,2026-08-18 20:48:19,excluded,,,,
domain:img2.webmail.git.1sy.top,domain,img2.webmail.git.1sy.top,3,2026-08-18 20:48:19,excluded,,,,
domain:canary.webmail.git.1sy.top,domain,canary.webmail.git.1sy.top,3,2026-08-18 20:48:19,excluded,,,,
domain:qa.webmail.git.1sy.top,domain,qa.webmail.git.1sy.top,3,2026-08-18 20:48:19,excluded,,,,
domain:market.webmail.git.1sy.top,domain,market.webmail.git.1sy.top,3,2026-08-18 20:48:19,excluded,,,,
domain:sms.webmail.git.1sy.top,domain,sms.webmail.git.1sy.top,3,2026-08-18 20:48:19,excluded,,,,
domain:tv.webmail.git.1sy.top,domain,tv.webmail.git.1sy.top,3,2026-08-18 20:48:19,excluded,,,,
domain:api-test.webmail.git.1sy.top,domain,api-test.webmail.git.1sy.top,3,2026-08-18 20:48:19,excluded,,,,
domain:images.webmail.git.1sy.top,domain,images.webmail.git.1sy.top,3,2026-08-18 20:48:19,excluded,,,,
domain:app.webmail.git.1sy.top,domain,app.webmail.git.1sy.top,3,2026-08-18 20:48:19,excluded,,,,
domain:ebook.webmail.git.1sy.top,domain,ebook.webmail.git.1sy.top,3,2026-08-18 20:48:19,excluded,,,,
domain:docs.webmail.git.1sy.top,domain,docs.webmail.git.1sy.top,3,2026-08-18 20:48:19,excluded,,,,
domain:sites.webmail.git.1sy.top,domain,sites.webmail.git.1sy.top,3,2026-08-18 20:48:19,excluded,,,,
domain:wechat.webmail.git.1sy.top,domain,wechat.webmail.git.1sy.top,3,2026-08-18 20:48:19,excluded,,,,
domain:security.webmail.git.1sy.top,domain,security.webmail.git.1sy.top,3,2026-08-18 20:48:19,excluded,,,,
domain:radius.webmail.git.1sy.top,domain,radius.webmail.git.1sy.top,3,2026-08-18 20:48:19,excluded,,,,
domain:documentation.webmail.git.1sy.top,domain,documentation.webmail.git.1sy.top,3,2026-08-18 20:48:19,excluded,,,,
domain:miniapp.webmail.git.1sy.top,domain,miniapp.webmail.git.1sy.top,3,2026-08-18 20:48:19,excluded,,,,
domain:dev2.webmail.git.1sy.top,domain,dev2.webmail.git.1sy.top,3,2026-08-18 20:48:19,excluded,,,,
domain:cdn3.webmail.git.1sy.top,domain,cdn3.webmail.git.1sy.top,3,2026-08-18 20:48:19,excluded,,,,
domain:mobi.webmail.git.1sy.top,domain,mobi.webmail.git.1sy.top,3,2026-08-18 20:48:19,excluded,,,,
domain:intranet.webmail.git.1sy.top,domain,intranet.webmail.git.1sy.top,3,2026-08-18 20:48:19,excluded,,,,
domain:doc.webmail.git.1sy.top,domain,doc.webmail.git.1sy.top,3,2026-08-18 20:48:19,excluded,,,,
domain:api2.webmail.git.1sy.top,domain,api2.webmail.git.1sy.top,3,2026-08-18 20:48:19,excluded,,,,
domain:cdn2.webmail.git.1sy.top,domain,cdn2.webmail.git.1sy.top,3,2026-08-18 20:48:19,excluded,,,,
domain:www.webmail.git.1sy.top,domain,www.webmail.git.1sy.top,3,2026-08-18 20:48:19,excluded,,,,
domain:rest.webmail.git.1sy.top,domain,rest.webmail.git.1sy.top,3,2026-08-18 20:48:19,excluded,,,,
domain:help.webmail.git.1sy.top,domain,help.webmail.git.1sy.top,3,2026-08-18 20:48:19,excluded,,,,
domain:nlb.webmail.git.1sy.top,domain,nlb.webmail.git.1sy.top,3,2026-08-18 20:48:19,excluded,,,,
domain:games.webmail.git.1sy.top,domain,games.webmail.git.1sy.top,3,2026-08-18 20:48:19,excluded,,,,
domain:staging.webmail.git.1sy.top,domain,staging.webmail.git.1sy.top,3,2026-08-18 20:48:19,excluded,,,,
domain:tmp.webmail.git.1sy.top,domain,tmp.webmail.git.1sy.top,3,2026-08-18 20:48:19,excluded,,,,
domain:remote.webmail.git.1sy.top,domain,remote.webmail.git.1sy.top,3,2026-08-18 20:48:19,excluded,,,,
domain:mail2.webmail.git.1sy.top,domain,mail2.webmail.git.1sy.top,3,2026-08-18 20:48:20,excluded,,,,
domain:erp.webmail.git.1sy.top,domain,erp.webmail.git.1sy.top,3,2026-08-18 20:48:20,excluded,,,,
domain:novel.webmail.git.1sy.top,domain,novel.webmail.git.1sy.top,3,2026-08-18 20:48:20,excluded,,,,
domain:file.webmail.git.1sy.top,domain,file.webmail.git.1sy.top,3,2026-08-18 20:48:20,excluded,,,,
domain:dns.webmail.git.1sy.top,domain,dns.webmail.git.1sy.top,3,2026-08-18 20:48:20,excluded,,,,
domain:sso.webmail.git.1sy.top,domain,sso.webmail.git.1sy.top,3,2026-08-18 20:48:20,excluded,,,,
domain:mailchimp.webmail.git.1sy.top,domain,mailchimp.webmail.git.1sy.top,3,2026-08-18 20:48:20,excluded,,,,
domain:smtp.webmail.git.1sy.top,domain,smtp.webmail.git.1sy.top,3,2026-08-18 20:48:20,excluded,,,,
domain:manager.webmail.git.1sy.top,domain,manager.webmail.git.1sy.top,3,2026-08-18 20:48:20,excluded,,,,
domain:login.webmail.git.1sy.top,domain,login.webmail.git.1sy.top,3,2026-08-18 20:48:20,excluded,,,,
domain:auth2.webmail.git.1sy.top,domain,auth2.webmail.git.1sy.top,3,2026-08-18 20:48:20,excluded,,,,
domain:mysqladmin.webmail.git.1sy.top,domain,mysqladmin.webmail.git.1sy.top,3,2026-08-18 20:48:20,excluded,,,,
domain:notification.webmail.git.1sy.top,domain,notification.webmail.git.1sy.top,3,2026-08-18 20:48:20,excluded,,,,
domain:careers.webmail.git.1sy.top,domain,careers.webmail.git.1sy.top,3,2026-08-18 20:48:20,excluded,,,,
domain:storage.webmail.git.1sy.top,domain,storage.webmail.git.1sy.top,3,2026-08-18 20:48:20,excluded,,,,
domain:sse.webmail.git.1sy.top,domain,sse.webmail.git.1sy.top,3,2026-08-18 20:48:20,excluded,,,,
domain:message.webmail.git.1sy.top,domain,message.webmail.git.1sy.top,3,2026-08-18 20:48:20,excluded,,,,
domain:service.webmail.git.1sy.top,domain,service.webmail.git.1sy.top,3,2026-08-18 20:48:20,excluded,,,,
domain:jobs.webmail.git.1sy.top,domain,jobs.webmail.git.1sy.top,3,2026-08-18 20:48:20,excluded,,,,
domain:elk.webmail.git.1sy.top,domain,elk.webmail.git.1sy.top,3,2026-08-18 20:48:20,excluded,,,,
domain:ns1.webmail.git.1sy.top,domain,ns1.webmail.git.1sy.top,3,2026-08-18 20:48:20,excluded,,,,
domain:career.webmail.git.1sy.top,domain,career.webmail.git.1sy.top,3,2026-08-18 20:48:20,excluded,,,,
domain:hrm.webmail.git.1sy.top,domain,hrm.webmail.git.1sy.top,3,2026-08-18 20:48:20,excluded,,,,
domain:sso2.webmail.git.1sy.top,domain,sso2.webmail.git.1sy.top,3,2026-08-18 20:48:20,excluded,,,,
domain:download.webmail.git.1sy.top,domain,download.webmail.git.1sy.top,3,2026-08-18 20:48:20,excluded,,,,
domain:apis.webmail.git.1sy.top,domain,apis.webmail.git.1sy.top,3,2026-08-18 20:48:20,excluded,,,,
domain:cache.webmail.git.1sy.top,domain,cache.webmail.git.1sy.top,3,2026-08-18 20:48:20,excluded,,,,
domain:home.webmail.git.1sy.top,domain,home.webmail.git.1sy.top,3,2026-08-18 20:48:20,excluded,,,,
domain:gw.webmail.git.1sy.top,domain,gw.webmail.git.1sy.top,3,2026-08-18 20:48:20,excluded,,,,
domain:oa.webmail.git.1sy.top,domain,oa.webmail.git.1sy.top,3,2026-08-18 20:48:20,excluded,,,,
domain:sale.webmail.git.1sy.top,domain,sale.webmail.git.1sy.top,3,2026-08-18 20:48:20,excluded,,,,
domain:docker.webmail.git.1sy.top,domain,docker.webmail.git.1sy.top,3,2026-08-18 20:48:20,excluded,,,,
domain:temp.webmail.git.1sy.top,domain,temp.webmail.git.1sy.top,3,2026-08-18 20:48:20,excluded,,,,
domain:ios.webmail.git.1sy.top,domain,ios.webmail.git.1sy.top,3,2026-08-18 20:48:20,excluded,,,,
domain:es.webmail.git.1sy.top,domain,es.webmail.git.1sy.top,3,2026-08-18 20:48:20,excluded,,,,
domain:reports.webmail.git.1sy.top,domain,reports.webmail.git.1sy.top,3,2026-08-18 20:48:20,excluded,,,,
domain:pre.webmail.git.1sy.top,domain,pre.webmail.git.1sy.top,3,2026-08-18 20:48:20,excluded,,,,
domain:dev.webmail.git.1sy.top,domain,dev.webmail.git.1sy.top,3,2026-08-18 20:48:20,excluded,,,,
domain:monitoring.webmail.git.1sy.top,domain,monitoring.webmail.git.1sy.top,3,2026-08-18 20:48:20,excluded,,,,
domain:test.webmail.git.1sy.top,domain,test.webmail.git.1sy.top,3,2026-08-18 20:48:20,excluded,,,,
domain:phpadmin.webmail.git.1sy.top,domain,phpadmin.webmail.git.1sy.top,3,2026-08-18 20:48:20,excluded,,,,
domain:svn.webmail.git.1sy.top,domain,svn.webmail.git.1sy.top,3,2026-08-18 20:48:20,excluded,,,,
domain:live.webmail.git.1sy.top,domain,live.webmail.git.1sy.top,3,2026-08-18 20:48:20,excluded,,,,
domain:internal.webmail.git.1sy.top,domain,internal.webmail.git.1sy.top,3,2026-08-18 20:48:20,excluded,,,,
domain:zabbix.webmail.git.1sy.top,domain,zabbix.webmail.git.1sy.top,3,2026-08-18 20:48:20,excluded,,,,
domain:webapp.webmail.git.1sy.top,domain,webapp.webmail.git.1sy.top,3,2026-08-18 20:48:20,excluded,,,,
domain:order2.webmail.git.1sy.top,domain,order2.webmail.git.1sy.top,3,2026-08-18 20:48:20,excluded,,,,
domain:api-gw.webmail.git.1sy.top,domain,api-gw.webmail.git.1sy.top,3,2026-08-18 20:48:20,excluded,,,,
domain:public.webmail.git.1sy.top,domain,public.webmail.git.1sy.top,3,2026-08-18 20:48:20,excluded,,,,
domain:status.webmail.git.1sy.top,domain,status.webmail.git.1sy.top,3,2026-08-18 20:48:20,excluded,,,,
domain:git.webmail.git.1sy.top,domain,git.webmail.git.1sy.top,3,2026-08-18 20:48:20,excluded,,,,
domain:img.webmail.git.1sy.top,domain,img.webmail.git.1sy.top,3,2026-08-18 20:48:20,excluded,,,,
domain:backup.webmail.git.1sy.top,domain,backup.webmail.git.1sy.top,3,2026-08-18 20:48:20,excluded,,,,
domain:article.webmail.git.1sy.top,domain,article.webmail.git.1sy.top,3,2026-08-18 20:48:20,excluded,,,,
domain:im.webmail.git.1sy.top,domain,im.webmail.git.1sy.top,3,2026-08-18 20:48:20,excluded,,,,
domain:wap2.webmail.git.1sy.top,domain,wap2.webmail.git.1sy.top,3,2026-08-18 20:48:20,excluded,,,,
domain:stats.webmail.git.1sy.top,domain,stats.webmail.git.1sy.top,3,2026-08-18 20:48:20,excluded,,,,
domain:job.webmail.git.1sy.top,domain,job.webmail.git.1sy.top,3,2026-08-18 20:48:20,excluded,,,,
domain:api-prod.webmail.git.1sy.top,domain,api-prod.webmail.git.1sy.top,3,2026-08-18 20:48:20,excluded,,,,
domain:blog.webmail.git.1sy.top,domain,blog.webmail.git.1sy.top,3,2026-08-18 20:48:20,excluded,,,,
domain:ns3.webmail.git.1sy.top,domain,ns3.webmail.git.1sy.top,3,2026-08-18 20:48:20,excluded,,,,
domain:recruit.webmail.git.1sy.top,domain,recruit.webmail.git.1sy.top,3,2026-08-18 20:48:20,excluded,,,,
domain:database.webmail.git.1sy.top,domain,database.webmail.git.1sy.top,3,2026-08-18 20:48:20,excluded,,,,
domain:wap.webmail.git.1sy.top,domain,wap.webmail.git.1sy.top,3,2026-08-18 20:48:20,excluded,,,,
domain:img3.webmail.git.1sy.top,domain,img3.webmail.git.1sy.top,3,2026-08-18 20:48:20,excluded,,,,
domain:preview.webmail.git.1sy.top,domain,preview.webmail.git.1sy.top,3,2026-08-18 20:48:20,excluded,,,,
domain:db.webmail.git.1sy.top,domain,db.webmail.git.1sy.top,3,2026-08-18 20:48:20,excluded,,,,
domain:tracking.webmail.git.1sy.top,domain,tracking.webmail.git.1sy.top,3,2026-08-18 20:48:20,excluded,,,,
domain:video.webmail.git.1sy.top,domain,video.webmail.git.1sy.top,3,2026-08-18 20:48:20,excluded,,,,
domain:preprod.webmail.git.1sy.top,domain,preprod.webmail.git.1sy.top,3,2026-08-18 20:48:20,excluded,,,,
domain:proxy.webmail.git.1sy.top,domain,proxy.webmail.git.1sy.top,3,2026-08-18 20:48:20,excluded,,,,
domain:mx1.webmail.git.1sy.top,domain,mx1.webmail.git.1sy.top,3,2026-08-18 20:48:20,excluded,,,,
domain:oauth.webmail.git.1sy.top,domain,oauth.webmail.git.1sy.top,3,2026-08-18 20:48:20,excluded,,,,
domain:prometheus.webmail.git.1sy.top,domain,prometheus.webmail.git.1sy.top,3,2026-08-18 20:48:20,excluded,,,,
domain:cart.webmail.git.1sy.top,domain,cart.webmail.git.1sy.top,3,2026-08-18 20:48:20,excluded,,,,
domain:music.webmail.git.1sy.top,domain,music.webmail.git.1sy.top,3,2026-08-18 20:48:20,excluded,,,,
domain:sess.webmail.git.1sy.top,domain,sess.webmail.git.1sy.top,3,2026-08-18 20:48:20,excluded,,,,
domain:open.webmail.git.1sy.top,domain,open.webmail.git.1sy.top,3,2026-08-18 20:48:20,excluded,,,,
domain:health.webmail.git.1sy.top,domain,health.webmail.git.1sy.top,3,2026-08-18 20:48:20,excluded,,,,
domain:ftp.webmail.git.1sy.top,domain,ftp.webmail.git.1sy.top,3,2026-08-18 20:48:20,excluded,,,,
domain:ns2.webmail.git.1sy.top,domain,ns2.webmail.git.1sy.top,3,2026-08-18 20:48:20,excluded,,,,
domain:pub.webmail.git.1sy.top,domain,pub.webmail.git.1sy.top,3,2026-08-18 20:48:20,excluded,,,,
domain:webview.webmail.git.1sy.top,domain,webview.webmail.git.1sy.top,3,2026-08-18 20:48:20,excluded,,,,
domain:push.webmail.git.1sy.top,domain,push.webmail.git.1sy.top,3,2026-08-18 20:48:20,excluded,,,,
domain:keycloak.webmail.git.1sy.top,domain,keycloak.webmail.git.1sy.top,3,2026-08-18 20:48:20,excluded,,,,
domain:mobile.webmail.git.1sy.top,domain,mobile.webmail.git.1sy.top,3,2026-08-18 20:48:20,excluded,,,,
domain:auth.webmail.git.1sy.top,domain,auth.webmail.git.1sy.top,3,2026-08-18 20:48:20,excluded,,,,
domain:elastic.webmail.git.1sy.top,domain,elastic.webmail.git.1sy.top,3,2026-08-18 20:48:20,excluded,,,,
domain:read.webmail.git.1sy.top,domain,read.webmail.git.1sy.top,3,2026-08-18 20:48:20,excluded,,,,
domain:game.webmail.git.1sy.top,domain,game.webmail.git.1sy.top,3,2026-08-18 20:48:20,excluded,,,,
domain:cdn.webmail.git.1sy.top,domain,cdn.webmail.git.1sy.top,3,2026-08-18 20:48:20,excluded,,,,
domain:socket.webmail.git.1sy.top,domain,socket.webmail.git.1sy.top,3,2026-08-18 20:48:20,excluded,,,,
domain:logs.webmail.git.1sy.top,domain,logs.webmail.git.1sy.top,3,2026-08-18 20:48:20,excluded,,,,
domain:api-gateway.webmail.git.1sy.top,domain,api-gateway.webmail.git.1sy.top,3,2026-08-18 20:48:20,excluded,,,,
domain:pay2.webmail.git.1sy.top,domain,pay2.webmail.git.1sy.top,3,2026-08-18 20:48:20,excluded,,,,
domain:contact.webmail.git.1sy.top,domain,contact.webmail.git.1sy.top,3,2026-08-18 20:48:20,excluded,,,,
domain:session.webmail.git.1sy.top,domain,session.webmail.git.1sy.top,3,2026-08-18 20:48:20,excluded,,,,
domain:upload.webmail.git.1sy.top,domain,upload.webmail.git.1sy.top,3,2026-08-18 20:48:20,excluded,,,,
domain:imap.webmail.git.1sy.top,domain,imap.webmail.git.1sy.top,3,2026-08-18 20:48:20,excluded,,,,
domain:test2.webmail.git.1sy.top,domain,test2.webmail.git.1sy.top,3,2026-08-18 20:48:20,excluded,,,,
domain:about.webmail.git.1sy.top,domain,about.webmail.git.1sy.top,3,2026-08-18 20:48:20,excluded,,,,
domain:pay.webmail.git.1sy.top,domain,pay.webmail.git.1sy.top,3,2026-08-18 20:48:20,excluded,,,,
domain:k8s.webmail.git.1sy.top,domain,k8s.webmail.git.1sy.top,3,2026-08-18 20:48:20,excluded,,,,
domain:newsletter.webmail.git.1sy.top,domain,newsletter.webmail.git.1sy.top,3,2026-08-18 20:48:20,excluded,,,,
domain:image.webmail.git.1sy.top,domain,image.webmail.git.1sy.top,3,2026-08-18 20:48:20,excluded,,,,
domain:webmail.webmail.git.1sy.top,domain,webmail.webmail.git.1sy.top,3,2026-08-18 20:48:20,excluded,,,,
domain:shop.webmail.git.1sy.top,domain,shop.webmail.git.1sy.top,3,2026-08-18 20:48:20,excluded,,,,
domain:wechat2.webmail.git.1sy.top,domain,wechat2.webmail.git.1sy.top,3,2026-08-18 20:48:20,excluded,,,,
domain:mx.webmail.git.1sy.top,domain,mx.webmail.git.1sy.top,3,2026-08-18 20:48:20,excluded,,,,
domain:wiki.webmail.git.1sy.top,domain,wiki.webmail.git.1sy.top,3,2026-08-18 20:48:20,excluded,,,,
domain:registry.webmail.git.1sy.top,domain,registry.webmail.git.1sy.top,3,2026-08-18 20:48:20,excluded,,,,
domain:forum.webmail.git.1sy.top,domain,forum.webmail.git.1sy.top,3,2026-08-18 20:48:20,excluded,,,,
domain:log.webmail.git.1sy.top,domain,log.webmail.git.1sy.top,3,2026-08-18 20:48:20,excluded,,,,
domain:crm.webmail.git.1sy.top,domain,crm.webmail.git.1sy.top,3,2026-08-18 20:48:20,excluded,,,,
domain:redis.webmail.git.1sy.top,domain,redis.webmail.git.1sy.top,3,2026-08-18 20:48:20,excluded,,,,
domain:gray.webmail.git.1sy.top,domain,gray.webmail.git.1sy.top,3,2026-08-18 20:48:20,excluded,,,,
domain:chat.webmail.git.1sy.top,domain,chat.webmail.git.1sy.top,3,2026-08-18 20:48:20,excluded,,,,
domain:development.webmail.git.1sy.top,domain,development.webmail.git.1sy.top,3,2026-08-18 20:48:20,excluded,,,,
domain:checkout.webmail.git.1sy.top,domain,checkout.webmail.git.1sy.top,3,2026-08-18 20:48:20,excluded,,,,
domain:products.webmail.git.1sy.top,domain,products.webmail.git.1sy.top,3,2026-08-18 20:48:20,excluded,,,,
domain:github.webmail.git.1sy.top,domain,github.webmail.git.1sy.top,3,2026-08-18 20:48:20,excluded,,,,
domain:media.webmail.git.1sy.top,domain,media.webmail.git.1sy.top,3,2026-08-18 20:48:20,excluded,,,,
domain:uploads.webmail.git.1sy.top,domain,uploads.webmail.git.1sy.top,3,2026-08-18 20:48:20,excluded,,,,
domain:monitor.webmail.git.1sy.top,domain,monitor.webmail.git.1sy.top,3,2026-08-18 20:48:20,excluded,,,,
domain:main.webmail.git.1sy.top,domain,main.webmail.git.1sy.top,3,2026-08-18 20:48:20,excluded,,,,
domain:cached.webmail.git.1sy.top,domain,cached.webmail.git.1sy.top,3,2026-08-18 20:48:20,excluded,,,,
domain:token.webmail.git.1sy.top,domain,token.webmail.git.1sy.top,3,2026-08-18 20:48:20,excluded,,,,
domain:api-dev.webmail.git.1sy.top,domain,api-dev.webmail.git.1sy.top,3,2026-08-18 20:48:20,excluded,,,,
domain:mail.webmail.git.1sy.top,domain,mail.webmail.git.1sy.top,3,2026-08-18 20:48:20,excluded,,,,
domain:bak.webmail.git.1sy.top,domain,bak.webmail.git.1sy.top,3,2026-08-18 20:48:20,excluded,,,,
domain:prod.webmail.git.1sy.top,domain,prod.webmail.git.1sy.top,3,2026-08-18 20:48:20,excluded,,,,
domain:graphql.webmail.git.1sy.top,domain,graphql.webmail.git.1sy.top,3,2026-08-18 20:48:20,excluded,,,,
domain:books.webmail.git.1sy.top,domain,books.webmail.git.1sy.top,3,2026-08-18 20:48:20,excluded,,,,
domain:gitlab.webmail.git.1sy.top,domain,gitlab.webmail.git.1sy.top,3,2026-08-18 20:48:20,excluded,,,,
domain:ws.webmail.git.1sy.top,domain,ws.webmail.git.1sy.top,3,2026-08-18 20:48:20,excluded,,,,
domain:library.webmail.git.1sy.top,domain,library.webmail.git.1sy.top,3,2026-08-18 20:48:20,excluded,,,,
domain:alipay.webmail.git.1sy.top,domain,alipay.webmail.git.1sy.top,3,2026-08-18 20:48:20,excluded,,,,
domain:cms.webmail.git.1sy.top,domain,cms.webmail.git.1sy.top,3,2026-08-18 20:48:20,excluded,,,,
domain:payment.webmail.git.1sy.top,domain,payment.webmail.git.1sy.top,3,2026-08-18 20:48:20,excluded,,,,
domain:m2.webmail.git.1sy.top,domain,m2.webmail.git.1sy.top,3,2026-08-18 20:48:20,excluded,,,,
domain:administrator.webmail.git.1sy.top,domain,administrator.webmail.git.1sy.top,3,2026-08-18 20:48:20,excluded,,,,
domain:support.webmail.git.1sy.top,domain,support.webmail.git.1sy.top,3,2026-08-18 20:48:20,excluded,,,,
domain:kubernetes.webmail.git.1sy.top,domain,kubernetes.webmail.git.1sy.top,3,2026-08-18 20:48:20,excluded,,,,
domain:unionpay.webmail.git.1sy.top,domain,unionpay.webmail.git.1sy.top,3,2026-08-18 20:48:21,excluded,,,,
domain:services.webmail.git.1sy.top,domain,services.webmail.git.1sy.top,3,2026-08-18 20:48:21,excluded,,,,
domain:mini.webmail.git.1sy.top,domain,mini.webmail.git.1sy.top,3,2026-08-18 20:48:21,excluded,,,,
domain:faq.webmail.git.1sy.top,domain,faq.webmail.git.1sy.top,3,2026-08-18 20:48:21,excluded,,,,
url:http://jenkins.git.1sy.top/,url,http://jenkins.git.1sy.top/,3,2026-08-18 20:48:21,eliminated,,,,
url:https://jenkins.git.1sy.top/,url,https://jenkins.git.1sy.top/,3,2026-08-18 20:48:21,eliminated,,,,
url:http://webmail.git.1sy.top/,url,http://webmail.git.1sy.top/,3,2026-08-18 20:48:22,eliminated,,,,
url:https://webmail.git.1sy.top/,url,https://webmail.git.1sy.top/,3,2026-08-18 20:48:22,eliminated,,,,
url:http://portal.git.1sy.top/,url,http://portal.git.1sy.top/,3,2026-08-18 20:48:20,eliminated,,,,
url:https://portal.git.1sy.top/,url,https://portal.git.1sy.top/,3,2026-08-18 20:48:20,eliminated,,,,
domain:monitoring.alipay.git.1sy.top,domain,monitoring.alipay.git.1sy.top,3,2026-08-18 20:48:14,excluded,,,,
domain:reports.alipay.git.1sy.top,domain,reports.alipay.git.1sy.top,3,2026-08-18 20:48:15,excluded,,,,
domain:pub.alipay.git.1sy.top,domain,pub.alipay.git.1sy.top,3,2026-08-18 20:48:15,excluded,,,,
domain:db.alipay.git.1sy.top,domain,db.alipay.git.1sy.top,3,2026-08-18 20:48:15,excluded,,,,
domain:files.alipay.git.1sy.top,domain,files.alipay.git.1sy.top,3,2026-08-18 20:48:15,excluded,,,,
domain:ftp.alipay.git.1sy.top,domain,ftp.alipay.git.1sy.top,3,2026-08-18 20:48:15,excluded,,,,
domain:cart.alipay.git.1sy.top,domain,cart.alipay.git.1sy.top,3,2026-08-18 20:48:15,excluded,,,,
domain:dns.alipay.git.1sy.top,domain,dns.alipay.git.1sy.top,3,2026-08-18 20:48:15,excluded,,,,
domain:assets.alipay.git.1sy.top,domain,assets.alipay.git.1sy.top,3,2026-08-18 20:48:16,excluded,,,,
domain:market.alipay.git.1sy.top,domain,market.alipay.git.1sy.top,3,2026-08-18 20:48:16,excluded,,,,
domain:logging.alipay.git.1sy.top,domain,logging.alipay.git.1sy.top,3,2026-08-18 20:48:16,excluded,,,,
domain:svn.alipay.git.1sy.top,domain,svn.alipay.git.1sy.top,3,2026-08-18 20:48:16,excluded,,,,
domain:books.alipay.git.1sy.top,domain,books.alipay.git.1sy.top,3,2026-08-18 20:48:16,excluded,,,,
domain:elastic.alipay.git.1sy.top,domain,elastic.alipay.git.1sy.top,3,2026-08-18 20:48:16,excluded,,,,
domain:vpn.alipay.git.1sy.top,domain,vpn.alipay.git.1sy.top,3,2026-08-18 20:48:16,excluded,,,,
domain:qa.alipay.git.1sy.top,domain,qa.alipay.git.1sy.top,3,2026-08-18 20:48:16,excluded,,,,
domain:oauth.alipay.git.1sy.top,domain,oauth.alipay.git.1sy.top,3,2026-08-18 20:48:16,excluded,,,,
domain:upload.alipay.git.1sy.top,domain,upload.alipay.git.1sy.top,3,2026-08-18 20:48:16,excluded,,,,
domain:dev.alipay.git.1sy.top,domain,dev.alipay.git.1sy.top,3,2026-08-18 20:48:16,excluded,,,,
domain:product.alipay.git.1sy.top,domain,product.alipay.git.1sy.top,3,2026-08-18 20:48:16,excluded,,,,
domain:k8s.alipay.git.1sy.top,domain,k8s.alipay.git.1sy.top,3,2026-08-18 20:48:16,excluded,,,,
domain:websocket.alipay.git.1sy.top,domain,websocket.alipay.git.1sy.top,3,2026-08-18 20:48:16,excluded,,,,
domain:magazine.alipay.git.1sy.top,domain,magazine.alipay.git.1sy.top,3,2026-08-18 20:48:16,excluded,,,,
domain:hrm.alipay.git.1sy.top,domain,hrm.alipay.git.1sy.top,3,2026-08-18 20:48:16,excluded,,,,
domain:phpadmin.alipay.git.1sy.top,domain,phpadmin.alipay.git.1sy.top,3,2026-08-18 20:48:16,excluded,,,,
domain:careers.alipay.git.1sy.top,domain,careers.alipay.git.1sy.top,3,2026-08-18 20:48:16,excluded,,,,
domain:static3.alipay.git.1sy.top,domain,static3.alipay.git.1sy.top,3,2026-08-18 20:48:16,excluded,,,,
domain:console.alipay.git.1sy.top,domain,console.alipay.git.1sy.top,3,2026-08-18 20:48:16,excluded,,,,
domain:ns2.alipay.git.1sy.top,domain,ns2.alipay.git.1sy.top,3,2026-08-18 20:48:16,excluded,,,,
domain:api-staging.alipay.git.1sy.top,domain,api-staging.alipay.git.1sy.top,3,2026-08-18 20:48:16,excluded,,,,
domain:store.alipay.git.1sy.top,domain,store.alipay.git.1sy.top,3,2026-08-18 20:48:16,excluded,,,,
domain:auth2.alipay.git.1sy.top,domain,auth2.alipay.git.1sy.top,3,2026-08-18 20:48:16,excluded,,,,
domain:alipay.alipay.git.1sy.top,domain,alipay.alipay.git.1sy.top,3,2026-08-18 20:48:16,excluded,,,,
domain:radio.alipay.git.1sy.top,domain,radio.alipay.git.1sy.top,3,2026-08-18 20:48:16,excluded,,,,
domain:wap.alipay.git.1sy.top,domain,wap.alipay.git.1sy.top,3,2026-08-18 20:48:16,excluded,,,,
domain:web.alipay.git.1sy.top,domain,web.alipay.git.1sy.top,3,2026-08-18 20:48:16,excluded,,,,
domain:preview.alipay.git.1sy.top,domain,preview.alipay.git.1sy.top,3,2026-08-18 20:48:16,excluded,,,,
domain:mini.alipay.git.1sy.top,domain,mini.alipay.git.1sy.top,3,2026-08-18 20:48:16,excluded,,,,
domain:bak.alipay.git.1sy.top,domain,bak.alipay.git.1sy.top,3,2026-08-18 20:48:16,excluded,,,,
domain:faq.alipay.git.1sy.top,domain,faq.alipay.git.1sy.top,3,2026-08-18 20:48:16,excluded,,,,
domain:mall.alipay.git.1sy.top,domain,mall.alipay.git.1sy.top,3,2026-08-18 20:48:16,excluded,,,,
domain:wss.alipay.git.1sy.top,domain,wss.alipay.git.1sy.top,3,2026-08-18 20:48:16,excluded,,,,
domain:graphql.alipay.git.1sy.top,domain,graphql.alipay.git.1sy.top,3,2026-08-18 20:48:16,excluded,,,,
domain:mobile.alipay.git.1sy.top,domain,mobile.alipay.git.1sy.top,3,2026-08-18 20:48:16,excluded,,,,
domain:pay.alipay.git.1sy.top,domain,pay.alipay.git.1sy.top,3,2026-08-18 20:48:16,excluded,,,,
domain:session.alipay.git.1sy.top,domain,session.alipay.git.1sy.top,3,2026-08-18 20:48:16,excluded,,,,
domain:jobs.alipay.git.1sy.top,domain,jobs.alipay.git.1sy.top,3,2026-08-18 20:48:16,excluded,,,,
domain:api-dev.alipay.git.1sy.top,domain,api-dev.alipay.git.1sy.top,3,2026-08-18 20:48:16,excluded,,,,
domain:es.alipay.git.1sy.top,domain,es.alipay.git.1sy.top,3,2026-08-18 20:48:16,excluded,,,,
domain:ebook.alipay.git.1sy.top,domain,ebook.alipay.git.1sy.top,3,2026-08-18 20:48:16,excluded,,,,
domain:openapi.alipay.git.1sy.top,domain,openapi.alipay.git.1sy.top,3,2026-08-18 20:48:16,excluded,,,,
domain:forum.alipay.git.1sy.top,domain,forum.alipay.git.1sy.top,3,2026-08-18 20:48:16,excluded,,,,
domain:doc.alipay.git.1sy.top,domain,doc.alipay.git.1sy.top,3,2026-08-18 20:48:17,excluded,,,,
domain:database.alipay.git.1sy.top,domain,database.alipay.git.1sy.top,3,2026-08-18 20:48:17,excluded,,,,
domain:novel.alipay.git.1sy.top,domain,novel.alipay.git.1sy.top,3,2026-08-18 20:48:17,excluded,,,,
domain:mail2.alipay.git.1sy.top,domain,mail2.alipay.git.1sy.top,3,2026-08-18 20:48:17,excluded,,,,
domain:crm.alipay.git.1sy.top,domain,crm.alipay.git.1sy.top,3,2026-08-18 20:48:17,excluded,,,,
domain:support.alipay.git.1sy.top,domain,support.alipay.git.1sy.top,3,2026-08-18 20:48:17,excluded,,,,
domain:homepage.alipay.git.1sy.top,domain,homepage.alipay.git.1sy.top,3,2026-08-18 20:48:17,excluded,,,,
domain:temp.alipay.git.1sy.top,domain,temp.alipay.git.1sy.top,3,2026-08-18 20:48:17,excluded,,,,
domain:phpmyadmin.alipay.git.1sy.top,domain,phpmyadmin.alipay.git.1sy.top,3,2026-08-18 20:48:17,excluded,,,,
domain:notify.alipay.git.1sy.top,domain,notify.alipay.git.1sy.top,3,2026-08-18 20:48:17,excluded,,,,
domain:story.alipay.git.1sy.top,domain,story.alipay.git.1sy.top,3,2026-08-18 20:48:17,excluded,,,,
domain:mx2.alipay.git.1sy.top,domain,mx2.alipay.git.1sy.top,3,2026-08-18 20:48:17,excluded,,,,
domain:unionpay.alipay.git.1sy.top,domain,unionpay.alipay.git.1sy.top,3,2026-08-18 20:48:17,excluded,,,,
domain:newsletter.alipay.git.1sy.top,domain,newsletter.alipay.git.1sy.top,3,2026-08-18 20:48:17,excluded,,,,
domain:news.alipay.git.1sy.top,domain,news.alipay.git.1sy.top,3,2026-08-18 20:48:17,excluded,,,,
domain:bucket.alipay.git.1sy.top,domain,bucket.alipay.git.1sy.top,3,2026-08-18 20:48:17,excluded,,,,
domain:service.alipay.git.1sy.top,domain,service.alipay.git.1sy.top,3,2026-08-18 20:48:17,excluded,,,,
domain:m.alipay.git.1sy.top,domain,m.alipay.git.1sy.top,3,2026-08-18 20:48:17,excluded,,,,
domain:paper.alipay.git.1sy.top,domain,paper.alipay.git.1sy.top,3,2026-08-18 20:48:17,excluded,,,,
domain:video.alipay.git.1sy.top,domain,video.alipay.git.1sy.top,3,2026-08-18 20:48:17,excluded,,,,
domain:oa.alipay.git.1sy.top,domain,oa.alipay.git.1sy.top,3,2026-08-18 20:48:17,excluded,,,,
domain:radius.alipay.git.1sy.top,domain,radius.alipay.git.1sy.top,3,2026-08-18 20:48:17,excluded,,,,
domain:jenkins.alipay.git.1sy.top,domain,jenkins.alipay.git.1sy.top,3,2026-08-18 20:48:17,excluded,,,,
domain:wechat.alipay.git.1sy.top,domain,wechat.alipay.git.1sy.top,3,2026-08-18 20:48:17,excluded,,,,
domain:m2.alipay.git.1sy.top,domain,m2.alipay.git.1sy.top,3,2026-08-18 20:48:17,excluded,,,,
domain:im.alipay.git.1sy.top,domain,im.alipay.git.1sy.top,3,2026-08-18 20:48:17,excluded,,,,
domain:api.alipay.git.1sy.top,domain,api.alipay.git.1sy.top,3,2026-08-18 20:48:17,excluded,,,,
domain:portal.alipay.git.1sy.top,domain,portal.alipay.git.1sy.top,3,2026-08-18 20:48:17,excluded,,,,
domain:uat.alipay.git.1sy.top,domain,uat.alipay.git.1sy.top,3,2026-08-18 20:48:17,excluded,,,,
domain:cached.alipay.git.1sy.top,domain,cached.alipay.git.1sy.top,3,2026-08-18 20:48:17,excluded,,,,
domain:hr.alipay.git.1sy.top,domain,hr.alipay.git.1sy.top,3,2026-08-18 20:48:17,excluded,,,,
domain:office.alipay.git.1sy.top,domain,office.alipay.git.1sy.top,3,2026-08-18 20:48:17,excluded,,,,
domain:music.alipay.git.1sy.top,domain,music.alipay.git.1sy.top,3,2026-08-18 20:48:17,excluded,,,,
domain:cdn.alipay.git.1sy.top,domain,cdn.alipay.git.1sy.top,3,2026-08-18 20:48:17,excluded,,,,
domain:push.alipay.git.1sy.top,domain,push.alipay.git.1sy.top,3,2026-08-18 20:48:17,excluded,,,,
domain:sites.alipay.git.1sy.top,domain,sites.alipay.git.1sy.top,3,2026-08-18 20:48:17,excluded,,,,
domain:cache.alipay.git.1sy.top,domain,cache.alipay.git.1sy.top,3,2026-08-18 20:48:17,excluded,,,,
domain:ns1.alipay.git.1sy.top,domain,ns1.alipay.git.1sy.top,3,2026-08-18 20:48:17,excluded,,,,
domain:logs.alipay.git.1sy.top,domain,logs.alipay.git.1sy.top,3,2026-08-18 20:48:17,excluded,,,,
domain:mobi.alipay.git.1sy.top,domain,mobi.alipay.git.1sy.top,3,2026-08-18 20:48:17,excluded,,,,
domain:development.alipay.git.1sy.top,domain,development.alipay.git.1sy.top,3,2026-08-18 20:48:17,excluded,,,,
domain:staging2.alipay.git.1sy.top,domain,staging2.alipay.git.1sy.top,3,2026-08-18 20:48:17,excluded,,,,
domain:manage.alipay.git.1sy.top,domain,manage.alipay.git.1sy.top,3,2026-08-18 20:48:17,excluded,,,,
domain:cdn3.alipay.git.1sy.top,domain,cdn3.alipay.git.1sy.top,3,2026-08-18 20:48:17,excluded,,,,
domain:oss.alipay.git.1sy.top,domain,oss.alipay.git.1sy.top,3,2026-08-18 20:48:17,excluded,,,,
domain:android.alipay.git.1sy.top,domain,android.alipay.git.1sy.top,3,2026-08-18 20:48:17,excluded,,,,
domain:ns3.alipay.git.1sy.top,domain,ns3.alipay.git.1sy.top,3,2026-08-18 20:48:17,excluded,,,,
domain:ws.alipay.git.1sy.top,domain,ws.alipay.git.1sy.top,3,2026-08-18 20:48:17,excluded,,,,
domain:nlb.alipay.git.1sy.top,domain,nlb.alipay.git.1sy.top,3,2026-08-18 20:48:17,excluded,,,,
domain:preprod.alipay.git.1sy.top,domain,preprod.alipay.git.1sy.top,3,2026-08-18 20:48:17,excluded,,,,
domain:socket.alipay.git.1sy.top,domain,socket.alipay.git.1sy.top,3,2026-08-18 20:48:17,excluded,,,,
domain:products.alipay.git.1sy.top,domain,products.alipay.git.1sy.top,3,2026-08-18 20:48:17,excluded,,,,
domain:career.alipay.git.1sy.top,domain,career.alipay.git.1sy.top,3,2026-08-18 20:48:17,excluded,,,,
domain:miniapp.alipay.git.1sy.top,domain,miniapp.alipay.git.1sy.top,3,2026-08-18 20:48:17,excluded,,,,
domain:img3.alipay.git.1sy.top,domain,img3.alipay.git.1sy.top,3,2026-08-18 20:48:17,excluded,,,,
domain:community.alipay.git.1sy.top,domain,community.alipay.git.1sy.top,3,2026-08-18 20:48:17,excluded,,,,
domain:game.alipay.git.1sy.top,domain,game.alipay.git.1sy.top,3,2026-08-18 20:48:17,excluded,,,,
domain:message.alipay.git.1sy.top,domain,message.alipay.git.1sy.top,3,2026-08-18 20:48:17,excluded,,,,
domain:internal.alipay.git.1sy.top,domain,internal.alipay.git.1sy.top,3,2026-08-18 20:48:17,excluded,,,,
domain:elk.alipay.git.1sy.top,domain,elk.alipay.git.1sy.top,3,2026-08-18 20:48:17,excluded,,,,
domain:order2.alipay.git.1sy.top,domain,order2.alipay.git.1sy.top,3,2026-08-18 20:48:17,excluded,,,,
domain:home.alipay.git.1sy.top,domain,home.alipay.git.1sy.top,3,2026-08-18 20:48:17,excluded,,,,
domain:h5.alipay.git.1sy.top,domain,h5.alipay.git.1sy.top,3,2026-08-18 20:48:17,excluded,,,,
domain:rest.alipay.git.1sy.top,domain,rest.alipay.git.1sy.top,3,2026-08-18 20:48:17,excluded,,,,
domain:img.alipay.git.1sy.top,domain,img.alipay.git.1sy.top,3,2026-08-18 20:48:17,excluded,,,,
domain:open.alipay.git.1sy.top,domain,open.alipay.git.1sy.top,3,2026-08-18 20:48:17,excluded,,,,
domain:api-gw.alipay.git.1sy.top,domain,api-gw.alipay.git.1sy.top,3,2026-08-18 20:48:17,excluded,,,,
domain:docs.alipay.git.1sy.top,domain,docs.alipay.git.1sy.top,3,2026-08-18 20:48:17,excluded,,,,
domain:bbs.alipay.git.1sy.top,domain,bbs.alipay.git.1sy.top,3,2026-08-18 20:48:17,excluded,,,,
domain:dev2.alipay.git.1sy.top,domain,dev2.alipay.git.1sy.top,3,2026-08-18 20:48:17,excluded,,,,
domain:uploads.alipay.git.1sy.top,domain,uploads.alipay.git.1sy.top,3,2026-08-18 20:48:17,excluded,,,,
domain:cas.alipay.git.1sy.top,domain,cas.alipay.git.1sy.top,3,2026-08-18 20:48:17,excluded,,,,
domain:chat.alipay.git.1sy.top,domain,chat.alipay.git.1sy.top,3,2026-08-18 20:48:17,excluded,,,,
domain:demo.alipay.git.1sy.top,domain,demo.alipay.git.1sy.top,3,2026-08-18 20:48:17,excluded,,,,
domain:kubernetes.alipay.git.1sy.top,domain,kubernetes.alipay.git.1sy.top,3,2026-08-18 20:48:17,excluded,,,,
domain:help.alipay.git.1sy.top,domain,help.alipay.git.1sy.top,3,2026-08-18 20:48:17,excluded,,,,
domain:remote.alipay.git.1sy.top,domain,remote.alipay.git.1sy.top,3,2026-08-18 20:48:17,excluded,,,,
domain:live.alipay.git.1sy.top,domain,live.alipay.git.1sy.top,3,2026-08-18 20:48:17,excluded,,,,
domain:comic.alipay.git.1sy.top,domain,comic.alipay.git.1sy.top,3,2026-08-18 20:48:17,excluded,,,,
domain:api-internal.alipay.git.1sy.top,domain,api-internal.alipay.git.1sy.top,3,2026-08-18 20:48:17,excluded,,,,
domain:notification.alipay.git.1sy.top,domain,notification.alipay.git.1sy.top,3,2026-08-18 20:48:17,excluded,,,,
domain:sale.alipay.git.1sy.top,domain,sale.alipay.git.1sy.top,3,2026-08-18 20:48:17,excluded,,,,
domain:file.alipay.git.1sy.top,domain,file.alipay.git.1sy.top,3,2026-08-18 20:48:17,excluded,,,,
domain:docker.alipay.git.1sy.top,domain,docker.alipay.git.1sy.top,3,2026-08-18 20:48:17,excluded,,,,
domain:ci.alipay.git.1sy.top,domain,ci.alipay.git.1sy.top,3,2026-08-18 20:48:17,excluded,,,,
domain:site.alipay.git.1sy.top,domain,site.alipay.git.1sy.top,3,2026-08-18 20:48:17,excluded,,,,
domain:www.alipay.git.1sy.top,domain,www.alipay.git.1sy.top,3,2026-08-18 20:48:17,excluded,,,,
domain:beta.alipay.git.1sy.top,domain,beta.alipay.git.1sy.top,3,2026-08-18 20:48:17,excluded,,,,
domain:manager.alipay.git.1sy.top,domain,manager.alipay.git.1sy.top,3,2026-08-18 20:48:17,excluded,,,,
domain:proxy.alipay.git.1sy.top,domain,proxy.alipay.git.1sy.top,3,2026-08-18 20:48:17,excluded,,,,
domain:api2.alipay.git.1sy.top,domain,api2.alipay.git.1sy.top,3,2026-08-18 20:48:17,excluded,,,,
domain:ssh.alipay.git.1sy.top,domain,ssh.alipay.git.1sy.top,3,2026-08-18 20:48:17,excluded,,,,
domain:redis.alipay.git.1sy.top,domain,redis.alipay.git.1sy.top,3,2026-08-18 20:48:17,excluded,,,,
domain:webapp.alipay.git.1sy.top,domain,webapp.alipay.git.1sy.top,3,2026-08-18 20:48:17,excluded,,,,
domain:intranet.alipay.git.1sy.top,domain,intranet.alipay.git.1sy.top,3,2026-08-18 20:48:17,excluded,,,,
domain:recruit.alipay.git.1sy.top,domain,recruit.alipay.git.1sy.top,3,2026-08-18 20:48:17,excluded,,,,
domain:webview.alipay.git.1sy.top,domain,webview.alipay.git.1sy.top,3,2026-08-18 20:48:17,excluded,,,,
domain:wx.alipay.git.1sy.top,domain,wx.alipay.git.1sy.top,3,2026-08-18 20:48:17,excluded,,,,
domain:mysqladmin.alipay.git.1sy.top,domain,mysqladmin.alipay.git.1sy.top,3,2026-08-18 20:48:17,excluded,,,,
domain:canary.alipay.git.1sy.top,domain,canary.alipay.git.1sy.top,3,2026-08-18 20:48:17,excluded,,,,
domain:order.alipay.git.1sy.top,domain,order.alipay.git.1sy.top,3,2026-08-18 20:48:17,excluded,,,,
domain:shop.alipay.git.1sy.top,domain,shop.alipay.git.1sy.top,3,2026-08-18 20:48:17,excluded,,,,
domain:staging.alipay.git.1sy.top,domain,staging.alipay.git.1sy.top,3,2026-08-18 20:48:17,excluded,,,,
domain:cos.alipay.git.1sy.top,domain,cos.alipay.git.1sy.top,3,2026-08-18 20:48:17,excluded,,,,
domain:wap2.alipay.git.1sy.top,domain,wap2.alipay.git.1sy.top,3,2026-08-18 20:48:17,excluded,,,,
domain:pre.alipay.git.1sy.top,domain,pre.alipay.git.1sy.top,3,2026-08-18 20:48:17,excluded,,,,
domain:storage.alipay.git.1sy.top,domain,storage.alipay.git.1sy.top,3,2026-08-18 20:48:17,excluded,,,,
domain:zabbix.alipay.git.1sy.top,domain,zabbix.alipay.git.1sy.top,3,2026-08-18 20:48:17,excluded,,,,
domain:prometheus.alipay.git.1sy.top,domain,prometheus.alipay.git.1sy.top,3,2026-08-18 20:48:17,excluded,,,,
domain:build.alipay.git.1sy.top,domain,build.alipay.git.1sy.top,3,2026-08-18 20:48:17,excluded,,,,
domain:health.alipay.git.1sy.top,domain,health.alipay.git.1sy.top,3,2026-08-18 20:48:17,excluded,,,,
domain:gw.alipay.git.1sy.top,domain,gw.alipay.git.1sy.top,3,2026-08-18 20:48:17,excluded,,,,
domain:administrator.alipay.git.1sy.top,domain,administrator.alipay.git.1sy.top,3,2026-08-18 20:48:17,excluded,,,,
domain:gray.alipay.git.1sy.top,domain,gray.alipay.git.1sy.top,3,2026-08-18 20:48:17,excluded,,,,
domain:contact.alipay.git.1sy.top,domain,contact.alipay.git.1sy.top,3,2026-08-18 20:48:17,excluded,,,,
domain:wechat2.alipay.git.1sy.top,domain,wechat2.alipay.git.1sy.top,3,2026-08-18 20:48:17,excluded,,,,
domain:ios.alipay.git.1sy.top,domain,ios.alipay.git.1sy.top,3,2026-08-18 20:48:17,excluded,,,,
domain:pop.alipay.git.1sy.top,domain,pop.alipay.git.1sy.top,3,2026-08-18 20:48:17,excluded,,,,
domain:apps.alipay.git.1sy.top,domain,apps.alipay.git.1sy.top,3,2026-08-18 20:48:17,excluded,,,,
domain:admin.alipay.git.1sy.top,domain,admin.alipay.git.1sy.top,3,2026-08-18 20:48:17,excluded,,,,
domain:static.alipay.git.1sy.top,domain,static.alipay.git.1sy.top,3,2026-08-18 20:48:17,excluded,,,,
domain:stage.alipay.git.1sy.top,domain,stage.alipay.git.1sy.top,3,2026-08-18 20:48:17,excluded,,,,
domain:prod.alipay.git.1sy.top,domain,prod.alipay.git.1sy.top,3,2026-08-18 20:48:17,excluded,,,,
domain:erp.alipay.git.1sy.top,domain,erp.alipay.git.1sy.top,3,2026-08-18 20:48:17,excluded,,,,
domain:grafana.alipay.git.1sy.top,domain,grafana.alipay.git.1sy.top,3,2026-08-18 20:48:17,excluded,,,,
domain:mail.alipay.git.1sy.top,domain,mail.alipay.git.1sy.top,3,2026-08-18 20:48:17,excluded,,,,
domain:wiki.alipay.git.1sy.top,domain,wiki.alipay.git.1sy.top,3,2026-08-18 20:48:17,excluded,,,,
domain:data.alipay.git.1sy.top,domain,data.alipay.git.1sy.top,3,2026-08-18 20:48:17,excluded,,,,
domain:smtp.alipay.git.1sy.top,domain,smtp.alipay.git.1sy.top,3,2026-08-18 20:48:17,excluded,,,,
domain:auth.alipay.git.1sy.top,domain,auth.alipay.git.1sy.top,3,2026-08-18 20:48:17,excluded,,,,
domain:image.alipay.git.1sy.top,domain,image.alipay.git.1sy.top,3,2026-08-18 20:48:17,excluded,,,,
domain:testing.alipay.git.1sy.top,domain,testing.alipay.git.1sy.top,3,2026-08-18 20:48:17,excluded,,,,
domain:games.alipay.git.1sy.top,domain,games.alipay.git.1sy.top,3,2026-08-18 20:48:17,excluded,,,,
domain:analytics.alipay.git.1sy.top,domain,analytics.alipay.git.1sy.top,3,2026-08-18 20:48:17,excluded,,,,
domain:img2.alipay.git.1sy.top,domain,img2.alipay.git.1sy.top,3,2026-08-18 20:48:17,excluded,,,,
domain:checkout.alipay.git.1sy.top,domain,checkout.alipay.git.1sy.top,3,2026-08-18 20:48:17,excluded,,,,
domain:gitlab.alipay.git.1sy.top,domain,gitlab.alipay.git.1sy.top,3,2026-08-18 20:48:17,excluded,,,,
domain:cdn2.alipay.git.1sy.top,domain,cdn2.alipay.git.1sy.top,3,2026-08-18 20:48:17,excluded,,,,
domain:github.alipay.git.1sy.top,domain,github.alipay.git.1sy.top,3,2026-08-18 20:48:17,excluded,,,,
domain:blog.alipay.git.1sy.top,domain,blog.alipay.git.1sy.top,3,2026-08-18 20:48:17,excluded,,,,
domain:tv.alipay.git.1sy.top,domain,tv.alipay.git.1sy.top,3,2026-08-18 20:48:17,excluded,,,,
domain:mx.alipay.git.1sy.top,domain,mx.alipay.git.1sy.top,3,2026-08-18 20:48:17,excluded,,,,
domain:apis.alipay.git.1sy.top,domain,apis.alipay.git.1sy.top,3,2026-08-18 20:48:17,excluded,,,,
domain:payment.alipay.git.1sy.top,domain,payment.alipay.git.1sy.top,3,2026-08-18 20:48:18,excluded,,,,
domain:keycloak.alipay.git.1sy.top,domain,keycloak.alipay.git.1sy.top,3,2026-08-18 20:48:18,excluded,,,,
domain:app.alipay.git.1sy.top,domain,app.alipay.git.1sy.top,3,2026-08-18 20:48:18,excluded,,,,
domain:api-gateway.alipay.git.1sy.top,domain,api-gateway.alipay.git.1sy.top,3,2026-08-18 20:48:18,excluded,,,,
domain:sse.alipay.git.1sy.top,domain,sse.alipay.git.1sy.top,3,2026-08-18 20:48:18,excluded,,,,
domain:sandbox.alipay.git.1sy.top,domain,sandbox.alipay.git.1sy.top,3,2026-08-18 20:48:18,excluded,,,,
domain:reader.alipay.git.1sy.top,domain,reader.alipay.git.1sy.top,3,2026-08-18 20:48:18,excluded,,,,
domain:book.alipay.git.1sy.top,domain,book.alipay.git.1sy.top,3,2026-08-18 20:48:18,excluded,,,,
domain:about.alipay.git.1sy.top,domain,about.alipay.git.1sy.top,3,2026-08-18 20:48:18,excluded,,,,
domain:public.alipay.git.1sy.top,domain,public.alipay.git.1sy.top,3,2026-08-18 20:48:18,excluded,,,,
domain:tmp.alipay.git.1sy.top,domain,tmp.alipay.git.1sy.top,3,2026-08-18 20:48:18,excluded,,,,
domain:read.alipay.git.1sy.top,domain,read.alipay.git.1sy.top,3,2026-08-18 20:48:18,excluded,,,,
domain:imap.alipay.git.1sy.top,domain,imap.alipay.git.1sy.top,3,2026-08-18 20:48:18,excluded,,,,
domain:log.alipay.git.1sy.top,domain,log.alipay.git.1sy.top,3,2026-08-18 20:48:18,excluded,,,,
domain:login.alipay.git.1sy.top,domain,login.alipay.git.1sy.top,3,2026-08-18 20:48:18,excluded,,,,
domain:images.alipay.git.1sy.top,domain,images.alipay.git.1sy.top,3,2026-08-18 20:48:18,excluded,,,,
domain:test2.alipay.git.1sy.top,domain,test2.alipay.git.1sy.top,3,2026-08-18 20:48:18,excluded,,,,
domain:sess.alipay.git.1sy.top,domain,sess.alipay.git.1sy.top,3,2026-08-18 20:48:18,excluded,,,,
domain:pay2.alipay.git.1sy.top,domain,pay2.alipay.git.1sy.top,3,2026-08-18 20:48:18,excluded,,,,
domain:webmail.alipay.git.1sy.top,domain,webmail.alipay.git.1sy.top,3,2026-08-18 20:48:18,excluded,,,,
domain:monitor.alipay.git.1sy.top,domain,monitor.alipay.git.1sy.top,3,2026-08-18 20:48:18,excluded,,,,
domain:documentation.alipay.git.1sy.top,domain,documentation.alipay.git.1sy.top,3,2026-08-18 20:48:18,excluded,,,,
domain:index.alipay.git.1sy.top,domain,index.alipay.git.1sy.top,3,2026-08-18 20:48:18,excluded,,,,
domain:sms.alipay.git.1sy.top,domain,sms.alipay.git.1sy.top,3,2026-08-18 20:48:18,excluded,,,,
domain:security.alipay.git.1sy.top,domain,security.alipay.git.1sy.top,3,2026-08-18 20:48:18,excluded,,,,
domain:library.alipay.git.1sy.top,domain,library.alipay.git.1sy.top,3,2026-08-18 20:48:18,excluded,,,,
domain:cms.alipay.git.1sy.top,domain,cms.alipay.git.1sy.top,3,2026-08-18 20:48:18,excluded,,,,
domain:test.alipay.git.1sy.top,domain,test.alipay.git.1sy.top,3,2026-08-18 20:48:18,excluded,,,,
domain:pop3.alipay.git.1sy.top,domain,pop3.alipay.git.1sy.top,3,2026-08-18 20:48:18,excluded,,,,
domain:mx1.alipay.git.1sy.top,domain,mx1.alipay.git.1sy.top,3,2026-08-18 20:48:18,excluded,,,,
domain:report.alipay.git.1sy.top,domain,report.alipay.git.1sy.top,3,2026-08-18 20:48:18,excluded,,,,
domain:sso2.alipay.git.1sy.top,domain,sso2.alipay.git.1sy.top,3,2026-08-18 20:48:18,excluded,,,,
domain:buy.alipay.git.1sy.top,domain,buy.alipay.git.1sy.top,3,2026-08-18 20:48:18,excluded,,,,
domain:api-test.alipay.git.1sy.top,domain,api-test.alipay.git.1sy.top,3,2026-08-18 20:48:18,excluded,,,,
domain:mysql.alipay.git.1sy.top,domain,mysql.alipay.git.1sy.top,3,2026-08-18 20:48:18,excluded,,,,
domain:pgadmin.alipay.git.1sy.top,domain,pgadmin.alipay.git.1sy.top,3,2026-08-18 20:48:18,excluded,,,,
domain:grpc.alipay.git.1sy.top,domain,grpc.alipay.git.1sy.top,3,2026-08-18 20:48:18,excluded,,,,
domain:job.alipay.git.1sy.top,domain,job.alipay.git.1sy.top,3,2026-08-18 20:48:18,excluded,,,,
domain:status.alipay.git.1sy.top,domain,status.alipay.git.1sy.top,3,2026-08-18 20:48:18,excluded,,,,
domain:static2.alipay.git.1sy.top,domain,static2.alipay.git.1sy.top,3,2026-08-18 20:48:18,excluded,,,,
domain:git.alipay.git.1sy.top,domain,git.alipay.git.1sy.top,3,2026-08-18 20:48:18,excluded,,,,
domain:backup.alipay.git.1sy.top,domain,backup.alipay.git.1sy.top,3,2026-08-18 20:48:18,excluded,,,,
domain:sftp.alipay.git.1sy.top,domain,sftp.alipay.git.1sy.top,3,2026-08-18 20:48:18,excluded,,,,
domain:cd.alipay.git.1sy.top,domain,cd.alipay.git.1sy.top,3,2026-08-18 20:48:18,excluded,,,,
domain:production.alipay.git.1sy.top,domain,production.alipay.git.1sy.top,3,2026-08-18 20:48:18,excluded,,,,
domain:media.alipay.git.1sy.top,domain,media.alipay.git.1sy.top,3,2026-08-18 20:48:18,excluded,,,,
domain:saml.alipay.git.1sy.top,domain,saml.alipay.git.1sy.top,3,2026-08-18 20:48:18,excluded,,,,
domain:ldap.alipay.git.1sy.top,domain,ldap.alipay.git.1sy.top,3,2026-08-18 20:48:18,excluded,,,,
domain:mailchimp.alipay.git.1sy.top,domain,mailchimp.alipay.git.1sy.top,3,2026-08-18 20:48:18,excluded,,,,
domain:api-prod.alipay.git.1sy.top,domain,api-prod.alipay.git.1sy.top,3,2026-08-18 20:48:18,excluded,,,,
domain:token.alipay.git.1sy.top,domain,token.alipay.git.1sy.top,3,2026-08-18 20:48:18,excluded,,,,
domain:gateway.alipay.git.1sy.top,domain,gateway.alipay.git.1sy.top,3,2026-08-18 20:48:18,excluded,,,,
domain:download.alipay.git.1sy.top,domain,download.alipay.git.1sy.top,3,2026-08-18 20:48:18,excluded,,,,
domain:metrics.alipay.git.1sy.top,domain,metrics.alipay.git.1sy.top,3,2026-08-18 20:48:18,excluded,,,,
domain:registry.alipay.git.1sy.top,domain,registry.alipay.git.1sy.top,3,2026-08-18 20:48:18,excluded,,,,
domain:export.alipay.git.1sy.top,domain,export.alipay.git.1sy.top,3,2026-08-18 20:48:18,excluded,,,,
domain:weixin.alipay.git.1sy.top,domain,weixin.alipay.git.1sy.top,3,2026-08-18 20:48:18,excluded,,,,
domain:kibana.alipay.git.1sy.top,domain,kibana.alipay.git.1sy.top,3,2026-08-18 20:48:18,excluded,,,,
domain:lb.alipay.git.1sy.top,domain,lb.alipay.git.1sy.top,3,2026-08-18 20:48:18,excluded,,,,
domain:mail1.alipay.git.1sy.top,domain,mail1.alipay.git.1sy.top,3,2026-08-18 20:48:18,excluded,,,,
domain:stats.alipay.git.1sy.top,domain,stats.alipay.git.1sy.top,3,2026-08-18 20:48:18,excluded,,,,
domain:services.alipay.git.1sy.top,domain,services.alipay.git.1sy.top,3,2026-08-18 20:48:18,excluded,,,,
domain:article.alipay.git.1sy.top,domain,article.alipay.git.1sy.top,3,2026-08-18 20:48:18,excluded,,,,
domain:main.alipay.git.1sy.top,domain,main.alipay.git.1sy.top,3,2026-08-18 20:48:18,excluded,,,,
domain:documents.alipay.git.1sy.top,domain,documents.alipay.git.1sy.top,3,2026-08-18 20:48:18,excluded,,,,
domain:sso.alipay.git.1sy.top,domain,sso.alipay.git.1sy.top,3,2026-08-18 20:48:18,excluded,,,,
url:http://radio.git.1sy.top/,url,http://radio.git.1sy.top/,3,2026-08-18 20:48:21,eliminated,,,,
url:https://radio.git.1sy.top/,url,https://radio.git.1sy.top/,3,2026-08-18 20:48:21,eliminated,,,,
domain:sse.faq.git.1sy.top,domain,sse.faq.git.1sy.top,3,2026-08-18 20:48:19,excluded,,,,
domain:blog.faq.git.1sy.top,domain,blog.faq.git.1sy.top,3,2026-08-18 20:48:19,excluded,,,,
domain:github.faq.git.1sy.top,domain,github.faq.git.1sy.top,3,2026-08-18 20:48:19,excluded,,,,
domain:elk.faq.git.1sy.top,domain,elk.faq.git.1sy.top,3,2026-08-18 20:48:19,excluded,,,,
domain:saml.faq.git.1sy.top,domain,saml.faq.git.1sy.top,3,2026-08-18 20:48:19,excluded,,,,
domain:gitlab.faq.git.1sy.top,domain,gitlab.faq.git.1sy.top,3,2026-08-18 20:48:19,excluded,,,,
domain:mail1.faq.git.1sy.top,domain,mail1.faq.git.1sy.top,3,2026-08-18 20:48:19,excluded,,,,
domain:oauth.faq.git.1sy.top,domain,oauth.faq.git.1sy.top,3,2026-08-18 20:48:19,excluded,,,,
domain:stats.faq.git.1sy.top,domain,stats.faq.git.1sy.top,3,2026-08-18 20:48:19,excluded,,,,
domain:sso2.faq.git.1sy.top,domain,sso2.faq.git.1sy.top,3,2026-08-18 20:48:19,excluded,,,,
domain:production.faq.git.1sy.top,domain,production.faq.git.1sy.top,3,2026-08-18 20:48:19,excluded,,,,
domain:checkout.faq.git.1sy.top,domain,checkout.faq.git.1sy.top,3,2026-08-18 20:48:19,excluded,,,,
domain:api-test.faq.git.1sy.top,domain,api-test.faq.git.1sy.top,3,2026-08-18 20:48:19,excluded,,,,
domain:admin.faq.git.1sy.top,domain,admin.faq.git.1sy.top,3,2026-08-18 20:48:19,excluded,,,,
domain:staging2.faq.git.1sy.top,domain,staging2.faq.git.1sy.top,3,2026-08-18 20:48:19,excluded,,,,
domain:message.faq.git.1sy.top,domain,message.faq.git.1sy.top,3,2026-08-18 20:48:19,excluded,,,,
domain:sms.faq.git.1sy.top,domain,sms.faq.git.1sy.top,3,2026-08-18 20:48:19,excluded,,,,
domain:sale.faq.git.1sy.top,domain,sale.faq.git.1sy.top,3,2026-08-18 20:48:19,excluded,,,,
domain:qa.faq.git.1sy.top,domain,qa.faq.git.1sy.top,3,2026-08-18 20:48:19,excluded,,,,
domain:reader.faq.git.1sy.top,domain,reader.faq.git.1sy.top,3,2026-08-18 20:48:19,excluded,,,,
domain:img3.faq.git.1sy.top,domain,img3.faq.git.1sy.top,3,2026-08-18 20:48:19,excluded,,,,
domain:metrics.faq.git.1sy.top,domain,metrics.faq.git.1sy.top,3,2026-08-18 20:48:19,excluded,,,,
domain:pop.faq.git.1sy.top,domain,pop.faq.git.1sy.top,3,2026-08-18 20:48:19,excluded,,,,
domain:cart.faq.git.1sy.top,domain,cart.faq.git.1sy.top,3,2026-08-18 20:48:19,excluded,,,,
domain:wx.faq.git.1sy.top,domain,wx.faq.git.1sy.top,3,2026-08-18 20:48:19,excluded,,,,
domain:mysql.faq.git.1sy.top,domain,mysql.faq.git.1sy.top,3,2026-08-18 20:48:19,excluded,,,,
domain:kubernetes.faq.git.1sy.top,domain,kubernetes.faq.git.1sy.top,3,2026-08-18 20:48:19,excluded,,,,
domain:auth.faq.git.1sy.top,domain,auth.faq.git.1sy.top,3,2026-08-18 20:48:19,excluded,,,,
domain:internal.faq.git.1sy.top,domain,internal.faq.git.1sy.top,3,2026-08-18 20:48:19,excluded,,,,
domain:radio.faq.git.1sy.top,domain,radio.faq.git.1sy.top,3,2026-08-18 20:48:19,excluded,,,,
domain:pop3.faq.git.1sy.top,domain,pop3.faq.git.1sy.top,3,2026-08-18 20:48:19,excluded,,,,
domain:dev.faq.git.1sy.top,domain,dev.faq.git.1sy.top,3,2026-08-18 20:48:19,excluded,,,,
domain:canary.faq.git.1sy.top,domain,canary.faq.git.1sy.top,3,2026-08-18 20:48:19,excluded,,,,
domain:alipay.faq.git.1sy.top,domain,alipay.faq.git.1sy.top,3,2026-08-18 20:48:19,excluded,,,,
domain:open.faq.git.1sy.top,domain,open.faq.git.1sy.top,3,2026-08-18 20:48:19,excluded,,,,
domain:ldap.faq.git.1sy.top,domain,ldap.faq.git.1sy.top,3,2026-08-18 20:48:19,excluded,,,,
domain:games.faq.git.1sy.top,domain,games.faq.git.1sy.top,3,2026-08-18 20:48:19,excluded,,,,
domain:m2.faq.git.1sy.top,domain,m2.faq.git.1sy.top,3,2026-08-18 20:48:19,excluded,,,,
domain:career.faq.git.1sy.top,domain,career.faq.git.1sy.top,3,2026-08-18 20:48:19,excluded,,,,
domain:library.faq.git.1sy.top,domain,library.faq.git.1sy.top,3,2026-08-18 20:48:19,excluded,,,,
domain:order.faq.git.1sy.top,domain,order.faq.git.1sy.top,3,2026-08-18 20:48:19,excluded,,,,
domain:git.faq.git.1sy.top,domain,git.faq.git.1sy.top,3,2026-08-18 20:48:19,excluded,,,,
domain:static2.faq.git.1sy.top,domain,static2.faq.git.1sy.top,3,2026-08-18 20:48:19,excluded,,,,
domain:manager.faq.git.1sy.top,domain,manager.faq.git.1sy.top,3,2026-08-18 20:48:19,excluded,,,,
domain:cos.faq.git.1sy.top,domain,cos.faq.git.1sy.top,3,2026-08-18 20:48:19,excluded,,,,
domain:docs.faq.git.1sy.top,domain,docs.faq.git.1sy.top,3,2026-08-18 20:48:19,excluded,,,,
domain:ftp.faq.git.1sy.top,domain,ftp.faq.git.1sy.top,3,2026-08-18 20:48:19,excluded,,,,
domain:home.faq.git.1sy.top,domain,home.faq.git.1sy.top,3,2026-08-18 20:48:19,excluded,,,,
domain:cached.faq.git.1sy.top,domain,cached.faq.git.1sy.top,3,2026-08-18 20:48:19,excluded,,,,
domain:pre.faq.git.1sy.top,domain,pre.faq.git.1sy.top,3,2026-08-18 20:48:19,excluded,,,,
domain:push.faq.git.1sy.top,domain,push.faq.git.1sy.top,3,2026-08-18 20:48:19,excluded,,,,
domain:websocket.faq.git.1sy.top,domain,websocket.faq.git.1sy.top,3,2026-08-18 20:48:19,excluded,,,,
domain:pay2.faq.git.1sy.top,domain,pay2.faq.git.1sy.top,3,2026-08-18 20:48:19,excluded,,,,
domain:assets.faq.git.1sy.top,domain,assets.faq.git.1sy.top,3,2026-08-18 20:48:19,excluded,,,,
domain:registry.faq.git.1sy.top,domain,registry.faq.git.1sy.top,3,2026-08-18 20:48:19,excluded,,,,
domain:recruit.faq.git.1sy.top,domain,recruit.faq.git.1sy.top,3,2026-08-18 20:48:19,excluded,,,,
domain:openapi.faq.git.1sy.top,domain,openapi.faq.git.1sy.top,3,2026-08-18 20:48:19,excluded,,,,
domain:products.faq.git.1sy.top,domain,products.faq.git.1sy.top,3,2026-08-18 20:48:19,excluded,,,,
domain:magazine.faq.git.1sy.top,domain,magazine.faq.git.1sy.top,3,2026-08-18 20:48:19,excluded,,,,
domain:product.faq.git.1sy.top,domain,product.faq.git.1sy.top,3,2026-08-18 20:48:19,excluded,,,,
domain:image.faq.git.1sy.top,domain,image.faq.git.1sy.top,3,2026-08-18 20:48:19,excluded,,,,
domain:monitor.faq.git.1sy.top,domain,monitor.faq.git.1sy.top,3,2026-08-18 20:48:19,excluded,,,,
domain:webview.faq.git.1sy.top,domain,webview.faq.git.1sy.top,3,2026-08-18 20:48:19,excluded,,,,
domain:mobile.faq.git.1sy.top,domain,mobile.faq.git.1sy.top,3,2026-08-18 20:48:19,excluded,,,,
domain:logging.faq.git.1sy.top,domain,logging.faq.git.1sy.top,3,2026-08-18 20:48:20,excluded,,,,
domain:job.faq.git.1sy.top,domain,job.faq.git.1sy.top,3,2026-08-18 20:48:20,excluded,,,,
domain:mailchimp.faq.git.1sy.top,domain,mailchimp.faq.git.1sy.top,3,2026-08-18 20:48:20,excluded,,,,
domain:chat.faq.git.1sy.top,domain,chat.faq.git.1sy.top,3,2026-08-18 20:48:20,excluded,,,,
domain:cdn3.faq.git.1sy.top,domain,cdn3.faq.git.1sy.top,3,2026-08-18 20:48:20,excluded,,,,
domain:img.faq.git.1sy.top,domain,img.faq.git.1sy.top,3,2026-08-18 20:48:20,excluded,,,,
domain:hrm.faq.git.1sy.top,domain,hrm.faq.git.1sy.top,3,2026-08-18 20:48:20,excluded,,,,
domain:uploads.faq.git.1sy.top,domain,uploads.faq.git.1sy.top,3,2026-08-18 20:48:20,excluded,,,,
domain:pub.faq.git.1sy.top,domain,pub.faq.git.1sy.top,3,2026-08-18 20:48:20,excluded,,,,
domain:bbs.faq.git.1sy.top,domain,bbs.faq.git.1sy.top,3,2026-08-18 20:48:20,excluded,,,,
domain:help.faq.git.1sy.top,domain,help.faq.git.1sy.top,3,2026-08-18 20:48:20,excluded,,,,
domain:manage.faq.git.1sy.top,domain,manage.faq.git.1sy.top,3,2026-08-18 20:48:20,excluded,,,,
domain:temp.faq.git.1sy.top,domain,temp.faq.git.1sy.top,3,2026-08-18 20:48:20,excluded,,,,
domain:storage.faq.git.1sy.top,domain,storage.faq.git.1sy.top,3,2026-08-18 20:48:20,excluded,,,,
domain:proxy.faq.git.1sy.top,domain,proxy.faq.git.1sy.top,3,2026-08-18 20:48:20,excluded,,,,
domain:m.faq.git.1sy.top,domain,m.faq.git.1sy.top,3,2026-08-18 20:48:20,excluded,,,,
domain:testing.faq.git.1sy.top,domain,testing.faq.git.1sy.top,3,2026-08-18 20:48:20,excluded,,,,
domain:radius.faq.git.1sy.top,domain,radius.faq.git.1sy.top,3,2026-08-18 20:48:20,excluded,,,,
domain:test2.faq.git.1sy.top,domain,test2.faq.git.1sy.top,3,2026-08-18 20:48:20,excluded,,,,
domain:mini.faq.git.1sy.top,domain,mini.faq.git.1sy.top,3,2026-08-18 20:48:20,excluded,,,,
domain:phpadmin.faq.git.1sy.top,domain,phpadmin.faq.git.1sy.top,3,2026-08-18 20:48:20,excluded,,,,
domain:sftp.faq.git.1sy.top,domain,sftp.faq.git.1sy.top,3,2026-08-18 20:48:20,excluded,,,,
domain:kibana.faq.git.1sy.top,domain,kibana.faq.git.1sy.top,3,2026-08-18 20:48:20,excluded,,,,
domain:log.faq.git.1sy.top,domain,log.faq.git.1sy.top,3,2026-08-18 20:48:20,excluded,,,,
domain:cas.faq.git.1sy.top,domain,cas.faq.git.1sy.top,3,2026-08-18 20:48:20,excluded,,,,
domain:graphql.faq.git.1sy.top,domain,graphql.faq.git.1sy.top,3,2026-08-18 20:48:20,excluded,,,,
domain:sess.faq.git.1sy.top,domain,sess.faq.git.1sy.top,3,2026-08-18 20:48:20,excluded,,,,
domain:beta.faq.git.1sy.top,domain,beta.faq.git.1sy.top,3,2026-08-18 20:48:20,excluded,,,,
domain:svn.faq.git.1sy.top,domain,svn.faq.git.1sy.top,3,2026-08-18 20:48:20,excluded,,,,
domain:live.faq.git.1sy.top,domain,live.faq.git.1sy.top,3,2026-08-18 20:48:20,excluded,,,,
domain:cache.faq.git.1sy.top,domain,cache.faq.git.1sy.top,3,2026-08-18 20:48:20,excluded,,,,
domain:documentation.faq.git.1sy.top,domain,documentation.faq.git.1sy.top,3,2026-08-18 20:48:20,excluded,,,,
domain:img2.faq.git.1sy.top,domain,img2.faq.git.1sy.top,3,2026-08-18 20:48:20,excluded,,,,
domain:build.faq.git.1sy.top,domain,build.faq.git.1sy.top,3,2026-08-18 20:48:20,excluded,,,,
domain:demo.faq.git.1sy.top,domain,demo.faq.git.1sy.top,3,2026-08-18 20:48:20,excluded,,,,
domain:tracking.faq.git.1sy.top,domain,tracking.faq.git.1sy.top,3,2026-08-18 20:48:20,excluded,,,,
domain:docker.faq.git.1sy.top,domain,docker.faq.git.1sy.top,3,2026-08-18 20:48:20,excluded,,,,
domain:api.faq.git.1sy.top,domain,api.faq.git.1sy.top,3,2026-08-18 20:48:20,excluded,,,,
domain:stage.faq.git.1sy.top,domain,stage.faq.git.1sy.top,3,2026-08-18 20:48:20,excluded,,,,
domain:preview.faq.git.1sy.top,domain,preview.faq.git.1sy.top,3,2026-08-18 20:48:20,excluded,,,,
domain:newsletter.faq.git.1sy.top,domain,newsletter.faq.git.1sy.top,3,2026-08-18 20:48:20,excluded,,,,
domain:ns2.faq.git.1sy.top,domain,ns2.faq.git.1sy.top,3,2026-08-18 20:48:20,excluded,,,,
domain:order2.faq.git.1sy.top,domain,order2.faq.git.1sy.top,3,2026-08-18 20:48:20,excluded,,,,
domain:gw.faq.git.1sy.top,domain,gw.faq.git.1sy.top,3,2026-08-18 20:48:20,excluded,,,,
domain:ssh.faq.git.1sy.top,domain,ssh.faq.git.1sy.top,3,2026-08-18 20:48:20,excluded,,,,
domain:export.faq.git.1sy.top,domain,export.faq.git.1sy.top,3,2026-08-18 20:48:20,excluded,,,,
domain:files.faq.git.1sy.top,domain,files.faq.git.1sy.top,3,2026-08-18 20:48:20,excluded,,,,
domain:cms.faq.git.1sy.top,domain,cms.faq.git.1sy.top,3,2026-08-18 20:48:20,excluded,,,,
domain:remote.faq.git.1sy.top,domain,remote.faq.git.1sy.top,3,2026-08-18 20:48:20,excluded,,,,
domain:lb.faq.git.1sy.top,domain,lb.faq.git.1sy.top,3,2026-08-18 20:48:20,excluded,,,,
domain:sso.faq.git.1sy.top,domain,sso.faq.git.1sy.top,3,2026-08-18 20:48:20,excluded,,,,
domain:wss.faq.git.1sy.top,domain,wss.faq.git.1sy.top,3,2026-08-18 20:48:20,excluded,,,,
domain:notify.faq.git.1sy.top,domain,notify.faq.git.1sy.top,3,2026-08-18 20:48:20,excluded,,,,
domain:api-internal.faq.git.1sy.top,domain,api-internal.faq.git.1sy.top,3,2026-08-18 20:48:20,excluded,,,,
domain:comic.faq.git.1sy.top,domain,comic.faq.git.1sy.top,3,2026-08-18 20:48:20,excluded,,,,
domain:grpc.faq.git.1sy.top,domain,grpc.faq.git.1sy.top,3,2026-08-18 20:48:20,excluded,,,,
domain:story.faq.git.1sy.top,domain,story.faq.git.1sy.top,3,2026-08-18 20:48:20,excluded,,,,
domain:mx.faq.git.1sy.top,domain,mx.faq.git.1sy.top,3,2026-08-18 20:48:20,excluded,,,,
domain:ns1.faq.git.1sy.top,domain,ns1.faq.git.1sy.top,3,2026-08-18 20:48:20,excluded,,,,
domain:web.faq.git.1sy.top,domain,web.faq.git.1sy.top,3,2026-08-18 20:48:20,excluded,,,,
domain:keycloak.faq.git.1sy.top,domain,keycloak.faq.git.1sy.top,3,2026-08-18 20:48:20,excluded,,,,
domain:oa.faq.git.1sy.top,domain,oa.faq.git.1sy.top,3,2026-08-18 20:48:20,excluded,,,,
domain:test.faq.git.1sy.top,domain,test.faq.git.1sy.top,3,2026-08-18 20:48:20,excluded,,,,
domain:erp.faq.git.1sy.top,domain,erp.faq.git.1sy.top,3,2026-08-18 20:48:20,excluded,,,,
domain:api-prod.faq.git.1sy.top,domain,api-prod.faq.git.1sy.top,3,2026-08-18 20:48:20,excluded,,,,
domain:wap2.faq.git.1sy.top,domain,wap2.faq.git.1sy.top,3,2026-08-18 20:48:20,excluded,,,,
domain:paper.faq.git.1sy.top,domain,paper.faq.git.1sy.top,3,2026-08-18 20:48:20,excluded,,,,
domain:zabbix.faq.git.1sy.top,domain,zabbix.faq.git.1sy.top,3,2026-08-18 20:48:20,excluded,,,,
domain:monitoring.faq.git.1sy.top,domain,monitoring.faq.git.1sy.top,3,2026-08-18 20:48:20,excluded,,,,
domain:www.faq.git.1sy.top,domain,www.faq.git.1sy.top,3,2026-08-18 20:48:20,excluded,,,,
domain:backup.faq.git.1sy.top,domain,backup.faq.git.1sy.top,3,2026-08-18 20:48:20,excluded,,,,
domain:mobi.faq.git.1sy.top,domain,mobi.faq.git.1sy.top,3,2026-08-18 20:48:20,excluded,,,,
domain:site.faq.git.1sy.top,domain,site.faq.git.1sy.top,3,2026-08-18 20:48:20,excluded,,,,
domain:wap.faq.git.1sy.top,domain,wap.faq.git.1sy.top,3,2026-08-18 20:48:20,excluded,,,,
domain:wechat2.faq.git.1sy.top,domain,wechat2.faq.git.1sy.top,3,2026-08-18 20:48:20,excluded,,,,
domain:oss.faq.git.1sy.top,domain,oss.faq.git.1sy.top,3,2026-08-18 20:48:20,excluded,,,,
domain:login.faq.git.1sy.top,domain,login.faq.git.1sy.top,3,2026-08-18 20:48:20,excluded,,,,
domain:vpn.faq.git.1sy.top,domain,vpn.faq.git.1sy.top,3,2026-08-18 20:48:20,excluded,,,,
domain:index.faq.git.1sy.top,domain,index.faq.git.1sy.top,3,2026-08-18 20:48:20,excluded,,,,
domain:mx2.faq.git.1sy.top,domain,mx2.faq.git.1sy.top,3,2026-08-18 20:48:20,excluded,,,,
domain:dev2.faq.git.1sy.top,domain,dev2.faq.git.1sy.top,3,2026-08-18 20:48:20,excluded,,,,
domain:file.faq.git.1sy.top,domain,file.faq.git.1sy.top,3,2026-08-18 20:48:20,excluded,,,,
domain:service.faq.git.1sy.top,domain,service.faq.git.1sy.top,3,2026-08-18 20:48:20,excluded,,,,
domain:pay.faq.git.1sy.top,domain,pay.faq.git.1sy.top,3,2026-08-18 20:48:20,excluded,,,,
domain:bucket.faq.git.1sy.top,domain,bucket.faq.git.1sy.top,3,2026-08-18 20:48:20,excluded,,,,
domain:mysqladmin.faq.git.1sy.top,domain,mysqladmin.faq.git.1sy.top,3,2026-08-18 20:48:20,excluded,,,,
domain:h5.faq.git.1sy.top,domain,h5.faq.git.1sy.top,3,2026-08-18 20:48:20,excluded,,,,
domain:cdn2.faq.git.1sy.top,domain,cdn2.faq.git.1sy.top,3,2026-08-18 20:48:20,excluded,,,,
domain:auth2.faq.git.1sy.top,domain,auth2.faq.git.1sy.top,3,2026-08-18 20:48:20,excluded,,,,
domain:preprod.faq.git.1sy.top,domain,preprod.faq.git.1sy.top,3,2026-08-18 20:48:20,excluded,,,,
domain:weixin.faq.git.1sy.top,domain,weixin.faq.git.1sy.top,3,2026-08-18 20:48:20,excluded,,,,
domain:jobs.faq.git.1sy.top,domain,jobs.faq.git.1sy.top,3,2026-08-18 20:48:20,excluded,,,,
domain:download.faq.git.1sy.top,domain,download.faq.git.1sy.top,3,2026-08-18 20:48:20,excluded,,,,
domain:api-gateway.faq.git.1sy.top,domain,api-gateway.faq.git.1sy.top,3,2026-08-18 20:48:20,excluded,,,,
domain:staging.faq.git.1sy.top,domain,staging.faq.git.1sy.top,3,2026-08-18 20:48:20,excluded,,,,
domain:im.faq.git.1sy.top,domain,im.faq.git.1sy.top,3,2026-08-18 20:48:20,excluded,,,,
domain:prometheus.faq.git.1sy.top,domain,prometheus.faq.git.1sy.top,3,2026-08-18 20:48:20,excluded,,,,
domain:k8s.faq.git.1sy.top,domain,k8s.faq.git.1sy.top,3,2026-08-18 20:48:20,excluded,,,,
domain:books.faq.git.1sy.top,domain,books.faq.git.1sy.top,3,2026-08-18 20:48:20,excluded,,,,
domain:homepage.faq.git.1sy.top,domain,homepage.faq.git.1sy.top,3,2026-08-18 20:48:20,excluded,,,,
domain:socket.faq.git.1sy.top,domain,socket.faq.git.1sy.top,3,2026-08-18 20:48:20,excluded,,,,
domain:api-dev.faq.git.1sy.top,domain,api-dev.faq.git.1sy.top,3,2026-08-18 20:48:20,excluded,,,,
domain:gray.faq.git.1sy.top,domain,gray.faq.git.1sy.top,3,2026-08-18 20:48:20,excluded,,,,
domain:app.faq.git.1sy.top,domain,app.faq.git.1sy.top,3,2026-08-18 20:48:20,excluded,,,,
domain:security.faq.git.1sy.top,domain,security.faq.git.1sy.top,3,2026-08-18 20:48:20,excluded,,,,
domain:ebook.faq.git.1sy.top,domain,ebook.faq.git.1sy.top,3,2026-08-18 20:48:20,excluded,,,,
domain:api-staging.faq.git.1sy.top,domain,api-staging.faq.git.1sy.top,3,2026-08-18 20:48:20,excluded,,,,
domain:about.faq.git.1sy.top,domain,about.faq.git.1sy.top,3,2026-08-18 20:48:20,excluded,,,,
domain:read.faq.git.1sy.top,domain,read.faq.git.1sy.top,3,2026-08-18 20:48:20,excluded,,,,
domain:cdn.faq.git.1sy.top,domain,cdn.faq.git.1sy.top,3,2026-08-18 20:48:20,excluded,,,,
domain:public.faq.git.1sy.top,domain,public.faq.git.1sy.top,3,2026-08-18 20:48:20,excluded,,,,
domain:contact.faq.git.1sy.top,domain,contact.faq.git.1sy.top,3,2026-08-18 20:48:20,excluded,,,,
domain:health.faq.git.1sy.top,domain,health.faq.git.1sy.top,3,2026-08-18 20:48:20,excluded,,,,
domain:bak.faq.git.1sy.top,domain,bak.faq.git.1sy.top,3,2026-08-18 20:48:20,excluded,,,,
domain:administrator.faq.git.1sy.top,domain,administrator.faq.git.1sy.top,3,2026-08-18 20:48:20,excluded,,,,
domain:redis.faq.git.1sy.top,domain,redis.faq.git.1sy.top,3,2026-08-18 20:48:20,excluded,,,,
domain:office.faq.git.1sy.top,domain,office.faq.git.1sy.top,3,2026-08-18 20:48:20,excluded,,,,
domain:apis.faq.git.1sy.top,domain,apis.faq.git.1sy.top,3,2026-08-18 20:48:20,excluded,,,,
domain:apps.faq.git.1sy.top,domain,apps.faq.git.1sy.top,3,2026-08-18 20:48:20,excluded,,,,
domain:token.faq.git.1sy.top,domain,token.faq.git.1sy.top,3,2026-08-18 20:48:20,excluded,,,,
domain:ws.faq.git.1sy.top,domain,ws.faq.git.1sy.top,3,2026-08-18 20:48:20,excluded,,,,
domain:ci.faq.git.1sy.top,domain,ci.faq.git.1sy.top,3,2026-08-18 20:48:20,excluded,,,,
domain:sandbox.faq.git.1sy.top,domain,sandbox.faq.git.1sy.top,3,2026-08-18 20:48:20,excluded,,,,
domain:mx1.faq.git.1sy.top,domain,mx1.faq.git.1sy.top,3,2026-08-18 20:48:20,excluded,,,,
domain:api2.faq.git.1sy.top,domain,api2.faq.git.1sy.top,3,2026-08-18 20:48:20,excluded,,,,
domain:logs.faq.git.1sy.top,domain,logs.faq.git.1sy.top,3,2026-08-18 20:48:20,excluded,,,,
domain:sites.faq.git.1sy.top,domain,sites.faq.git.1sy.top,3,2026-08-18 20:48:20,excluded,,,,
domain:shop.faq.git.1sy.top,domain,shop.faq.git.1sy.top,3,2026-08-18 20:48:20,excluded,,,,
domain:status.faq.git.1sy.top,domain,status.faq.git.1sy.top,3,2026-08-18 20:48:20,excluded,,,,
domain:store.faq.git.1sy.top,domain,store.faq.git.1sy.top,3,2026-08-18 20:48:20,excluded,,,,
domain:miniapp.faq.git.1sy.top,domain,miniapp.faq.git.1sy.top,3,2026-08-18 20:48:20,excluded,,,,
domain:webapp.faq.git.1sy.top,domain,webapp.faq.git.1sy.top,3,2026-08-18 20:48:20,excluded,,,,
domain:support.faq.git.1sy.top,domain,support.faq.git.1sy.top,3,2026-08-18 20:48:20,excluded,,,,
domain:database.faq.git.1sy.top,domain,database.faq.git.1sy.top,3,2026-08-18 20:48:20,excluded,,,,
domain:faq.faq.git.1sy.top,domain,faq.faq.git.1sy.top,3,2026-08-18 20:48:20,excluded,,,,
domain:hr.faq.git.1sy.top,domain,hr.faq.git.1sy.top,3,2026-08-18 20:48:20,excluded,,,,
domain:notification.faq.git.1sy.top,domain,notification.faq.git.1sy.top,3,2026-08-18 20:48:20,excluded,,,,
domain:doc.faq.git.1sy.top,domain,doc.faq.git.1sy.top,3,2026-08-18 20:48:20,excluded,,,,
domain:upload.faq.git.1sy.top,domain,upload.faq.git.1sy.top,3,2026-08-18 20:48:20,excluded,,,,
domain:buy.faq.git.1sy.top,domain,buy.faq.git.1sy.top,3,2026-08-18 20:48:20,excluded,,,,
domain:api-gw.faq.git.1sy.top,domain,api-gw.faq.git.1sy.top,3,2026-08-18 20:48:20,excluded,,,,
domain:dns.faq.git.1sy.top,domain,dns.faq.git.1sy.top,3,2026-08-18 20:48:20,excluded,,,,
domain:novel.faq.git.1sy.top,domain,novel.faq.git.1sy.top,3,2026-08-18 20:48:20,excluded,,,,
domain:media.faq.git.1sy.top,domain,media.faq.git.1sy.top,3,2026-08-18 20:48:20,excluded,,,,
domain:pgadmin.faq.git.1sy.top,domain,pgadmin.faq.git.1sy.top,3,2026-08-18 20:48:20,excluded,,,,
domain:session.faq.git.1sy.top,domain,session.faq.git.1sy.top,3,2026-08-18 20:48:21,excluded,,,,
domain:android.faq.git.1sy.top,domain,android.faq.git.1sy.top,3,2026-08-18 20:48:21,excluded,,,,
domain:wiki.faq.git.1sy.top,domain,wiki.faq.git.1sy.top,3,2026-08-18 20:48:21,excluded,,,,
domain:jenkins.faq.git.1sy.top,domain,jenkins.faq.git.1sy.top,3,2026-08-18 20:48:21,excluded,,,,
domain:development.faq.git.1sy.top,domain,development.faq.git.1sy.top,3,2026-08-18 20:48:21,excluded,,,,
domain:video.faq.git.1sy.top,domain,video.faq.git.1sy.top,3,2026-08-18 20:48:21,excluded,,,,
domain:crm.faq.git.1sy.top,domain,crm.faq.git.1sy.top,3,2026-08-18 20:48:21,excluded,,,,
domain:unionpay.faq.git.1sy.top,domain,unionpay.faq.git.1sy.top,3,2026-08-18 20:48:21,excluded,,,,
domain:webmail.faq.git.1sy.top,domain,webmail.faq.git.1sy.top,3,2026-08-18 20:48:21,excluded,,,,
domain:static.faq.git.1sy.top,domain,static.faq.git.1sy.top,3,2026-08-18 20:48:21,excluded,,,,
domain:market.faq.git.1sy.top,domain,market.faq.git.1sy.top,3,2026-08-18 20:48:21,excluded,,,,
domain:mail.faq.git.1sy.top,domain,mail.faq.git.1sy.top,3,2026-08-18 20:48:21,excluded,,,,
domain:news.faq.git.1sy.top,domain,news.faq.git.1sy.top,3,2026-08-18 20:48:21,excluded,,,,
domain:console.faq.git.1sy.top,domain,console.faq.git.1sy.top,3,2026-08-18 20:48:21,excluded,,,,
domain:es.faq.git.1sy.top,domain,es.faq.git.1sy.top,3,2026-08-18 20:48:21,excluded,,,,
domain:uat.faq.git.1sy.top,domain,uat.faq.git.1sy.top,3,2026-08-18 20:48:21,excluded,,,,
domain:report.faq.git.1sy.top,domain,report.faq.git.1sy.top,3,2026-08-18 20:48:21,excluded,,,,
domain:documents.faq.git.1sy.top,domain,documents.faq.git.1sy.top,3,2026-08-18 20:48:21,excluded,,,,
domain:static3.faq.git.1sy.top,domain,static3.faq.git.1sy.top,3,2026-08-18 20:48:21,excluded,,,,
domain:payment.faq.git.1sy.top,domain,payment.faq.git.1sy.top,3,2026-08-18 20:48:21,excluded,,,,
domain:tmp.faq.git.1sy.top,domain,tmp.faq.git.1sy.top,3,2026-08-18 20:48:21,excluded,,,,
domain:elastic.faq.git.1sy.top,domain,elastic.faq.git.1sy.top,3,2026-08-18 20:48:21,excluded,,,,
domain:images.faq.git.1sy.top,domain,images.faq.git.1sy.top,3,2026-08-18 20:48:21,excluded,,,,
domain:book.faq.git.1sy.top,domain,book.faq.git.1sy.top,3,2026-08-18 20:48:21,excluded,,,,
domain:portal.faq.git.1sy.top,domain,portal.faq.git.1sy.top,3,2026-08-18 20:48:21,excluded,,,,
domain:community.faq.git.1sy.top,domain,community.faq.git.1sy.top,3,2026-08-18 20:48:21,excluded,,,,
domain:rest.faq.git.1sy.top,domain,rest.faq.git.1sy.top,3,2026-08-18 20:48:21,excluded,,,,
domain:smtp.faq.git.1sy.top,domain,smtp.faq.git.1sy.top,3,2026-08-18 20:48:21,excluded,,,,
domain:cd.faq.git.1sy.top,domain,cd.faq.git.1sy.top,3,2026-08-18 20:48:21,excluded,,,,
domain:db.faq.git.1sy.top,domain,db.faq.git.1sy.top,3,2026-08-18 20:48:21,excluded,,,,
domain:ns3.faq.git.1sy.top,domain,ns3.faq.git.1sy.top,3,2026-08-18 20:48:21,excluded,,,,
domain:ios.faq.git.1sy.top,domain,ios.faq.git.1sy.top,3,2026-08-18 20:48:21,excluded,,,,
domain:gateway.faq.git.1sy.top,domain,gateway.faq.git.1sy.top,3,2026-08-18 20:48:21,excluded,,,,
domain:mail2.faq.git.1sy.top,domain,mail2.faq.git.1sy.top,3,2026-08-18 20:48:21,excluded,,,,
domain:grafana.faq.git.1sy.top,domain,grafana.faq.git.1sy.top,3,2026-08-18 20:48:21,excluded,,,,
domain:music.faq.git.1sy.top,domain,music.faq.git.1sy.top,3,2026-08-18 20:48:21,excluded,,,,
domain:imap.faq.git.1sy.top,domain,imap.faq.git.1sy.top,3,2026-08-18 20:48:21,excluded,,,,
domain:analytics.faq.git.1sy.top,domain,analytics.faq.git.1sy.top,3,2026-08-18 20:48:21,excluded,,,,
domain:tv.faq.git.1sy.top,domain,tv.faq.git.1sy.top,3,2026-08-18 20:48:21,excluded,,,,
domain:mall.faq.git.1sy.top,domain,mall.faq.git.1sy.top,3,2026-08-18 20:48:21,excluded,,,,
domain:phpmyadmin.faq.git.1sy.top,domain,phpmyadmin.faq.git.1sy.top,3,2026-08-18 20:48:21,excluded,,,,
domain:services.faq.git.1sy.top,domain,services.faq.git.1sy.top,3,2026-08-18 20:48:21,excluded,,,,
domain:article.faq.git.1sy.top,domain,article.faq.git.1sy.top,3,2026-08-18 20:48:21,excluded,,,,
domain:intranet.faq.git.1sy.top,domain,intranet.faq.git.1sy.top,3,2026-08-18 20:48:21,excluded,,,,
domain:data.faq.git.1sy.top,domain,data.faq.git.1sy.top,3,2026-08-18 20:48:21,excluded,,,,
domain:nlb.faq.git.1sy.top,domain,nlb.faq.git.1sy.top,3,2026-08-18 20:48:21,excluded,,,,
domain:main.faq.git.1sy.top,domain,main.faq.git.1sy.top,3,2026-08-18 20:48:21,excluded,,,,
domain:forum.faq.git.1sy.top,domain,forum.faq.git.1sy.top,3,2026-08-18 20:48:21,excluded,,,,
domain:reports.faq.git.1sy.top,domain,reports.faq.git.1sy.top,3,2026-08-18 20:48:21,excluded,,,,
domain:careers.faq.git.1sy.top,domain,careers.faq.git.1sy.top,3,2026-08-18 20:48:21,excluded,,,,
domain:wechat.faq.git.1sy.top,domain,wechat.faq.git.1sy.top,3,2026-08-18 20:48:21,excluded,,,,
domain:production.chat.git.1sy.top,domain,production.chat.git.1sy.top,3,2026-08-18 20:48:22,excluded,,,,
domain:remote.chat.git.1sy.top,domain,remote.chat.git.1sy.top,3,2026-08-18 20:48:22,excluded,,,,
domain:products.chat.git.1sy.top,domain,products.chat.git.1sy.top,3,2026-08-18 20:48:22,excluded,,,,
domain:docs.chat.git.1sy.top,domain,docs.chat.git.1sy.top,3,2026-08-18 20:48:22,excluded,,,,
domain:phpadmin.chat.git.1sy.top,domain,phpadmin.chat.git.1sy.top,3,2026-08-18 20:48:22,excluded,,,,
domain:administrator.chat.git.1sy.top,domain,administrator.chat.git.1sy.top,3,2026-08-18 20:48:22,excluded,,,,
domain:openapi.chat.git.1sy.top,domain,openapi.chat.git.1sy.top,3,2026-08-18 20:48:22,excluded,,,,
domain:reports.chat.git.1sy.top,domain,reports.chat.git.1sy.top,3,2026-08-18 20:48:22,excluded,,,,
domain:sites.chat.git.1sy.top,domain,sites.chat.git.1sy.top,3,2026-08-18 20:48:22,excluded,,,,
domain:cms.chat.git.1sy.top,domain,cms.chat.git.1sy.top,3,2026-08-18 20:48:22,excluded,,,,
domain:gray.chat.git.1sy.top,domain,gray.chat.git.1sy.top,3,2026-08-18 20:48:22,excluded,,,,
domain:apis.chat.git.1sy.top,domain,apis.chat.git.1sy.top,3,2026-08-18 20:48:22,excluded,,,,
domain:portal.chat.git.1sy.top,domain,portal.chat.git.1sy.top,3,2026-08-18 20:48:22,excluded,,,,
domain:main.chat.git.1sy.top,domain,main.chat.git.1sy.top,3,2026-08-18 20:48:22,excluded,,,,
domain:app.chat.git.1sy.top,domain,app.chat.git.1sy.top,3,2026-08-18 20:48:22,excluded,,,,
domain:bak.chat.git.1sy.top,domain,bak.chat.git.1sy.top,3,2026-08-18 20:48:22,excluded,,,,
domain:proxy.chat.git.1sy.top,domain,proxy.chat.git.1sy.top,3,2026-08-18 20:48:22,excluded,,,,
domain:shop.chat.git.1sy.top,domain,shop.chat.git.1sy.top,3,2026-08-18 20:48:22,excluded,,,,
domain:cached.chat.git.1sy.top,domain,cached.chat.git.1sy.top,3,2026-08-18 20:48:22,excluded,,,,
domain:static2.chat.git.1sy.top,domain,static2.chat.git.1sy.top,3,2026-08-18 20:48:22,excluded,,,,
domain:smtp.chat.git.1sy.top,domain,smtp.chat.git.1sy.top,3,2026-08-18 20:48:22,excluded,,,,
domain:buy.chat.git.1sy.top,domain,buy.chat.git.1sy.top,3,2026-08-18 20:48:22,excluded,,,,
domain:git.chat.git.1sy.top,domain,git.chat.git.1sy.top,3,2026-08-18 20:48:22,excluded,,,,
domain:uat.chat.git.1sy.top,domain,uat.chat.git.1sy.top,3,2026-08-18 20:48:22,excluded,,,,
domain:hrm.chat.git.1sy.top,domain,hrm.chat.git.1sy.top,3,2026-08-18 20:48:22,excluded,,,,
domain:docker.chat.git.1sy.top,domain,docker.chat.git.1sy.top,3,2026-08-18 20:48:22,excluded,,,,
domain:internal.chat.git.1sy.top,domain,internal.chat.git.1sy.top,3,2026-08-18 20:48:22,excluded,,,,
domain:notification.chat.git.1sy.top,domain,notification.chat.git.1sy.top,3,2026-08-18 20:48:22,excluded,,,,
domain:service.chat.git.1sy.top,domain,service.chat.git.1sy.top,3,2026-08-18 20:48:22,excluded,,,,
domain:pre.chat.git.1sy.top,domain,pre.chat.git.1sy.top,3,2026-08-18 20:48:22,excluded,,,,
domain:mail2.chat.git.1sy.top,domain,mail2.chat.git.1sy.top,3,2026-08-18 20:48:22,excluded,,,,
domain:api-staging.chat.git.1sy.top,domain,api-staging.chat.git.1sy.top,3,2026-08-18 20:48:22,excluded,,,,
domain:beta.chat.git.1sy.top,domain,beta.chat.git.1sy.top,3,2026-08-18 20:48:22,excluded,,,,
domain:db.chat.git.1sy.top,domain,db.chat.git.1sy.top,3,2026-08-18 20:48:22,excluded,,,,
domain:login.chat.git.1sy.top,domain,login.chat.git.1sy.top,3,2026-08-18 20:48:22,excluded,,,,
domain:webmail.chat.git.1sy.top,domain,webmail.chat.git.1sy.top,3,2026-08-18 20:48:22,excluded,,,,
domain:session.chat.git.1sy.top,domain,session.chat.git.1sy.top,3,2026-08-18 20:48:22,excluded,,,,
domain:sandbox.chat.git.1sy.top,domain,sandbox.chat.git.1sy.top,3,2026-08-18 20:48:22,excluded,,,,
domain:report.chat.git.1sy.top,domain,report.chat.git.1sy.top,3,2026-08-18 20:48:22,excluded,,,,
domain:forum.chat.git.1sy.top,domain,forum.chat.git.1sy.top,3,2026-08-18 20:48:22,excluded,,,,
domain:mobi.chat.git.1sy.top,domain,mobi.chat.git.1sy.top,3,2026-08-18 20:48:22,excluded,,,,
domain:ebook.chat.git.1sy.top,domain,ebook.chat.git.1sy.top,3,2026-08-18 20:48:22,excluded,,,,
domain:game.chat.git.1sy.top,domain,game.chat.git.1sy.top,3,2026-08-18 20:48:22,excluded,,,,
domain:metrics.chat.git.1sy.top,domain,metrics.chat.git.1sy.top,3,2026-08-18 20:48:22,excluded,,,,
domain:erp.chat.git.1sy.top,domain,erp.chat.git.1sy.top,3,2026-08-18 20:48:22,excluded,,,,
domain:mobile.chat.git.1sy.top,domain,mobile.chat.git.1sy.top,3,2026-08-18 20:48:22,excluded,,,,
domain:log.chat.git.1sy.top,domain,log.chat.git.1sy.top,3,2026-08-18 20:48:22,excluded,,,,
domain:payment.chat.git.1sy.top,domain,payment.chat.git.1sy.top,3,2026-08-18 20:48:22,excluded,,,,
domain:games.chat.git.1sy.top,domain,games.chat.git.1sy.top,3,2026-08-18 20:48:22,excluded,,,,
domain:file.chat.git.1sy.top,domain,file.chat.git.1sy.top,3,2026-08-18 20:48:22,excluded,,,,
domain:video.chat.git.1sy.top,domain,video.chat.git.1sy.top,3,2026-08-18 20:48:22,excluded,,,,
domain:book.chat.git.1sy.top,domain,book.chat.git.1sy.top,3,2026-08-18 20:48:22,excluded,,,,
domain:demo.chat.git.1sy.top,domain,demo.chat.git.1sy.top,3,2026-08-18 20:48:22,excluded,,,,
domain:sms.chat.git.1sy.top,domain,sms.chat.git.1sy.top,3,2026-08-18 20:48:22,excluded,,,,
domain:logging.chat.git.1sy.top,domain,logging.chat.git.1sy.top,3,2026-08-18 20:48:22,excluded,,,,
domain:zabbix.chat.git.1sy.top,domain,zabbix.chat.git.1sy.top,3,2026-08-18 20:48:22,excluded,,,,
domain:career.chat.git.1sy.top,domain,career.chat.git.1sy.top,3,2026-08-18 20:48:22,excluded,,,,
domain:live.chat.git.1sy.top,domain,live.chat.git.1sy.top,3,2026-08-18 20:48:22,excluded,,,,
domain:api.chat.git.1sy.top,domain,api.chat.git.1sy.top,3,2026-08-18 20:48:22,excluded,,,,
domain:monitor.chat.git.1sy.top,domain,monitor.chat.git.1sy.top,3,2026-08-18 20:48:22,excluded,,,,
domain:kibana.chat.git.1sy.top,domain,kibana.chat.git.1sy.top,3,2026-08-18 20:48:22,excluded,,,,
domain:mx.chat.git.1sy.top,domain,mx.chat.git.1sy.top,3,2026-08-18 20:48:22,excluded,,,,
domain:cos.chat.git.1sy.top,domain,cos.chat.git.1sy.top,3,2026-08-18 20:48:22,excluded,,,,
domain:qa.chat.git.1sy.top,domain,qa.chat.git.1sy.top,3,2026-08-18 20:48:22,excluded,,,,
domain:books.chat.git.1sy.top,domain,books.chat.git.1sy.top,3,2026-08-18 20:48:22,excluded,,,,
domain:websocket.chat.git.1sy.top,domain,websocket.chat.git.1sy.top,3,2026-08-18 20:48:22,excluded,,,,
domain:mall.chat.git.1sy.top,domain,mall.chat.git.1sy.top,3,2026-08-18 20:48:22,excluded,,,,
domain:about.chat.git.1sy.top,domain,about.chat.git.1sy.top,3,2026-08-18 20:48:22,excluded,,,,
domain:testing.chat.git.1sy.top,domain,testing.chat.git.1sy.top,3,2026-08-18 20:48:22,excluded,,,,
domain:alipay.chat.git.1sy.top,domain,alipay.chat.git.1sy.top,3,2026-08-18 20:48:22,excluded,,,,
domain:console.chat.git.1sy.top,domain,console.chat.git.1sy.top,3,2026-08-18 20:48:22,excluded,,,,
domain:preview.chat.git.1sy.top,domain,preview.chat.git.1sy.top,3,2026-08-18 20:48:22,excluded,,,,
domain:logs.chat.git.1sy.top,domain,logs.chat.git.1sy.top,3,2026-08-18 20:48:22,excluded,,,,
domain:ios.chat.git.1sy.top,domain,ios.chat.git.1sy.top,3,2026-08-18 20:48:22,excluded,,,,
domain:ns3.chat.git.1sy.top,domain,ns3.chat.git.1sy.top,3,2026-08-18 20:48:22,excluded,,,,
domain:weixin.chat.git.1sy.top,domain,weixin.chat.git.1sy.top,3,2026-08-18 20:48:22,excluded,,,,
domain:wechat.chat.git.1sy.top,domain,wechat.chat.git.1sy.top,3,2026-08-18 20:48:22,excluded,,,,
domain:web.chat.git.1sy.top,domain,web.chat.git.1sy.top,3,2026-08-18 20:48:22,excluded,,,,
domain:build.chat.git.1sy.top,domain,build.chat.git.1sy.top,3,2026-08-18 20:48:22,excluded,,,,
domain:mx1.chat.git.1sy.top,domain,mx1.chat.git.1sy.top,3,2026-08-18 20:48:22,excluded,,,,
domain:rest.chat.git.1sy.top,domain,rest.chat.git.1sy.top,3,2026-08-18 20:48:22,excluded,,,,
domain:index.chat.git.1sy.top,domain,index.chat.git.1sy.top,3,2026-08-18 20:48:22,excluded,,,,
domain:mini.chat.git.1sy.top,domain,mini.chat.git.1sy.top,3,2026-08-18 20:48:22,excluded,,,,
domain:help.chat.git.1sy.top,domain,help.chat.git.1sy.top,3,2026-08-18 20:48:22,excluded,,,,
domain:k8s.chat.git.1sy.top,domain,k8s.chat.git.1sy.top,3,2026-08-18 20:48:22,excluded,,,,
domain:sale.chat.git.1sy.top,domain,sale.chat.git.1sy.top,3,2026-08-18 20:48:22,excluded,,,,
domain:h5.chat.git.1sy.top,domain,h5.chat.git.1sy.top,3,2026-08-18 20:48:22,excluded,,,,
domain:office.chat.git.1sy.top,domain,office.chat.git.1sy.top,3,2026-08-18 20:48:22,excluded,,,,
domain:staging2.chat.git.1sy.top,domain,staging2.chat.git.1sy.top,3,2026-08-18 20:48:22,excluded,,,,
domain:sess.chat.git.1sy.top,domain,sess.chat.git.1sy.top,3,2026-08-18 20:48:22,excluded,,,,
domain:api-gw.chat.git.1sy.top,domain,api-gw.chat.git.1sy.top,3,2026-08-18 20:48:22,excluded,,,,
domain:wiki.chat.git.1sy.top,domain,wiki.chat.git.1sy.top,3,2026-08-18 20:48:22,excluded,,,,
domain:stats.chat.git.1sy.top,domain,stats.chat.git.1sy.top,3,2026-08-18 20:48:22,excluded,,,,
domain:site.chat.git.1sy.top,domain,site.chat.git.1sy.top,3,2026-08-18 20:48:22,excluded,,,,
domain:grpc.chat.git.1sy.top,domain,grpc.chat.git.1sy.top,3,2026-08-18 20:48:22,excluded,,,,
domain:test2.chat.git.1sy.top,domain,test2.chat.git.1sy.top,3,2026-08-18 20:48:22,excluded,,,,
domain:imap.chat.git.1sy.top,domain,imap.chat.git.1sy.top,3,2026-08-18 20:48:22,excluded,,,,
domain:product.chat.git.1sy.top,domain,product.chat.git.1sy.top,3,2026-08-18 20:48:22,excluded,,,,
domain:admin.chat.git.1sy.top,domain,admin.chat.git.1sy.top,3,2026-08-18 20:48:22,excluded,,,,
domain:push.chat.git.1sy.top,domain,push.chat.git.1sy.top,3,2026-08-18 20:48:22,excluded,,,,
domain:cas.chat.git.1sy.top,domain,cas.chat.git.1sy.top,3,2026-08-18 20:48:22,excluded,,,,
domain:recruit.chat.git.1sy.top,domain,recruit.chat.git.1sy.top,3,2026-08-18 20:48:22,excluded,,,,
domain:homepage.chat.git.1sy.top,domain,homepage.chat.git.1sy.top,3,2026-08-18 20:48:22,excluded,,,,
domain:registry.chat.git.1sy.top,domain,registry.chat.git.1sy.top,3,2026-08-18 20:48:22,excluded,,,,
domain:webapp.chat.git.1sy.top,domain,webapp.chat.git.1sy.top,3,2026-08-18 20:48:22,excluded,,,,
domain:staging.chat.git.1sy.top,domain,staging.chat.git.1sy.top,3,2026-08-18 20:48:22,excluded,,,,
domain:assets.chat.git.1sy.top,domain,assets.chat.git.1sy.top,3,2026-08-18 20:48:22,excluded,,,,
domain:storage.chat.git.1sy.top,domain,storage.chat.git.1sy.top,3,2026-08-18 20:48:22,excluded,,,,
domain:analytics.chat.git.1sy.top,domain,analytics.chat.git.1sy.top,3,2026-08-18 20:48:22,excluded,,,,
domain:ftp.chat.git.1sy.top,domain,ftp.chat.git.1sy.top,3,2026-08-18 20:48:22,excluded,,,,
domain:message.chat.git.1sy.top,domain,message.chat.git.1sy.top,3,2026-08-18 20:48:22,excluded,,,,
domain:m2.chat.git.1sy.top,domain,m2.chat.git.1sy.top,3,2026-08-18 20:48:22,excluded,,,,
domain:ws.chat.git.1sy.top,domain,ws.chat.git.1sy.top,3,2026-08-18 20:48:22,excluded,,,,
domain:careers.chat.git.1sy.top,domain,careers.chat.git.1sy.top,3,2026-08-18 20:48:22,excluded,,,,
domain:sftp.chat.git.1sy.top,domain,sftp.chat.git.1sy.top,3,2026-08-18 20:48:22,excluded,,,,
domain:mailchimp.chat.git.1sy.top,domain,mailchimp.chat.git.1sy.top,3,2026-08-18 20:48:22,excluded,,,,
domain:dev2.chat.git.1sy.top,domain,dev2.chat.git.1sy.top,3,2026-08-18 20:48:22,excluded,,,,
domain:github.chat.git.1sy.top,domain,github.chat.git.1sy.top,3,2026-08-18 20:48:22,excluded,,,,
domain:miniapp.chat.git.1sy.top,domain,miniapp.chat.git.1sy.top,3,2026-08-18 20:48:22,excluded,,,,
domain:api-gateway.chat.git.1sy.top,domain,api-gateway.chat.git.1sy.top,3,2026-08-18 20:48:22,excluded,,,,
domain:ns2.chat.git.1sy.top,domain,ns2.chat.git.1sy.top,3,2026-08-18 20:48:22,excluded,,,,
domain:market.chat.git.1sy.top,domain,market.chat.git.1sy.top,3,2026-08-18 20:48:22,excluded,,,,
domain:ns1.chat.git.1sy.top,domain,ns1.chat.git.1sy.top,3,2026-08-18 20:48:22,excluded,,,,
domain:im.chat.git.1sy.top,domain,im.chat.git.1sy.top,3,2026-08-18 20:48:22,excluded,,,,
domain:token.chat.git.1sy.top,domain,token.chat.git.1sy.top,3,2026-08-18 20:48:22,excluded,,,,
domain:cdn3.chat.git.1sy.top,domain,cdn3.chat.git.1sy.top,3,2026-08-18 20:48:22,excluded,,,,
domain:library.chat.git.1sy.top,domain,library.chat.git.1sy.top,3,2026-08-18 20:48:22,excluded,,,,
domain:preprod.chat.git.1sy.top,domain,preprod.chat.git.1sy.top,3,2026-08-18 20:48:22,excluded,,,,
domain:public.chat.git.1sy.top,domain,public.chat.git.1sy.top,3,2026-08-18 20:48:22,excluded,,,,
domain:development.chat.git.1sy.top,domain,development.chat.git.1sy.top,3,2026-08-18 20:48:22,excluded,,,,
domain:news.chat.git.1sy.top,domain,news.chat.git.1sy.top,3,2026-08-18 20:48:22,excluded,,,,
domain:cd.chat.git.1sy.top,domain,cd.chat.git.1sy.top,3,2026-08-18 20:48:22,excluded,,,,
domain:manage.chat.git.1sy.top,domain,manage.chat.git.1sy.top,3,2026-08-18 20:48:22,excluded,,,,
domain:documents.chat.git.1sy.top,domain,documents.chat.git.1sy.top,3,2026-08-18 20:48:22,excluded,,,,
domain:temp.chat.git.1sy.top,domain,temp.chat.git.1sy.top,3,2026-08-18 20:48:22,excluded,,,,
domain:faq.chat.git.1sy.top,domain,faq.chat.git.1sy.top,3,2026-08-18 20:48:22,excluded,,,,
domain:lb.chat.git.1sy.top,domain,lb.chat.git.1sy.top,3,2026-08-18 20:48:22,excluded,,,,
domain:graphql.chat.git.1sy.top,domain,graphql.chat.git.1sy.top,3,2026-08-18 20:48:22,excluded,,,,
domain:checkout.chat.git.1sy.top,domain,checkout.chat.git.1sy.top,3,2026-08-18 20:48:22,excluded,,,,
domain:auth.chat.git.1sy.top,domain,auth.chat.git.1sy.top,3,2026-08-18 20:48:22,excluded,,,,
domain:export.chat.git.1sy.top,domain,export.chat.git.1sy.top,3,2026-08-18 20:48:22,excluded,,,,
domain:bbs.chat.git.1sy.top,domain,bbs.chat.git.1sy.top,3,2026-08-18 20:48:22,excluded,,,,
domain:canary.chat.git.1sy.top,domain,canary.chat.git.1sy.top,3,2026-08-18 20:48:22,excluded,,,,
domain:gitlab.chat.git.1sy.top,domain,gitlab.chat.git.1sy.top,3,2026-08-18 20:48:22,excluded,,,,
domain:pub.chat.git.1sy.top,domain,pub.chat.git.1sy.top,3,2026-08-18 20:48:22,excluded,,,,
domain:grafana.chat.git.1sy.top,domain,grafana.chat.git.1sy.top,3,2026-08-18 20:48:22,excluded,,,,
domain:sso.chat.git.1sy.top,domain,sso.chat.git.1sy.top,3,2026-08-18 20:48:22,excluded,,,,
domain:wap.chat.git.1sy.top,domain,wap.chat.git.1sy.top,3,2026-08-18 20:48:22,excluded,,,,
domain:documentation.chat.git.1sy.top,domain,documentation.chat.git.1sy.top,3,2026-08-18 20:48:22,excluded,,,,
domain:dns.chat.git.1sy.top,domain,dns.chat.git.1sy.top,3,2026-08-18 20:48:22,excluded,,,,
domain:radius.chat.git.1sy.top,domain,radius.chat.git.1sy.top,3,2026-08-18 20:48:22,excluded,,,,
domain:keycloak.chat.git.1sy.top,domain,keycloak.chat.git.1sy.top,3,2026-08-18 20:48:22,excluded,,,,
domain:backup.chat.git.1sy.top,domain,backup.chat.git.1sy.top,3,2026-08-18 20:48:22,excluded,,,,
domain:cdn2.chat.git.1sy.top,domain,cdn2.chat.git.1sy.top,3,2026-08-18 20:48:22,excluded,,,,
domain:img.chat.git.1sy.top,domain,img.chat.git.1sy.top,3,2026-08-18 20:48:22,excluded,,,,
domain:api-prod.chat.git.1sy.top,domain,api-prod.chat.git.1sy.top,3,2026-08-18 20:48:22,excluded,,,,
domain:job.chat.git.1sy.top,domain,job.chat.git.1sy.top,3,2026-08-18 20:48:22,excluded,,,,
domain:gateway.chat.git.1sy.top,domain,gateway.chat.git.1sy.top,3,2026-08-18 20:48:22,excluded,,,,
domain:pay2.chat.git.1sy.top,domain,pay2.chat.git.1sy.top,3,2026-08-18 20:48:22,excluded,,,,
domain:cdn.chat.git.1sy.top,domain,cdn.chat.git.1sy.top,3,2026-08-18 20:48:22,excluded,,,,
domain:img3.chat.git.1sy.top,domain,img3.chat.git.1sy.top,3,2026-08-18 20:48:22,excluded,,,,
domain:api-dev.chat.git.1sy.top,domain,api-dev.chat.git.1sy.top,3,2026-08-18 20:48:22,excluded,,,,
domain:prometheus.chat.git.1sy.top,domain,prometheus.chat.git.1sy.top,3,2026-08-18 20:48:22,excluded,,,,
domain:ci.chat.git.1sy.top,domain,ci.chat.git.1sy.top,3,2026-08-18 20:48:22,excluded,,,,
domain:article.chat.git.1sy.top,domain,article.chat.git.1sy.top,3,2026-08-18 20:48:22,excluded,,,,
domain:oauth.chat.git.1sy.top,domain,oauth.chat.git.1sy.top,3,2026-08-18 20:48:22,excluded,,,,
domain:pop3.chat.git.1sy.top,domain,pop3.chat.git.1sy.top,3,2026-08-18 20:48:22,excluded,,,,
domain:phpmyadmin.chat.git.1sy.top,domain,phpmyadmin.chat.git.1sy.top,3,2026-08-18 20:48:22,excluded,,,,
domain:health.chat.git.1sy.top,domain,health.chat.git.1sy.top,3,2026-08-18 20:48:22,excluded,,,,
domain:hr.chat.git.1sy.top,domain,hr.chat.git.1sy.top,3,2026-08-18 20:48:22,excluded,,,,
domain:elastic.chat.git.1sy.top,domain,elastic.chat.git.1sy.top,3,2026-08-18 20:48:22,excluded,,,,
domain:pop.chat.git.1sy.top,domain,pop.chat.git.1sy.top,3,2026-08-18 20:48:22,excluded,,,,
domain:magazine.chat.git.1sy.top,domain,magazine.chat.git.1sy.top,3,2026-08-18 20:48:22,excluded,,,,
domain:tv.chat.git.1sy.top,domain,tv.chat.git.1sy.top,3,2026-08-18 20:48:22,excluded,,,,
domain:wap2.chat.git.1sy.top,domain,wap2.chat.git.1sy.top,3,2026-08-18 20:48:22,excluded,,,,
domain:order.chat.git.1sy.top,domain,order.chat.git.1sy.top,3,2026-08-18 20:48:22,excluded,,,,
domain:images.chat.git.1sy.top,domain,images.chat.git.1sy.top,3,2026-08-18 20:48:22,excluded,,,,
domain:support.chat.git.1sy.top,domain,support.chat.git.1sy.top,3,2026-08-18 20:48:22,excluded,,,,
domain:elk.chat.git.1sy.top,domain,elk.chat.git.1sy.top,3,2026-08-18 20:48:22,excluded,,,,
domain:ssh.chat.git.1sy.top,domain,ssh.chat.git.1sy.top,3,2026-08-18 20:48:22,excluded,,,,
domain:read.chat.git.1sy.top,domain,read.chat.git.1sy.top,3,2026-08-18 20:48:22,excluded,,,,
domain:files.chat.git.1sy.top,domain,files.chat.git.1sy.top,3,2026-08-18 20:48:22,excluded,,,,
domain:radio.chat.git.1sy.top,domain,radio.chat.git.1sy.top,3,2026-08-18 20:48:22,excluded,,,,
domain:www.chat.git.1sy.top,domain,www.chat.git.1sy.top,3,2026-08-18 20:48:22,excluded,,,,
domain:mail.chat.git.1sy.top,domain,mail.chat.git.1sy.top,3,2026-08-18 20:48:22,excluded,,,,
domain:wechat2.chat.git.1sy.top,domain,wechat2.chat.git.1sy.top,3,2026-08-18 20:48:22,excluded,,,,
domain:story.chat.git.1sy.top,domain,story.chat.git.1sy.top,3,2026-08-18 20:48:22,excluded,,,,
domain:community.chat.git.1sy.top,domain,community.chat.git.1sy.top,3,2026-08-18 20:48:22,excluded,,,,
domain:manager.chat.git.1sy.top,domain,manager.chat.git.1sy.top,3,2026-08-18 20:48:22,excluded,,,,
domain:pgadmin.chat.git.1sy.top,domain,pgadmin.chat.git.1sy.top,3,2026-08-18 20:48:22,excluded,,,,
domain:contact.chat.git.1sy.top,domain,contact.chat.git.1sy.top,3,2026-08-18 20:48:22,excluded,,,,
domain:auth2.chat.git.1sy.top,domain,auth2.chat.git.1sy.top,3,2026-08-18 20:48:22,excluded,,,,
domain:wss.chat.git.1sy.top,domain,wss.chat.git.1sy.top,3,2026-08-18 20:48:22,excluded,,,,
domain:oa.chat.git.1sy.top,domain,oa.chat.git.1sy.top,3,2026-08-18 20:48:22,excluded,,,,
domain:m.chat.git.1sy.top,domain,m.chat.git.1sy.top,3,2026-08-18 20:48:22,excluded,,,,
domain:chat.chat.git.1sy.top,domain,chat.chat.git.1sy.top,3,2026-08-18 20:48:22,excluded,,,,
domain:data.chat.git.1sy.top,domain,data.chat.git.1sy.top,3,2026-08-18 20:48:22,excluded,,,,
domain:crm.chat.git.1sy.top,domain,crm.chat.git.1sy.top,3,2026-08-18 20:48:22,excluded,,,,
domain:status.chat.git.1sy.top,domain,status.chat.git.1sy.top,3,2026-08-18 20:48:22,excluded,,,,
domain:newsletter.chat.git.1sy.top,domain,newsletter.chat.git.1sy.top,3,2026-08-18 20:48:22,excluded,,,,
domain:doc.chat.git.1sy.top,domain,doc.chat.git.1sy.top,3,2026-08-18 20:48:22,excluded,,,,
domain:reader.chat.git.1sy.top,domain,reader.chat.git.1sy.top,3,2026-08-18 20:48:22,excluded,,,,
domain:es.chat.git.1sy.top,domain,es.chat.git.1sy.top,3,2026-08-18 20:48:22,excluded,,,,
domain:uploads.chat.git.1sy.top,domain,uploads.chat.git.1sy.top,3,2026-08-18 20:48:22,excluded,,,,
domain:sse.chat.git.1sy.top,domain,sse.chat.git.1sy.top,3,2026-08-18 20:48:22,excluded,,,,
domain:webview.chat.git.1sy.top,domain,webview.chat.git.1sy.top,3,2026-08-18 20:48:22,excluded,,,,
domain:static.chat.git.1sy.top,domain,static.chat.git.1sy.top,3,2026-08-18 20:48:22,excluded,,,,
domain:monitoring.chat.git.1sy.top,domain,monitoring.chat.git.1sy.top,3,2026-08-18 20:48:22,excluded,,,,
domain:comic.chat.git.1sy.top,domain,comic.chat.git.1sy.top,3,2026-08-18 20:48:22,excluded,,,,
domain:ldap.chat.git.1sy.top,domain,ldap.chat.git.1sy.top,3,2026-08-18 20:48:22,excluded,,,,
domain:novel.chat.git.1sy.top,domain,novel.chat.git.1sy.top,3,2026-08-18 20:48:22,excluded,,,,
domain:prod.chat.git.1sy.top,domain,prod.chat.git.1sy.top,3,2026-08-18 20:48:22,excluded,,,,
domain:bucket.chat.git.1sy.top,domain,bucket.chat.git.1sy.top,3,2026-08-18 20:48:22,excluded,,,,
domain:database.chat.git.1sy.top,domain,database.chat.git.1sy.top,3,2026-08-18 20:48:22,excluded,,,,
domain:nlb.chat.git.1sy.top,domain,nlb.chat.git.1sy.top,3,2026-08-18 20:48:23,excluded,,,,
domain:paper.chat.git.1sy.top,domain,paper.chat.git.1sy.top,3,2026-08-18 20:48:23,excluded,,,,
domain:mail1.chat.git.1sy.top,domain,mail1.chat.git.1sy.top,3,2026-08-18 20:48:23,excluded,,,,
domain:jobs.chat.git.1sy.top,domain,jobs.chat.git.1sy.top,3,2026-08-18 20:48:23,excluded,,,,
domain:order2.chat.git.1sy.top,domain,order2.chat.git.1sy.top,3,2026-08-18 20:48:23,excluded,,,,
domain:mx2.chat.git.1sy.top,domain,mx2.chat.git.1sy.top,3,2026-08-18 20:48:23,excluded,,,,
domain:saml.chat.git.1sy.top,domain,saml.chat.git.1sy.top,3,2026-08-18 20:48:23,excluded,,,,
domain:static3.chat.git.1sy.top,domain,static3.chat.git.1sy.top,3,2026-08-18 20:48:23,excluded,,,,
domain:music.chat.git.1sy.top,domain,music.chat.git.1sy.top,3,2026-08-18 20:48:23,excluded,,,,
domain:test.chat.git.1sy.top,domain,test.chat.git.1sy.top,3,2026-08-18 20:48:23,excluded,,,,
domain:dev.chat.git.1sy.top,domain,dev.chat.git.1sy.top,3,2026-08-18 20:48:23,excluded,,,,
domain:download.chat.git.1sy.top,domain,download.chat.git.1sy.top,3,2026-08-18 20:48:23,excluded,,,,
domain:store.chat.git.1sy.top,domain,store.chat.git.1sy.top,3,2026-08-18 20:48:23,excluded,,,,
domain:blog.chat.git.1sy.top,domain,blog.chat.git.1sy.top,3,2026-08-18 20:48:23,excluded,,,,
domain:jenkins.chat.git.1sy.top,domain,jenkins.chat.git.1sy.top,3,2026-08-18 20:48:23,excluded,,,,
domain:tmp.chat.git.1sy.top,domain,tmp.chat.git.1sy.top,3,2026-08-18 20:48:23,excluded,,,,
domain:stage.chat.git.1sy.top,domain,stage.chat.git.1sy.top,3,2026-08-18 20:48:23,excluded,,,,
domain:api-internal.chat.git.1sy.top,domain,api-internal.chat.git.1sy.top,3,2026-08-18 20:48:23,excluded,,,,
domain:upload.chat.git.1sy.top,domain,upload.chat.git.1sy.top,3,2026-08-18 20:48:23,excluded,,,,
domain:oss.chat.git.1sy.top,domain,oss.chat.git.1sy.top,3,2026-08-18 20:48:23,excluded,,,,
domain:svn.chat.git.1sy.top,domain,svn.chat.git.1sy.top,3,2026-08-18 20:48:23,excluded,,,,
domain:socket.chat.git.1sy.top,domain,socket.chat.git.1sy.top,3,2026-08-18 20:48:23,excluded,,,,
domain:img2.chat.git.1sy.top,domain,img2.chat.git.1sy.top,3,2026-08-18 20:48:23,excluded,,,,
domain:media.chat.git.1sy.top,domain,media.chat.git.1sy.top,3,2026-08-18 20:48:23,excluded,,,,
domain:apps.chat.git.1sy.top,domain,apps.chat.git.1sy.top,3,2026-08-18 20:48:23,excluded,,,,
domain:cart.chat.git.1sy.top,domain,cart.chat.git.1sy.top,3,2026-08-18 20:48:23,excluded,,,,
domain:sso2.chat.git.1sy.top,domain,sso2.chat.git.1sy.top,3,2026-08-18 20:48:23,excluded,,,,
domain:api2.chat.git.1sy.top,domain,api2.chat.git.1sy.top,3,2026-08-18 20:48:23,excluded,,,,
domain:gw.chat.git.1sy.top,domain,gw.chat.git.1sy.top,3,2026-08-18 20:48:23,excluded,,,,
domain:security.chat.git.1sy.top,domain,security.chat.git.1sy.top,3,2026-08-18 20:48:23,excluded,,,,
domain:tracking.chat.git.1sy.top,domain,tracking.chat.git.1sy.top,3,2026-08-18 20:48:23,excluded,,,,
domain:mysql.chat.git.1sy.top,domain,mysql.chat.git.1sy.top,3,2026-08-18 20:48:23,excluded,,,,
domain:notify.chat.git.1sy.top,domain,notify.chat.git.1sy.top,3,2026-08-18 20:48:23,excluded,,,,
domain:redis.chat.git.1sy.top,domain,redis.chat.git.1sy.top,3,2026-08-18 20:48:23,excluded,,,,
domain:mysqladmin.chat.git.1sy.top,domain,mysqladmin.chat.git.1sy.top,3,2026-08-18 20:48:23,excluded,,,,
domain:home.chat.git.1sy.top,domain,home.chat.git.1sy.top,3,2026-08-18 20:48:23,excluded,,,,
domain:services.chat.git.1sy.top,domain,services.chat.git.1sy.top,3,2026-08-18 20:48:23,excluded,,,,
domain:intranet.chat.git.1sy.top,domain,intranet.chat.git.1sy.top,3,2026-08-18 20:48:23,excluded,,,,
domain:api-test.chat.git.1sy.top,domain,api-test.chat.git.1sy.top,3,2026-08-18 20:48:23,excluded,,,,
domain:kubernetes.chat.git.1sy.top,domain,kubernetes.chat.git.1sy.top,3,2026-08-18 20:48:23,excluded,,,,
domain:android.chat.git.1sy.top,domain,android.chat.git.1sy.top,3,2026-08-18 20:48:23,excluded,,,,
domain:wx.chat.git.1sy.top,domain,wx.chat.git.1sy.top,3,2026-08-18 20:48:23,excluded,,,,
domain:vpn.chat.git.1sy.top,domain,vpn.chat.git.1sy.top,3,2026-08-18 20:48:23,excluded,,,,
domain:cache.chat.git.1sy.top,domain,cache.chat.git.1sy.top,3,2026-08-18 20:48:23,excluded,,,,
domain:open.chat.git.1sy.top,domain,open.chat.git.1sy.top,3,2026-08-18 20:48:23,excluded,,,,
domain:image.chat.git.1sy.top,domain,image.chat.git.1sy.top,3,2026-08-18 20:48:23,excluded,,,,
domain:unionpay.chat.git.1sy.top,domain,unionpay.chat.git.1sy.top,3,2026-08-18 20:48:23,excluded,,,,
domain:pay.chat.git.1sy.top,domain,pay.chat.git.1sy.top,3,2026-08-18 20:48:23,excluded,,,,
ip:54.238.185.226,ip,54.238.185.226,3,2026-08-18 20:48:34,scanned,,,,
domain:data.radius.git.1sy.top,domain,data.radius.git.1sy.top,3,2026-08-18 20:48:14,excluded,,,,
domain:mail2.radius.git.1sy.top,domain,mail2.radius.git.1sy.top,3,2026-08-18 20:48:14,excluded,,,,
domain:mx.radius.git.1sy.top,domain,mx.radius.git.1sy.top,3,2026-08-18 20:48:14,excluded,,,,
domain:paper.radius.git.1sy.top,domain,paper.radius.git.1sy.top,3,2026-08-18 20:48:14,excluded,,,,
domain:auth2.radius.git.1sy.top,domain,auth2.radius.git.1sy.top,3,2026-08-18 20:48:14,excluded,,,,
domain:careers.radius.git.1sy.top,domain,careers.radius.git.1sy.top,3,2026-08-18 20:48:14,excluded,,,,
domain:service.radius.git.1sy.top,domain,service.radius.git.1sy.top,3,2026-08-18 20:48:14,excluded,,,,
domain:phpmyadmin.radius.git.1sy.top,domain,phpmyadmin.radius.git.1sy.top,3,2026-08-18 20:48:14,excluded,,,,
domain:open.radius.git.1sy.top,domain,open.radius.git.1sy.top,3,2026-08-18 20:48:14,excluded,,,,
domain:wiki.radius.git.1sy.top,domain,wiki.radius.git.1sy.top,3,2026-08-18 20:48:14,excluded,,,,
domain:mailchimp.radius.git.1sy.top,domain,mailchimp.radius.git.1sy.top,3,2026-08-18 20:48:14,excluded,,,,
domain:novel.radius.git.1sy.top,domain,novel.radius.git.1sy.top,3,2026-08-18 20:48:14,excluded,,,,
domain:office.radius.git.1sy.top,domain,office.radius.git.1sy.top,3,2026-08-18 20:48:14,excluded,,,,
domain:api.radius.git.1sy.top,domain,api.radius.git.1sy.top,3,2026-08-18 20:48:14,excluded,,,,
domain:crm.radius.git.1sy.top,domain,crm.radius.git.1sy.top,3,2026-08-18 20:48:14,excluded,,,,
domain:remote.radius.git.1sy.top,domain,remote.radius.git.1sy.top,3,2026-08-18 20:48:14,excluded,,,,
domain:story.radius.git.1sy.top,domain,story.radius.git.1sy.top,3,2026-08-18 20:48:14,excluded,,,,
domain:staging.radius.git.1sy.top,domain,staging.radius.git.1sy.top,3,2026-08-18 20:48:14,excluded,,,,
domain:weixin.radius.git.1sy.top,domain,weixin.radius.git.1sy.top,3,2026-08-18 20:48:14,excluded,,,,
domain:radius.radius.git.1sy.top,domain,radius.radius.git.1sy.top,3,2026-08-18 20:48:14,excluded,,,,
domain:smtp.radius.git.1sy.top,domain,smtp.radius.git.1sy.top,3,2026-08-18 20:48:14,excluded,,,,
domain:wap.radius.git.1sy.top,domain,wap.radius.git.1sy.top,3,2026-08-18 20:48:14,excluded,,,,
domain:ns3.radius.git.1sy.top,domain,ns3.radius.git.1sy.top,3,2026-08-18 20:48:14,excluded,,,,
domain:dns.radius.git.1sy.top,domain,dns.radius.git.1sy.top,3,2026-08-18 20:48:14,excluded,,,,
domain:cdn3.radius.git.1sy.top,domain,cdn3.radius.git.1sy.top,3,2026-08-18 20:48:15,excluded,,,,
domain:nlb.radius.git.1sy.top,domain,nlb.radius.git.1sy.top,3,2026-08-18 20:48:15,excluded,,,,
domain:sms.radius.git.1sy.top,domain,sms.radius.git.1sy.top,3,2026-08-18 20:48:15,excluded,,,,
domain:image.radius.git.1sy.top,domain,image.radius.git.1sy.top,3,2026-08-18 20:48:15,excluded,,,,
domain:game.radius.git.1sy.top,domain,game.radius.git.1sy.top,3,2026-08-18 20:48:15,excluded,,,,
domain:pgadmin.radius.git.1sy.top,domain,pgadmin.radius.git.1sy.top,3,2026-08-18 20:48:15,excluded,,,,
domain:live.radius.git.1sy.top,domain,live.radius.git.1sy.top,3,2026-08-18 20:48:15,excluded,,,,
domain:static.radius.git.1sy.top,domain,static.radius.git.1sy.top,3,2026-08-18 20:48:16,excluded,,,,
domain:jenkins.radius.git.1sy.top,domain,jenkins.radius.git.1sy.top,3,2026-08-18 20:48:16,excluded,,,,
domain:elastic.radius.git.1sy.top,domain,elastic.radius.git.1sy.top,3,2026-08-18 20:48:16,excluded,,,,
domain:gw.radius.git.1sy.top,domain,gw.radius.git.1sy.top,3,2026-08-18 20:48:16,excluded,,,,
domain:production.radius.git.1sy.top,domain,production.radius.git.1sy.top,3,2026-08-18 20:48:16,excluded,,,,
domain:api-prod.radius.git.1sy.top,domain,api-prod.radius.git.1sy.top,3,2026-08-18 20:48:16,excluded,,,,
domain:logs.radius.git.1sy.top,domain,logs.radius.git.1sy.top,3,2026-08-18 20:48:16,excluded,,,,
domain:cos.radius.git.1sy.top,domain,cos.radius.git.1sy.top,3,2026-08-18 20:48:16,excluded,,,,
domain:saml.radius.git.1sy.top,domain,saml.radius.git.1sy.top,3,2026-08-18 20:48:16,excluded,,,,
domain:wechat.radius.git.1sy.top,domain,wechat.radius.git.1sy.top,3,2026-08-18 20:48:16,excluded,,,,
domain:pub.radius.git.1sy.top,domain,pub.radius.git.1sy.top,3,2026-08-18 20:48:16,excluded,,,,
domain:reader.radius.git.1sy.top,domain,reader.radius.git.1sy.top,3,2026-08-18 20:48:16,excluded,,,,
domain:im.radius.git.1sy.top,domain,im.radius.git.1sy.top,3,2026-08-18 20:48:16,excluded,,,,
domain:wechat2.radius.git.1sy.top,domain,wechat2.radius.git.1sy.top,3,2026-08-18 20:48:16,excluded,,,,
domain:services.radius.git.1sy.top,domain,services.radius.git.1sy.top,3,2026-08-18 20:48:16,excluded,,,,
domain:console.radius.git.1sy.top,domain,console.radius.git.1sy.top,3,2026-08-18 20:48:16,excluded,,,,
domain:mall.radius.git.1sy.top,domain,mall.radius.git.1sy.top,3,2026-08-18 20:48:16,excluded,,,,
domain:static2.radius.git.1sy.top,domain,static2.radius.git.1sy.top,3,2026-08-18 20:48:16,excluded,,,,
domain:manager.radius.git.1sy.top,domain,manager.radius.git.1sy.top,3,2026-08-18 20:48:16,excluded,,,,
domain:api-gw.radius.git.1sy.top,domain,api-gw.radius.git.1sy.top,3,2026-08-18 20:48:16,excluded,,,,
domain:pay.radius.git.1sy.top,domain,pay.radius.git.1sy.top,3,2026-08-18 20:48:16,excluded,,,,
domain:apis.radius.git.1sy.top,domain,apis.radius.git.1sy.top,3,2026-08-18 20:48:16,excluded,,,,
domain:comic.radius.git.1sy.top,domain,comic.radius.git.1sy.top,3,2026-08-18 20:48:16,excluded,,,,
domain:svn.radius.git.1sy.top,domain,svn.radius.git.1sy.top,3,2026-08-18 20:48:16,excluded,,,,
domain:radio.radius.git.1sy.top,domain,radio.radius.git.1sy.top,3,2026-08-18 20:48:16,excluded,,,,
domain:api-test.radius.git.1sy.top,domain,api-test.radius.git.1sy.top,3,2026-08-18 20:48:16,excluded,,,,
domain:reports.radius.git.1sy.top,domain,reports.radius.git.1sy.top,3,2026-08-18 20:48:16,excluded,,,,
domain:chat.radius.git.1sy.top,domain,chat.radius.git.1sy.top,3,2026-08-18 20:48:16,excluded,,,,
domain:main.radius.git.1sy.top,domain,main.radius.git.1sy.top,3,2026-08-18 20:48:16,excluded,,,,
domain:sandbox.radius.git.1sy.top,domain,sandbox.radius.git.1sy.top,3,2026-08-18 20:48:16,excluded,,,,
domain:docs.radius.git.1sy.top,domain,docs.radius.git.1sy.top,3,2026-08-18 20:48:16,excluded,,,,
domain:erp.radius.git.1sy.top,domain,erp.radius.git.1sy.top,3,2026-08-18 20:48:16,excluded,,,,
domain:mobi.radius.git.1sy.top,domain,mobi.radius.git.1sy.top,3,2026-08-18 20:48:16,excluded,,,,
domain:redis.radius.git.1sy.top,domain,redis.radius.git.1sy.top,3,2026-08-18 20:48:16,excluded,,,,
domain:vpn.radius.git.1sy.top,domain,vpn.radius.git.1sy.top,3,2026-08-18 20:48:16,excluded,,,,
domain:m2.radius.git.1sy.top,domain,m2.radius.git.1sy.top,3,2026-08-18 20:48:16,excluded,,,,
domain:bak.radius.git.1sy.top,domain,bak.radius.git.1sy.top,3,2026-08-18 20:48:16,excluded,,,,
domain:recruit.radius.git.1sy.top,domain,recruit.radius.git.1sy.top,3,2026-08-18 20:48:16,excluded,,,,
domain:m.radius.git.1sy.top,domain,m.radius.git.1sy.top,3,2026-08-18 20:48:16,excluded,,,,
domain:testing.radius.git.1sy.top,domain,testing.radius.git.1sy.top,3,2026-08-18 20:48:16,excluded,,,,
domain:assets.radius.git.1sy.top,domain,assets.radius.git.1sy.top,3,2026-08-18 20:48:16,excluded,,,,
domain:cdn2.radius.git.1sy.top,domain,cdn2.radius.git.1sy.top,3,2026-08-18 20:48:16,excluded,,,,
domain:db.radius.git.1sy.top,domain,db.radius.git.1sy.top,3,2026-08-18 20:48:16,excluded,,,,
domain:api-gateway.radius.git.1sy.top,domain,api-gateway.radius.git.1sy.top,3,2026-08-18 20:48:16,excluded,,,,
domain:storage.radius.git.1sy.top,domain,storage.radius.git.1sy.top,3,2026-08-18 20:48:16,excluded,,,,
domain:cached.radius.git.1sy.top,domain,cached.radius.git.1sy.top,3,2026-08-18 20:48:16,excluded,,,,
domain:img2.radius.git.1sy.top,domain,img2.radius.git.1sy.top,3,2026-08-18 20:48:16,excluded,,,,
domain:administrator.radius.git.1sy.top,domain,administrator.radius.git.1sy.top,3,2026-08-18 20:48:16,excluded,,,,
domain:hrm.radius.git.1sy.top,domain,hrm.radius.git.1sy.top,3,2026-08-18 20:48:17,excluded,,,,
domain:bbs.radius.git.1sy.top,domain,bbs.radius.git.1sy.top,3,2026-08-18 20:48:17,excluded,,,,
domain:preprod.radius.git.1sy.top,domain,preprod.radius.git.1sy.top,3,2026-08-18 20:48:17,excluded,,,,
domain:dev.radius.git.1sy.top,domain,dev.radius.git.1sy.top,3,2026-08-18 20:48:17,excluded,,,,
domain:music.radius.git.1sy.top,domain,music.radius.git.1sy.top,3,2026-08-18 20:48:17,excluded,,,,
domain:canary.radius.git.1sy.top,domain,canary.radius.git.1sy.top,3,2026-08-18 20:48:17,excluded,,,,
domain:hr.radius.git.1sy.top,domain,hr.radius.git.1sy.top,3,2026-08-18 20:48:17,excluded,,,,
domain:notification.radius.git.1sy.top,domain,notification.radius.git.1sy.top,3,2026-08-18 20:48:17,excluded,,,,
domain:payment.radius.git.1sy.top,domain,payment.radius.git.1sy.top,3,2026-08-18 20:48:17,excluded,,,,
domain:ftp.radius.git.1sy.top,domain,ftp.radius.git.1sy.top,3,2026-08-18 20:48:17,excluded,,,,
domain:tv.radius.git.1sy.top,domain,tv.radius.git.1sy.top,3,2026-08-18 20:48:17,excluded,,,,
domain:unionpay.radius.git.1sy.top,domain,unionpay.radius.git.1sy.top,3,2026-08-18 20:48:17,excluded,,,,
domain:grafana.radius.git.1sy.top,domain,grafana.radius.git.1sy.top,3,2026-08-18 20:48:17,excluded,,,,
domain:log.radius.git.1sy.top,domain,log.radius.git.1sy.top,3,2026-08-18 20:48:17,excluded,,,,
domain:test.radius.git.1sy.top,domain,test.radius.git.1sy.top,3,2026-08-18 20:48:17,excluded,,,,
domain:games.radius.git.1sy.top,domain,games.radius.git.1sy.top,3,2026-08-18 20:48:17,excluded,,,,
domain:ebook.radius.git.1sy.top,domain,ebook.radius.git.1sy.top,3,2026-08-18 20:48:17,excluded,,,,
domain:apps.radius.git.1sy.top,domain,apps.radius.git.1sy.top,3,2026-08-18 20:48:17,excluded,,,,
domain:mysql.radius.git.1sy.top,domain,mysql.radius.git.1sy.top,3,2026-08-18 20:48:17,excluded,,,,
domain:library.radius.git.1sy.top,domain,library.radius.git.1sy.top,3,2026-08-18 20:48:17,excluded,,,,
domain:static3.radius.git.1sy.top,domain,static3.radius.git.1sy.top,3,2026-08-18 20:48:17,excluded,,,,
domain:video.radius.git.1sy.top,domain,video.radius.git.1sy.top,3,2026-08-18 20:48:17,excluded,,,,
domain:openapi.radius.git.1sy.top,domain,openapi.radius.git.1sy.top,3,2026-08-18 20:48:17,excluded,,,,
domain:oa.radius.git.1sy.top,domain,oa.radius.git.1sy.top,3,2026-08-18 20:48:17,excluded,,,,
domain:order2.radius.git.1sy.top,domain,order2.radius.git.1sy.top,3,2026-08-18 20:48:17,excluded,,,,
domain:alipay.radius.git.1sy.top,domain,alipay.radius.git.1sy.top,3,2026-08-18 20:48:17,excluded,,,,
domain:socket.radius.git.1sy.top,domain,socket.radius.git.1sy.top,3,2026-08-18 20:48:17,excluded,,,,
domain:app.radius.git.1sy.top,domain,app.radius.git.1sy.top,3,2026-08-18 20:48:17,excluded,,,,
domain:home.radius.git.1sy.top,domain,home.radius.git.1sy.top,3,2026-08-18 20:48:17,excluded,,,,
domain:build.radius.git.1sy.top,domain,build.radius.git.1sy.top,3,2026-08-18 20:48:17,excluded,,,,
domain:development.radius.git.1sy.top,domain,development.radius.git.1sy.top,3,2026-08-18 20:48:17,excluded,,,,
domain:es.radius.git.1sy.top,domain,es.radius.git.1sy.top,3,2026-08-18 20:48:17,excluded,,,,
domain:registry.radius.git.1sy.top,domain,registry.radius.git.1sy.top,3,2026-08-18 20:48:17,excluded,,,,
domain:sse.radius.git.1sy.top,domain,sse.radius.git.1sy.top,3,2026-08-18 20:48:17,excluded,,,,
domain:portal.radius.git.1sy.top,domain,portal.radius.git.1sy.top,3,2026-08-18 20:48:17,excluded,,,,
domain:www.radius.git.1sy.top,domain,www.radius.git.1sy.top,3,2026-08-18 20:48:17,excluded,,,,
domain:session.radius.git.1sy.top,domain,session.radius.git.1sy.top,3,2026-08-18 20:48:17,excluded,,,,
domain:pop.radius.git.1sy.top,domain,pop.radius.git.1sy.top,3,2026-08-18 20:48:17,excluded,,,,
domain:gitlab.radius.git.1sy.top,domain,gitlab.radius.git.1sy.top,3,2026-08-18 20:48:17,excluded,,,,
domain:sso.radius.git.1sy.top,domain,sso.radius.git.1sy.top,3,2026-08-18 20:48:17,excluded,,,,
domain:jobs.radius.git.1sy.top,domain,jobs.radius.git.1sy.top,3,2026-08-18 20:48:17,excluded,,,,
domain:uploads.radius.git.1sy.top,domain,uploads.radius.git.1sy.top,3,2026-08-18 20:48:17,excluded,,,,
domain:download.radius.git.1sy.top,domain,download.radius.git.1sy.top,3,2026-08-18 20:48:17,excluded,,,,
domain:notify.radius.git.1sy.top,domain,notify.radius.git.1sy.top,3,2026-08-18 20:48:17,excluded,,,,
domain:webview.radius.git.1sy.top,domain,webview.radius.git.1sy.top,3,2026-08-18 20:48:17,excluded,,,,
domain:metrics.radius.git.1sy.top,domain,metrics.radius.git.1sy.top,3,2026-08-18 20:48:17,excluded,,,,
domain:product.radius.git.1sy.top,domain,product.radius.git.1sy.top,3,2026-08-18 20:48:17,excluded,,,,
domain:miniapp.radius.git.1sy.top,domain,miniapp.radius.git.1sy.top,3,2026-08-18 20:48:17,excluded,,,,
domain:intranet.radius.git.1sy.top,domain,intranet.radius.git.1sy.top,3,2026-08-18 20:48:17,excluded,,,,
domain:kibana.radius.git.1sy.top,domain,kibana.radius.git.1sy.top,3,2026-08-18 20:48:17,excluded,,,,
domain:login.radius.git.1sy.top,domain,login.radius.git.1sy.top,3,2026-08-18 20:48:17,excluded,,,,
domain:mx2.radius.git.1sy.top,domain,mx2.radius.git.1sy.top,3,2026-08-18 20:48:17,excluded,,,,
domain:tracking.radius.git.1sy.top,domain,tracking.radius.git.1sy.top,3,2026-08-18 20:48:17,excluded,,,,
domain:graphql.radius.git.1sy.top,domain,graphql.radius.git.1sy.top,3,2026-08-18 20:48:17,excluded,,,,
domain:img3.radius.git.1sy.top,domain,img3.radius.git.1sy.top,3,2026-08-18 20:48:17,excluded,,,,
domain:logging.radius.git.1sy.top,domain,logging.radius.git.1sy.top,3,2026-08-18 20:48:17,excluded,,,,
domain:wss.radius.git.1sy.top,domain,wss.radius.git.1sy.top,3,2026-08-18 20:48:17,excluded,,,,
domain:job.radius.git.1sy.top,domain,job.radius.git.1sy.top,3,2026-08-18 20:48:17,excluded,,,,
domain:api-staging.radius.git.1sy.top,domain,api-staging.radius.git.1sy.top,3,2026-08-18 20:48:17,excluded,,,,
domain:api-internal.radius.git.1sy.top,domain,api-internal.radius.git.1sy.top,3,2026-08-18 20:48:17,excluded,,,,
domain:magazine.radius.git.1sy.top,domain,magazine.radius.git.1sy.top,3,2026-08-18 20:48:17,excluded,,,,
domain:store.radius.git.1sy.top,domain,store.radius.git.1sy.top,3,2026-08-18 20:48:17,excluded,,,,
domain:lb.radius.git.1sy.top,domain,lb.radius.git.1sy.top,3,2026-08-18 20:48:17,excluded,,,,
domain:buy.radius.git.1sy.top,domain,buy.radius.git.1sy.top,3,2026-08-18 20:48:17,excluded,,,,
domain:gateway.radius.git.1sy.top,domain,gateway.radius.git.1sy.top,3,2026-08-18 20:48:17,excluded,,,,
domain:push.radius.git.1sy.top,domain,push.radius.git.1sy.top,3,2026-08-18 20:48:17,excluded,,,,
domain:ws.radius.git.1sy.top,domain,ws.radius.git.1sy.top,3,2026-08-18 20:48:17,excluded,,,,
domain:h5.radius.git.1sy.top,domain,h5.radius.git.1sy.top,3,2026-08-18 20:48:17,excluded,,,,
domain:forum.radius.git.1sy.top,domain,forum.radius.git.1sy.top,3,2026-08-18 20:48:17,excluded,,,,
domain:message.radius.git.1sy.top,domain,message.radius.git.1sy.top,3,2026-08-18 20:48:17,excluded,,,,
domain:checkout.radius.git.1sy.top,domain,checkout.radius.git.1sy.top,3,2026-08-18 20:48:17,excluded,,,,
domain:about.radius.git.1sy.top,domain,about.radius.git.1sy.top,3,2026-08-18 20:48:17,excluded,,,,
domain:pre.radius.git.1sy.top,domain,pre.radius.git.1sy.top,3,2026-08-18 20:48:17,excluded,,,,
domain:newsletter.radius.git.1sy.top,domain,newsletter.radius.git.1sy.top,3,2026-08-18 20:48:17,excluded,,,,
domain:tmp.radius.git.1sy.top,domain,tmp.radius.git.1sy.top,3,2026-08-18 20:48:17,excluded,,,,
domain:mail1.radius.git.1sy.top,domain,mail1.radius.git.1sy.top,3,2026-08-18 20:48:17,excluded,,,,
domain:stats.radius.git.1sy.top,domain,stats.radius.git.1sy.top,3,2026-08-18 20:48:17,excluded,,,,
domain:ns1.radius.git.1sy.top,domain,ns1.radius.git.1sy.top,3,2026-08-18 20:48:17,excluded,,,,
domain:pop3.radius.git.1sy.top,domain,pop3.radius.git.1sy.top,3,2026-08-18 20:48:17,excluded,,,,
domain:preview.radius.git.1sy.top,domain,preview.radius.git.1sy.top,3,2026-08-18 20:48:17,excluded,,,,
domain:kubernetes.radius.git.1sy.top,domain,kubernetes.radius.git.1sy.top,3,2026-08-18 20:48:17,excluded,,,,
domain:export.radius.git.1sy.top,domain,export.radius.git.1sy.top,3,2026-08-18 20:48:17,excluded,,,,
domain:file.radius.git.1sy.top,domain,file.radius.git.1sy.top,3,2026-08-18 20:48:17,excluded,,,,
domain:websocket.radius.git.1sy.top,domain,websocket.radius.git.1sy.top,3,2026-08-18 20:48:17,excluded,,,,
domain:market.radius.git.1sy.top,domain,market.radius.git.1sy.top,3,2026-08-18 20:48:17,excluded,,,,
domain:keycloak.radius.git.1sy.top,domain,keycloak.radius.git.1sy.top,3,2026-08-18 20:48:17,excluded,,,,
domain:staging2.radius.git.1sy.top,domain,staging2.radius.git.1sy.top,3,2026-08-18 20:48:17,excluded,,,,
domain:manage.radius.git.1sy.top,domain,manage.radius.git.1sy.top,3,2026-08-18 20:48:17,excluded,,,,
domain:qa.radius.git.1sy.top,domain,qa.radius.git.1sy.top,3,2026-08-18 20:48:17,excluded,,,,
domain:faq.radius.git.1sy.top,domain,faq.radius.git.1sy.top,3,2026-08-18 20:48:17,excluded,,,,
domain:blog.radius.git.1sy.top,domain,blog.radius.git.1sy.top,3,2026-08-18 20:48:17,excluded,,,,
domain:docker.radius.git.1sy.top,domain,docker.radius.git.1sy.top,3,2026-08-18 20:48:17,excluded,,,,
domain:read.radius.git.1sy.top,domain,read.radius.git.1sy.top,3,2026-08-18 20:48:17,excluded,,,,
domain:imap.radius.git.1sy.top,domain,imap.radius.git.1sy.top,3,2026-08-18 20:48:17,excluded,,,,
domain:news.radius.git.1sy.top,domain,news.radius.git.1sy.top,3,2026-08-18 20:48:17,excluded,,,,
domain:ns2.radius.git.1sy.top,domain,ns2.radius.git.1sy.top,3,2026-08-18 20:48:17,excluded,,,,
domain:files.radius.git.1sy.top,domain,files.radius.git.1sy.top,3,2026-08-18 20:48:17,excluded,,,,
domain:book.radius.git.1sy.top,domain,book.radius.git.1sy.top,3,2026-08-18 20:48:17,excluded,,,,
domain:database.radius.git.1sy.top,domain,database.radius.git.1sy.top,3,2026-08-18 20:48:17,excluded,,,,
domain:img.radius.git.1sy.top,domain,img.radius.git.1sy.top,3,2026-08-18 20:48:17,excluded,,,,
domain:upload.radius.git.1sy.top,domain,upload.radius.git.1sy.top,3,2026-08-18 20:48:17,excluded,,,,
domain:career.radius.git.1sy.top,domain,career.radius.git.1sy.top,3,2026-08-18 20:48:17,excluded,,,,
domain:internal.radius.git.1sy.top,domain,internal.radius.git.1sy.top,3,2026-08-18 20:48:17,excluded,,,,
domain:oauth.radius.git.1sy.top,domain,oauth.radius.git.1sy.top,3,2026-08-18 20:48:17,excluded,,,,
domain:books.radius.git.1sy.top,domain,books.radius.git.1sy.top,3,2026-08-18 20:48:17,excluded,,,,
domain:sess.radius.git.1sy.top,domain,sess.radius.git.1sy.top,3,2026-08-18 20:48:17,excluded,,,,
domain:git.radius.git.1sy.top,domain,git.radius.git.1sy.top,3,2026-08-18 20:48:17,excluded,,,,
domain:token.radius.git.1sy.top,domain,token.radius.git.1sy.top,3,2026-08-18 20:48:17,excluded,,,,
domain:prod.radius.git.1sy.top,domain,prod.radius.git.1sy.top,3,2026-08-18 20:48:17,excluded,,,,
domain:grpc.radius.git.1sy.top,domain,grpc.radius.git.1sy.top,3,2026-08-18 20:48:17,excluded,,,,
domain:public.radius.git.1sy.top,domain,public.radius.git.1sy.top,3,2026-08-18 20:48:17,excluded,,,,
domain:zabbix.radius.git.1sy.top,domain,zabbix.radius.git.1sy.top,3,2026-08-18 20:48:17,excluded,,,,
domain:elk.radius.git.1sy.top,domain,elk.radius.git.1sy.top,3,2026-08-18 20:48:17,excluded,,,,
domain:beta.radius.git.1sy.top,domain,beta.radius.git.1sy.top,3,2026-08-18 20:48:17,excluded,,,,
domain:k8s.radius.git.1sy.top,domain,k8s.radius.git.1sy.top,3,2026-08-18 20:48:17,excluded,,,,
domain:health.radius.git.1sy.top,domain,health.radius.git.1sy.top,3,2026-08-18 20:48:17,excluded,,,,
domain:mini.radius.git.1sy.top,domain,mini.radius.git.1sy.top,3,2026-08-18 20:48:17,excluded,,,,
domain:dev2.radius.git.1sy.top,domain,dev2.radius.git.1sy.top,3,2026-08-18 20:48:17,excluded,,,,
domain:index.radius.git.1sy.top,domain,index.radius.git.1sy.top,3,2026-08-18 20:48:17,excluded,,,,
domain:order.radius.git.1sy.top,domain,order.radius.git.1sy.top,3,2026-08-18 20:48:17,excluded,,,,
domain:homepage.radius.git.1sy.top,domain,homepage.radius.git.1sy.top,3,2026-08-18 20:48:17,excluded,,,,
domain:cms.radius.git.1sy.top,domain,cms.radius.git.1sy.top,3,2026-08-18 20:48:17,excluded,,,,
domain:wap2.radius.git.1sy.top,domain,wap2.radius.git.1sy.top,3,2026-08-18 20:48:17,excluded,,,,
domain:monitor.radius.git.1sy.top,domain,monitor.radius.git.1sy.top,3,2026-08-18 20:48:17,excluded,,,,
domain:stage.radius.git.1sy.top,domain,stage.radius.git.1sy.top,3,2026-08-18 20:48:17,excluded,,,,
domain:demo.radius.git.1sy.top,domain,demo.radius.git.1sy.top,3,2026-08-18 20:48:17,excluded,,,,
domain:cd.radius.git.1sy.top,domain,cd.radius.git.1sy.top,3,2026-08-18 20:48:17,excluded,,,,
domain:cart.radius.git.1sy.top,domain,cart.radius.git.1sy.top,3,2026-08-18 20:48:17,excluded,,,,
domain:mx1.radius.git.1sy.top,domain,mx1.radius.git.1sy.top,3,2026-08-18 20:48:17,excluded,,,,
domain:doc.radius.git.1sy.top,domain,doc.radius.git.1sy.top,3,2026-08-18 20:48:17,excluded,,,,
domain:support.radius.git.1sy.top,domain,support.radius.git.1sy.top,3,2026-08-18 20:48:17,excluded,,,,
domain:proxy.radius.git.1sy.top,domain,proxy.radius.git.1sy.top,3,2026-08-18 20:48:17,excluded,,,,
domain:rest.radius.git.1sy.top,domain,rest.radius.git.1sy.top,3,2026-08-18 20:48:17,excluded,,,,
domain:contact.radius.git.1sy.top,domain,contact.radius.git.1sy.top,3,2026-08-18 20:48:17,excluded,,,,
domain:ios.radius.git.1sy.top,domain,ios.radius.git.1sy.top,3,2026-08-18 20:48:17,excluded,,,,
domain:cas.radius.git.1sy.top,domain,cas.radius.git.1sy.top,3,2026-08-18 20:48:17,excluded,,,,
domain:prometheus.radius.git.1sy.top,domain,prometheus.radius.git.1sy.top,3,2026-08-18 20:48:17,excluded,,,,
domain:api2.radius.git.1sy.top,domain,api2.radius.git.1sy.top,3,2026-08-18 20:48:17,excluded,,,,
domain:documents.radius.git.1sy.top,domain,documents.radius.git.1sy.top,3,2026-08-18 20:48:17,excluded,,,,
domain:shop.radius.git.1sy.top,domain,shop.radius.git.1sy.top,3,2026-08-18 20:48:17,excluded,,,,
domain:sftp.radius.git.1sy.top,domain,sftp.radius.git.1sy.top,3,2026-08-18 20:48:17,excluded,,,,
domain:cdn.radius.git.1sy.top,domain,cdn.radius.git.1sy.top,3,2026-08-18 20:48:17,excluded,,,,
domain:security.radius.git.1sy.top,domain,security.radius.git.1sy.top,3,2026-08-18 20:48:17,excluded,,,,
domain:ldap.radius.git.1sy.top,domain,ldap.radius.git.1sy.top,3,2026-08-18 20:48:17,excluded,,,,
domain:ssh.radius.git.1sy.top,domain,ssh.radius.git.1sy.top,3,2026-08-18 20:48:17,excluded,,,,
domain:help.radius.git.1sy.top,domain,help.radius.git.1sy.top,3,2026-08-18 20:48:17,excluded,,,,
domain:test2.radius.git.1sy.top,domain,test2.radius.git.1sy.top,3,2026-08-18 20:48:18,excluded,,,,
domain:status.radius.git.1sy.top,domain,status.radius.git.1sy.top,3,2026-08-18 20:48:18,excluded,,,,
domain:community.radius.git.1sy.top,domain,community.radius.git.1sy.top,3,2026-08-18 20:48:18,excluded,,,,
domain:ci.radius.git.1sy.top,domain,ci.radius.git.1sy.top,3,2026-08-18 20:48:18,excluded,,,,
domain:pay2.radius.git.1sy.top,domain,pay2.radius.git.1sy.top,3,2026-08-18 20:48:18,excluded,,,,
domain:documentation.radius.git.1sy.top,domain,documentation.radius.git.1sy.top,3,2026-08-18 20:48:18,excluded,,,,
domain:sale.radius.git.1sy.top,domain,sale.radius.git.1sy.top,3,2026-08-18 20:48:18,excluded,,,,
domain:webapp.radius.git.1sy.top,domain,webapp.radius.git.1sy.top,3,2026-08-18 20:48:18,excluded,,,,
domain:bucket.radius.git.1sy.top,domain,bucket.radius.git.1sy.top,3,2026-08-18 20:48:18,excluded,,,,
domain:auth.radius.git.1sy.top,domain,auth.radius.git.1sy.top,3,2026-08-18 20:48:18,excluded,,,,
domain:images.radius.git.1sy.top,domain,images.radius.git.1sy.top,3,2026-08-18 20:48:18,excluded,,,,
domain:github.radius.git.1sy.top,domain,github.radius.git.1sy.top,3,2026-08-18 20:48:18,excluded,,,,
domain:wx.radius.git.1sy.top,domain,wx.radius.git.1sy.top,3,2026-08-18 20:48:18,excluded,,,,
domain:admin.radius.git.1sy.top,domain,admin.radius.git.1sy.top,3,2026-08-18 20:48:18,excluded,,,,
domain:sites.radius.git.1sy.top,domain,sites.radius.git.1sy.top,3,2026-08-18 20:48:18,excluded,,,,
domain:uat.radius.git.1sy.top,domain,uat.radius.git.1sy.top,3,2026-08-18 20:48:18,excluded,,,,
domain:report.radius.git.1sy.top,domain,report.radius.git.1sy.top,3,2026-08-18 20:48:18,excluded,,,,
domain:monitoring.radius.git.1sy.top,domain,monitoring.radius.git.1sy.top,3,2026-08-18 20:48:18,excluded,,,,
domain:mail.radius.git.1sy.top,domain,mail.radius.git.1sy.top,3,2026-08-18 20:48:18,excluded,,,,
domain:analytics.radius.git.1sy.top,domain,analytics.radius.git.1sy.top,3,2026-08-18 20:48:18,excluded,,,,
domain:webmail.radius.git.1sy.top,domain,webmail.radius.git.1sy.top,3,2026-08-18 20:48:18,excluded,,,,
domain:cache.radius.git.1sy.top,domain,cache.radius.git.1sy.top,3,2026-08-18 20:48:18,excluded,,,,
domain:media.radius.git.1sy.top,domain,media.radius.git.1sy.top,3,2026-08-18 20:48:18,excluded,,,,
domain:oss.radius.git.1sy.top,domain,oss.radius.git.1sy.top,3,2026-08-18 20:48:18,excluded,,,,
domain:android.radius.git.1sy.top,domain,android.radius.git.1sy.top,3,2026-08-18 20:48:18,excluded,,,,
domain:sso2.radius.git.1sy.top,domain,sso2.radius.git.1sy.top,3,2026-08-18 20:48:18,excluded,,,,
domain:site.radius.git.1sy.top,domain,site.radius.git.1sy.top,3,2026-08-18 20:48:18,excluded,,,,
domain:mobile.radius.git.1sy.top,domain,mobile.radius.git.1sy.top,3,2026-08-18 20:48:18,excluded,,,,
domain:mysqladmin.radius.git.1sy.top,domain,mysqladmin.radius.git.1sy.top,3,2026-08-18 20:48:18,excluded,,,,
domain:api-dev.radius.git.1sy.top,domain,api-dev.radius.git.1sy.top,3,2026-08-18 20:48:18,excluded,,,,
domain:gray.radius.git.1sy.top,domain,gray.radius.git.1sy.top,3,2026-08-18 20:48:18,excluded,,,,
domain:backup.radius.git.1sy.top,domain,backup.radius.git.1sy.top,3,2026-08-18 20:48:18,excluded,,,,
domain:article.radius.git.1sy.top,domain,article.radius.git.1sy.top,3,2026-08-18 20:48:18,excluded,,,,
domain:phpadmin.radius.git.1sy.top,domain,phpadmin.radius.git.1sy.top,3,2026-08-18 20:48:18,excluded,,,,
domain:temp.radius.git.1sy.top,domain,temp.radius.git.1sy.top,3,2026-08-18 20:48:18,excluded,,,,
domain:products.radius.git.1sy.top,domain,products.radius.git.1sy.top,3,2026-08-18 20:48:18,excluded,,,,
domain:web.radius.git.1sy.top,domain,web.radius.git.1sy.top,3,2026-08-18 20:48:18,excluded,,,,
domain:about.phpadmin.git.1sy.top,domain,about.phpadmin.git.1sy.top,3,2026-08-18 20:48:18,excluded,,,,
domain:notify.phpadmin.git.1sy.top,domain,notify.phpadmin.git.1sy.top,3,2026-08-18 20:48:18,excluded,,,,
domain:index.phpadmin.git.1sy.top,domain,index.phpadmin.git.1sy.top,3,2026-08-18 20:48:18,excluded,,,,
domain:apps.phpadmin.git.1sy.top,domain,apps.phpadmin.git.1sy.top,3,2026-08-18 20:48:18,excluded,,,,
domain:logs.phpadmin.git.1sy.top,domain,logs.phpadmin.git.1sy.top,3,2026-08-18 20:48:18,excluded,,,,
domain:payment.phpadmin.git.1sy.top,domain,payment.phpadmin.git.1sy.top,3,2026-08-18 20:48:18,excluded,,,,
domain:reports.phpadmin.git.1sy.top,domain,reports.phpadmin.git.1sy.top,3,2026-08-18 20:48:18,excluded,,,,
domain:sse.phpadmin.git.1sy.top,domain,sse.phpadmin.git.1sy.top,3,2026-08-18 20:48:18,excluded,,,,
domain:preview.phpadmin.git.1sy.top,domain,preview.phpadmin.git.1sy.top,3,2026-08-18 20:48:18,excluded,,,,
domain:api-prod.phpadmin.git.1sy.top,domain,api-prod.phpadmin.git.1sy.top,3,2026-08-18 20:48:18,excluded,,,,
domain:download.phpadmin.git.1sy.top,domain,download.phpadmin.git.1sy.top,3,2026-08-18 20:48:18,excluded,,,,
domain:docker.phpadmin.git.1sy.top,domain,docker.phpadmin.git.1sy.top,3,2026-08-18 20:48:18,excluded,,,,
domain:login.phpadmin.git.1sy.top,domain,login.phpadmin.git.1sy.top,3,2026-08-18 20:48:18,excluded,,,,
domain:token.phpadmin.git.1sy.top,domain,token.phpadmin.git.1sy.top,3,2026-08-18 20:48:18,excluded,,,,
domain:support.phpadmin.git.1sy.top,domain,support.phpadmin.git.1sy.top,3,2026-08-18 20:48:18,excluded,,,,
domain:qa.phpadmin.git.1sy.top,domain,qa.phpadmin.git.1sy.top,3,2026-08-18 20:48:18,excluded,,,,
domain:service.phpadmin.git.1sy.top,domain,service.phpadmin.git.1sy.top,3,2026-08-18 20:48:18,excluded,,,,
domain:test2.phpadmin.git.1sy.top,domain,test2.phpadmin.git.1sy.top,3,2026-08-18 20:48:18,excluded,,,,
domain:media.phpadmin.git.1sy.top,domain,media.phpadmin.git.1sy.top,3,2026-08-18 20:48:18,excluded,,,,
domain:image.phpadmin.git.1sy.top,domain,image.phpadmin.git.1sy.top,3,2026-08-18 20:48:18,excluded,,,,
domain:game.phpadmin.git.1sy.top,domain,game.phpadmin.git.1sy.top,3,2026-08-18 20:48:18,excluded,,,,
domain:careers.phpadmin.git.1sy.top,domain,careers.phpadmin.git.1sy.top,3,2026-08-18 20:48:18,excluded,,,,
domain:cdn.phpadmin.git.1sy.top,domain,cdn.phpadmin.git.1sy.top,3,2026-08-18 20:48:18,excluded,,,,
domain:erp.phpadmin.git.1sy.top,domain,erp.phpadmin.git.1sy.top,3,2026-08-18 20:48:18,excluded,,,,
domain:app.phpadmin.git.1sy.top,domain,app.phpadmin.git.1sy.top,3,2026-08-18 20:48:18,excluded,,,,
domain:main.phpadmin.git.1sy.top,domain,main.phpadmin.git.1sy.top,3,2026-08-18 20:48:18,excluded,,,,
domain:mysql.phpadmin.git.1sy.top,domain,mysql.phpadmin.git.1sy.top,3,2026-08-18 20:48:18,excluded,,,,
domain:auth2.phpadmin.git.1sy.top,domain,auth2.phpadmin.git.1sy.top,3,2026-08-18 20:48:18,excluded,,,,
domain:api2.phpadmin.git.1sy.top,domain,api2.phpadmin.git.1sy.top,3,2026-08-18 20:48:18,excluded,,,,
domain:elk.phpadmin.git.1sy.top,domain,elk.phpadmin.git.1sy.top,3,2026-08-18 20:48:18,excluded,,,,
domain:img2.phpadmin.git.1sy.top,domain,img2.phpadmin.git.1sy.top,3,2026-08-18 20:48:18,excluded,,,,
domain:crm.phpadmin.git.1sy.top,domain,crm.phpadmin.git.1sy.top,3,2026-08-18 20:48:18,excluded,,,,
domain:cas.phpadmin.git.1sy.top,domain,cas.phpadmin.git.1sy.top,3,2026-08-18 20:48:18,excluded,,,,
domain:gray.phpadmin.git.1sy.top,domain,gray.phpadmin.git.1sy.top,3,2026-08-18 20:48:18,excluded,,,,
domain:buy.phpadmin.git.1sy.top,domain,buy.phpadmin.git.1sy.top,3,2026-08-18 20:48:18,excluded,,,,
domain:reader.phpadmin.git.1sy.top,domain,reader.phpadmin.git.1sy.top,3,2026-08-18 20:48:18,excluded,,,,
domain:proxy.phpadmin.git.1sy.top,domain,proxy.phpadmin.git.1sy.top,3,2026-08-18 20:48:18,excluded,,,,
domain:manager.phpadmin.git.1sy.top,domain,manager.phpadmin.git.1sy.top,3,2026-08-18 20:48:18,excluded,,,,
domain:security.phpadmin.git.1sy.top,domain,security.phpadmin.git.1sy.top,3,2026-08-18 20:48:18,excluded,,,,
domain:notification.phpadmin.git.1sy.top,domain,notification.phpadmin.git.1sy.top,3,2026-08-18 20:48:18,excluded,,,,
domain:static.phpadmin.git.1sy.top,domain,static.phpadmin.git.1sy.top,3,2026-08-18 20:48:18,excluded,,,,
domain:career.phpadmin.git.1sy.top,domain,career.phpadmin.git.1sy.top,3,2026-08-18 20:48:18,excluded,,,,
domain:webmail.phpadmin.git.1sy.top,domain,webmail.phpadmin.git.1sy.top,3,2026-08-18 20:48:18,excluded,,,,
domain:assets.phpadmin.git.1sy.top,domain,assets.phpadmin.git.1sy.top,3,2026-08-18 20:48:18,excluded,,,,
domain:sandbox.phpadmin.git.1sy.top,domain,sandbox.phpadmin.git.1sy.top,3,2026-08-18 20:48:18,excluded,,,,
domain:read.phpadmin.git.1sy.top,domain,read.phpadmin.git.1sy.top,3,2026-08-18 20:48:18,excluded,,,,
domain:session.phpadmin.git.1sy.top,domain,session.phpadmin.git.1sy.top,3,2026-08-18 20:48:18,excluded,,,,
domain:k8s.phpadmin.git.1sy.top,domain,k8s.phpadmin.git.1sy.top,3,2026-08-18 20:48:18,excluded,,,,
domain:office.phpadmin.git.1sy.top,domain,office.phpadmin.git.1sy.top,3,2026-08-18 20:48:18,excluded,,,,
domain:lb.phpadmin.git.1sy.top,domain,lb.phpadmin.git.1sy.top,3,2026-08-18 20:48:18,excluded,,,,
domain:kibana.phpadmin.git.1sy.top,domain,kibana.phpadmin.git.1sy.top,3,2026-08-18 20:48:18,excluded,,,,
domain:ns1.phpadmin.git.1sy.top,domain,ns1.phpadmin.git.1sy.top,3,2026-08-18 20:48:18,excluded,,,,
domain:music.phpadmin.git.1sy.top,domain,music.phpadmin.git.1sy.top,3,2026-08-18 20:48:18,excluded,,,,
domain:gw.phpadmin.git.1sy.top,domain,gw.phpadmin.git.1sy.top,3,2026-08-18 20:48:18,excluded,,,,
domain:message.phpadmin.git.1sy.top,domain,message.phpadmin.git.1sy.top,3,2026-08-18 20:48:18,excluded,,,,
domain:radio.phpadmin.git.1sy.top,domain,radio.phpadmin.git.1sy.top,3,2026-08-18 20:48:18,excluded,,,,
domain:bbs.phpadmin.git.1sy.top,domain,bbs.phpadmin.git.1sy.top,3,2026-08-18 20:48:18,excluded,,,,
domain:phpadmin.phpadmin.git.1sy.top,domain,phpadmin.phpadmin.git.1sy.top,3,2026-08-18 20:48:18,excluded,,,,
domain:comic.phpadmin.git.1sy.top,domain,comic.phpadmin.git.1sy.top,3,2026-08-18 20:48:18,excluded,,,,
domain:store.phpadmin.git.1sy.top,domain,store.phpadmin.git.1sy.top,3,2026-08-18 20:48:18,excluded,,,,
domain:video.phpadmin.git.1sy.top,domain,video.phpadmin.git.1sy.top,3,2026-08-18 20:48:18,excluded,,,,
domain:sess.phpadmin.git.1sy.top,domain,sess.phpadmin.git.1sy.top,3,2026-08-18 20:48:18,excluded,,,,
domain:imap.phpadmin.git.1sy.top,domain,imap.phpadmin.git.1sy.top,3,2026-08-18 20:48:18,excluded,,,,
domain:api.phpadmin.git.1sy.top,domain,api.phpadmin.git.1sy.top,3,2026-08-18 20:48:18,excluded,,,,
domain:weixin.phpadmin.git.1sy.top,domain,weixin.phpadmin.git.1sy.top,3,2026-08-18 20:48:18,excluded,,,,
domain:websocket.phpadmin.git.1sy.top,domain,websocket.phpadmin.git.1sy.top,3,2026-08-18 20:48:18,excluded,,,,
domain:pre.phpadmin.git.1sy.top,domain,pre.phpadmin.git.1sy.top,3,2026-08-18 20:48:18,excluded,,,,
domain:images.phpadmin.git.1sy.top,domain,images.phpadmin.git.1sy.top,3,2026-08-18 20:48:18,excluded,,,,
domain:static3.phpadmin.git.1sy.top,domain,static3.phpadmin.git.1sy.top,3,2026-08-18 20:48:18,excluded,,,,
domain:db.phpadmin.git.1sy.top,domain,db.phpadmin.git.1sy.top,3,2026-08-18 20:48:18,excluded,,,,
domain:prometheus.phpadmin.git.1sy.top,domain,prometheus.phpadmin.git.1sy.top,3,2026-08-18 20:48:18,excluded,,,,
domain:ftp.phpadmin.git.1sy.top,domain,ftp.phpadmin.git.1sy.top,3,2026-08-18 20:48:18,excluded,,,,
domain:administrator.phpadmin.git.1sy.top,domain,administrator.phpadmin.git.1sy.top,3,2026-08-18 20:48:18,excluded,,,,
domain:book.phpadmin.git.1sy.top,domain,book.phpadmin.git.1sy.top,3,2026-08-18 20:48:18,excluded,,,,
domain:uat.phpadmin.git.1sy.top,domain,uat.phpadmin.git.1sy.top,3,2026-08-18 20:48:18,excluded,,,,
domain:uploads.phpadmin.git.1sy.top,domain,uploads.phpadmin.git.1sy.top,3,2026-08-18 20:48:18,excluded,,,,
domain:gitlab.phpadmin.git.1sy.top,domain,gitlab.phpadmin.git.1sy.top,3,2026-08-18 20:48:18,excluded,,,,
domain:wechat2.phpadmin.git.1sy.top,domain,wechat2.phpadmin.git.1sy.top,3,2026-08-18 20:48:18,excluded,,,,
domain:api-staging.phpadmin.git.1sy.top,domain,api-staging.phpadmin.git.1sy.top,3,2026-08-18 20:48:18,excluded,,,,
domain:storage.phpadmin.git.1sy.top,domain,storage.phpadmin.git.1sy.top,3,2026-08-18 20:48:18,excluded,,,,
domain:internal.phpadmin.git.1sy.top,domain,internal.phpadmin.git.1sy.top,3,2026-08-18 20:48:18,excluded,,,,
domain:zabbix.phpadmin.git.1sy.top,domain,zabbix.phpadmin.git.1sy.top,3,2026-08-18 20:48:18,excluded,,,,
domain:order.phpadmin.git.1sy.top,domain,order.phpadmin.git.1sy.top,3,2026-08-18 20:48:18,excluded,,,,
domain:docs.phpadmin.git.1sy.top,domain,docs.phpadmin.git.1sy.top,3,2026-08-18 20:48:18,excluded,,,,
domain:grafana.phpadmin.git.1sy.top,domain,grafana.phpadmin.git.1sy.top,3,2026-08-18 20:48:18,excluded,,,,
domain:sms.phpadmin.git.1sy.top,domain,sms.phpadmin.git.1sy.top,3,2026-08-18 20:48:18,excluded,,,,
domain:www.phpadmin.git.1sy.top,domain,www.phpadmin.git.1sy.top,3,2026-08-18 20:48:18,excluded,,,,
domain:development.phpadmin.git.1sy.top,domain,development.phpadmin.git.1sy.top,3,2026-08-18 20:48:18,excluded,,,,
domain:m.phpadmin.git.1sy.top,domain,m.phpadmin.git.1sy.top,3,2026-08-18 20:48:18,excluded,,,,
domain:monitor.phpadmin.git.1sy.top,domain,monitor.phpadmin.git.1sy.top,3,2026-08-18 20:48:18,excluded,,,,
domain:mx.phpadmin.git.1sy.top,domain,mx.phpadmin.git.1sy.top,3,2026-08-18 20:48:18,excluded,,,,
domain:vpn.phpadmin.git.1sy.top,domain,vpn.phpadmin.git.1sy.top,3,2026-08-18 20:48:18,excluded,,,,
domain:data.phpadmin.git.1sy.top,domain,data.phpadmin.git.1sy.top,3,2026-08-18 20:48:18,excluded,,,,
domain:magazine.phpadmin.git.1sy.top,domain,magazine.phpadmin.git.1sy.top,3,2026-08-18 20:48:18,excluded,,,,
domain:staging.phpadmin.git.1sy.top,domain,staging.phpadmin.git.1sy.top,3,2026-08-18 20:48:18,excluded,,,,
domain:market.phpadmin.git.1sy.top,domain,market.phpadmin.git.1sy.top,3,2026-08-18 20:48:18,excluded,,,,
domain:wap.phpadmin.git.1sy.top,domain,wap.phpadmin.git.1sy.top,3,2026-08-18 20:48:18,excluded,,,,
domain:intranet.phpadmin.git.1sy.top,domain,intranet.phpadmin.git.1sy.top,3,2026-08-18 20:48:18,excluded,,,,
domain:cos.phpadmin.git.1sy.top,domain,cos.phpadmin.git.1sy.top,3,2026-08-18 20:48:18,excluded,,,,
domain:wx.phpadmin.git.1sy.top,domain,wx.phpadmin.git.1sy.top,3,2026-08-18 20:48:18,excluded,,,,
domain:socket.phpadmin.git.1sy.top,domain,socket.phpadmin.git.1sy.top,3,2026-08-18 20:48:18,excluded,,,,
domain:jenkins.phpadmin.git.1sy.top,domain,jenkins.phpadmin.git.1sy.top,3,2026-08-18 20:48:18,excluded,,,,
domain:git.phpadmin.git.1sy.top,domain,git.phpadmin.git.1sy.top,3,2026-08-18 20:48:18,excluded,,,,
domain:web.phpadmin.git.1sy.top,domain,web.phpadmin.git.1sy.top,3,2026-08-18 20:48:18,excluded,,,,
domain:mysqladmin.phpadmin.git.1sy.top,domain,mysqladmin.phpadmin.git.1sy.top,3,2026-08-18 20:48:18,excluded,,,,
domain:img.phpadmin.git.1sy.top,domain,img.phpadmin.git.1sy.top,3,2026-08-18 20:48:18,excluded,,,,
domain:dev.phpadmin.git.1sy.top,domain,dev.phpadmin.git.1sy.top,3,2026-08-18 20:48:18,excluded,,,,
domain:dns.phpadmin.git.1sy.top,domain,dns.phpadmin.git.1sy.top,3,2026-08-18 20:48:18,excluded,,,,
domain:cached.phpadmin.git.1sy.top,domain,cached.phpadmin.git.1sy.top,3,2026-08-18 20:48:18,excluded,,,,
domain:cd.phpadmin.git.1sy.top,domain,cd.phpadmin.git.1sy.top,3,2026-08-18 20:48:18,excluded,,,,
domain:ns2.phpadmin.git.1sy.top,domain,ns2.phpadmin.git.1sy.top,3,2026-08-18 20:48:18,excluded,,,,
domain:tracking.phpadmin.git.1sy.top,domain,tracking.phpadmin.git.1sy.top,3,2026-08-18 20:48:18,excluded,,,,
domain:jobs.phpadmin.git.1sy.top,domain,jobs.phpadmin.git.1sy.top,3,2026-08-18 20:48:18,excluded,,,,
domain:wechat.phpadmin.git.1sy.top,domain,wechat.phpadmin.git.1sy.top,3,2026-08-18 20:48:18,excluded,,,,
domain:api-internal.phpadmin.git.1sy.top,domain,api-internal.phpadmin.git.1sy.top,3,2026-08-18 20:48:18,excluded,,,,
domain:kubernetes.phpadmin.git.1sy.top,domain,kubernetes.phpadmin.git.1sy.top,3,2026-08-18 20:48:18,excluded,,,,
domain:sso.phpadmin.git.1sy.top,domain,sso.phpadmin.git.1sy.top,3,2026-08-18 20:48:18,excluded,,,,
domain:staging2.phpadmin.git.1sy.top,domain,staging2.phpadmin.git.1sy.top,3,2026-08-18 20:48:18,excluded,,,,
domain:registry.phpadmin.git.1sy.top,domain,registry.phpadmin.git.1sy.top,3,2026-08-18 20:48:18,excluded,,,,
domain:oauth.phpadmin.git.1sy.top,domain,oauth.phpadmin.git.1sy.top,3,2026-08-18 20:48:18,excluded,,,,
domain:keycloak.phpadmin.git.1sy.top,domain,keycloak.phpadmin.git.1sy.top,3,2026-08-18 20:48:18,excluded,,,,
domain:graphql.phpadmin.git.1sy.top,domain,graphql.phpadmin.git.1sy.top,3,2026-08-18 20:48:18,excluded,,,,
domain:gateway.phpadmin.git.1sy.top,domain,gateway.phpadmin.git.1sy.top,3,2026-08-18 20:48:18,excluded,,,,
domain:mobile.phpadmin.git.1sy.top,domain,mobile.phpadmin.git.1sy.top,3,2026-08-18 20:48:18,excluded,,,,
domain:static2.phpadmin.git.1sy.top,domain,static2.phpadmin.git.1sy.top,3,2026-08-18 20:48:18,excluded,,,,
domain:webview.phpadmin.git.1sy.top,domain,webview.phpadmin.git.1sy.top,3,2026-08-18 20:48:18,excluded,,,,
domain:wap2.phpadmin.git.1sy.top,domain,wap2.phpadmin.git.1sy.top,3,2026-08-18 20:48:18,excluded,,,,
domain:mailchimp.phpadmin.git.1sy.top,domain,mailchimp.phpadmin.git.1sy.top,3,2026-08-18 20:48:18,excluded,,,,
domain:mobi.phpadmin.git.1sy.top,domain,mobi.phpadmin.git.1sy.top,3,2026-08-18 20:48:18,excluded,,,,
domain:story.phpadmin.git.1sy.top,domain,story.phpadmin.git.1sy.top,3,2026-08-18 20:48:18,excluded,,,,
domain:backup.phpadmin.git.1sy.top,domain,backup.phpadmin.git.1sy.top,3,2026-08-18 20:48:18,excluded,,,,
domain:ns3.phpadmin.git.1sy.top,domain,ns3.phpadmin.git.1sy.top,3,2026-08-18 20:48:18,excluded,,,,
domain:remote.phpadmin.git.1sy.top,domain,remote.phpadmin.git.1sy.top,3,2026-08-18 20:48:18,excluded,,,,
domain:miniapp.phpadmin.git.1sy.top,domain,miniapp.phpadmin.git.1sy.top,3,2026-08-18 20:48:18,excluded,,,,
domain:ssh.phpadmin.git.1sy.top,domain,ssh.phpadmin.git.1sy.top,3,2026-08-18 20:48:18,excluded,,,,
domain:games.phpadmin.git.1sy.top,domain,games.phpadmin.git.1sy.top,3,2026-08-18 20:48:18,excluded,,,,
domain:database.phpadmin.git.1sy.top,domain,database.phpadmin.git.1sy.top,3,2026-08-18 20:48:18,excluded,,,,
domain:homepage.phpadmin.git.1sy.top,domain,homepage.phpadmin.git.1sy.top,3,2026-08-18 20:48:18,excluded,,,,
domain:cms.phpadmin.git.1sy.top,domain,cms.phpadmin.git.1sy.top,3,2026-08-18 20:48:18,excluded,,,,
domain:es.phpadmin.git.1sy.top,domain,es.phpadmin.git.1sy.top,3,2026-08-18 20:48:18,excluded,,,,
domain:mx1.phpadmin.git.1sy.top,domain,mx1.phpadmin.git.1sy.top,3,2026-08-18 20:48:18,excluded,,,,
domain:ebook.phpadmin.git.1sy.top,domain,ebook.phpadmin.git.1sy.top,3,2026-08-18 20:48:18,excluded,,,,
domain:mx2.phpadmin.git.1sy.top,domain,mx2.phpadmin.git.1sy.top,3,2026-08-18 20:48:18,excluded,,,,
domain:im.phpadmin.git.1sy.top,domain,im.phpadmin.git.1sy.top,3,2026-08-18 20:48:18,excluded,,,,
domain:elastic.phpadmin.git.1sy.top,domain,elastic.phpadmin.git.1sy.top,3,2026-08-18 20:48:18,excluded,,,,
domain:dev2.phpadmin.git.1sy.top,domain,dev2.phpadmin.git.1sy.top,3,2026-08-18 20:48:18,excluded,,,,
domain:mail2.phpadmin.git.1sy.top,domain,mail2.phpadmin.git.1sy.top,3,2026-08-18 20:48:18,excluded,,,,
domain:order2.phpadmin.git.1sy.top,domain,order2.phpadmin.git.1sy.top,3,2026-08-18 20:48:18,excluded,,,,
domain:checkout.phpadmin.git.1sy.top,domain,checkout.phpadmin.git.1sy.top,3,2026-08-18 20:48:18,excluded,,,,
domain:health.phpadmin.git.1sy.top,domain,health.phpadmin.git.1sy.top,3,2026-08-18 20:48:18,excluded,,,,
domain:saml.phpadmin.git.1sy.top,domain,saml.phpadmin.git.1sy.top,3,2026-08-18 20:48:18,excluded,,,,
domain:mail1.phpadmin.git.1sy.top,domain,mail1.phpadmin.git.1sy.top,3,2026-08-18 20:48:18,excluded,,,,
domain:sale.phpadmin.git.1sy.top,domain,sale.phpadmin.git.1sy.top,3,2026-08-18 20:48:18,excluded,,,,
domain:alipay.phpadmin.git.1sy.top,domain,alipay.phpadmin.git.1sy.top,3,2026-08-18 20:48:18,excluded,,,,
domain:auth.phpadmin.git.1sy.top,domain,auth.phpadmin.git.1sy.top,3,2026-08-18 20:48:18,excluded,,,,
domain:hr.phpadmin.git.1sy.top,domain,hr.phpadmin.git.1sy.top,3,2026-08-18 20:48:18,excluded,,,,
domain:mail.phpadmin.git.1sy.top,domain,mail.phpadmin.git.1sy.top,3,2026-08-18 20:48:18,excluded,,,,
domain:production.phpadmin.git.1sy.top,domain,production.phpadmin.git.1sy.top,3,2026-08-18 20:48:18,excluded,,,,
domain:pgadmin.phpadmin.git.1sy.top,domain,pgadmin.phpadmin.git.1sy.top,3,2026-08-18 20:48:18,excluded,,,,
domain:metrics.phpadmin.git.1sy.top,domain,metrics.phpadmin.git.1sy.top,3,2026-08-18 20:48:18,excluded,,,,
domain:sites.phpadmin.git.1sy.top,domain,sites.phpadmin.git.1sy.top,3,2026-08-18 20:48:18,excluded,,,,
domain:cdn3.phpadmin.git.1sy.top,domain,cdn3.phpadmin.git.1sy.top,3,2026-08-18 20:48:18,excluded,,,,
domain:chat.phpadmin.git.1sy.top,domain,chat.phpadmin.git.1sy.top,3,2026-08-18 20:48:18,excluded,,,,
domain:pay2.phpadmin.git.1sy.top,domain,pay2.phpadmin.git.1sy.top,3,2026-08-18 20:48:19,excluded,,,,
domain:wiki.phpadmin.git.1sy.top,domain,wiki.phpadmin.git.1sy.top,3,2026-08-18 20:48:19,excluded,,,,
domain:product.phpadmin.git.1sy.top,domain,product.phpadmin.git.1sy.top,3,2026-08-18 20:48:19,excluded,,,,
domain:stage.phpadmin.git.1sy.top,domain,stage.phpadmin.git.1sy.top,3,2026-08-18 20:48:19,excluded,,,,
domain:article.phpadmin.git.1sy.top,domain,article.phpadmin.git.1sy.top,3,2026-08-18 20:48:19,excluded,,,,
domain:redis.phpadmin.git.1sy.top,domain,redis.phpadmin.git.1sy.top,3,2026-08-18 20:48:19,excluded,,,,
domain:logging.phpadmin.git.1sy.top,domain,logging.phpadmin.git.1sy.top,3,2026-08-18 20:48:19,excluded,,,,
domain:upload.phpadmin.git.1sy.top,domain,upload.phpadmin.git.1sy.top,3,2026-08-18 20:48:19,excluded,,,,
domain:newsletter.phpadmin.git.1sy.top,domain,newsletter.phpadmin.git.1sy.top,3,2026-08-18 20:48:19,excluded,,,,
domain:testing.phpadmin.git.1sy.top,domain,testing.phpadmin.git.1sy.top,3,2026-08-18 20:48:19,excluded,,,,
domain:cache.phpadmin.git.1sy.top,domain,cache.phpadmin.git.1sy.top,3,2026-08-18 20:48:19,excluded,,,,
domain:status.phpadmin.git.1sy.top,domain,status.phpadmin.git.1sy.top,3,2026-08-18 20:48:19,excluded,,,,
domain:doc.phpadmin.git.1sy.top,domain,doc.phpadmin.git.1sy.top,3,2026-08-18 20:48:19,excluded,,,,
domain:hrm.phpadmin.git.1sy.top,domain,hrm.phpadmin.git.1sy.top,3,2026-08-18 20:48:19,excluded,,,,
domain:mall.phpadmin.git.1sy.top,domain,mall.phpadmin.git.1sy.top,3,2026-08-18 20:48:19,excluded,,,,
domain:job.phpadmin.git.1sy.top,domain,job.phpadmin.git.1sy.top,3,2026-08-18 20:48:19,excluded,,,,
domain:tv.phpadmin.git.1sy.top,domain,tv.phpadmin.git.1sy.top,3,2026-08-18 20:48:19,excluded,,,,
domain:forum.phpadmin.git.1sy.top,domain,forum.phpadmin.git.1sy.top,3,2026-08-18 20:48:19,excluded,,,,
domain:rest.phpadmin.git.1sy.top,domain,rest.phpadmin.git.1sy.top,3,2026-08-18 20:48:19,excluded,,,,
domain:report.phpadmin.git.1sy.top,domain,report.phpadmin.git.1sy.top,3,2026-08-18 20:48:19,excluded,,,,
domain:wss.phpadmin.git.1sy.top,domain,wss.phpadmin.git.1sy.top,3,2026-08-18 20:48:19,excluded,,,,
domain:admin.phpadmin.git.1sy.top,domain,admin.phpadmin.git.1sy.top,3,2026-08-18 20:48:19,excluded,,,,
domain:portal.phpadmin.git.1sy.top,domain,portal.phpadmin.git.1sy.top,3,2026-08-18 20:48:19,excluded,,,,
domain:ldap.phpadmin.git.1sy.top,domain,ldap.phpadmin.git.1sy.top,3,2026-08-18 20:48:19,excluded,,,,
domain:bucket.phpadmin.git.1sy.top,domain,bucket.phpadmin.git.1sy.top,3,2026-08-18 20:48:19,excluded,,,,
domain:mini.phpadmin.git.1sy.top,domain,mini.phpadmin.git.1sy.top,3,2026-08-18 20:48:19,excluded,,,,
domain:site.phpadmin.git.1sy.top,domain,site.phpadmin.git.1sy.top,3,2026-08-18 20:48:19,excluded,,,,
domain:analytics.phpadmin.git.1sy.top,domain,analytics.phpadmin.git.1sy.top,3,2026-08-18 20:48:19,excluded,,,,
domain:home.phpadmin.git.1sy.top,domain,home.phpadmin.git.1sy.top,3,2026-08-18 20:48:19,excluded,,,,
domain:img3.phpadmin.git.1sy.top,domain,img3.phpadmin.git.1sy.top,3,2026-08-18 20:48:19,excluded,,,,
domain:books.phpadmin.git.1sy.top,domain,books.phpadmin.git.1sy.top,3,2026-08-18 20:48:19,excluded,,,,
domain:documents.phpadmin.git.1sy.top,domain,documents.phpadmin.git.1sy.top,3,2026-08-18 20:48:19,excluded,,,,
domain:pop3.phpadmin.git.1sy.top,domain,pop3.phpadmin.git.1sy.top,3,2026-08-18 20:48:19,excluded,,,,
domain:blog.phpadmin.git.1sy.top,domain,blog.phpadmin.git.1sy.top,3,2026-08-18 20:48:19,excluded,,,,
domain:github.phpadmin.git.1sy.top,domain,github.phpadmin.git.1sy.top,3,2026-08-18 20:48:19,excluded,,,,
domain:log.phpadmin.git.1sy.top,domain,log.phpadmin.git.1sy.top,3,2026-08-18 20:48:19,excluded,,,,
domain:build.phpadmin.git.1sy.top,domain,build.phpadmin.git.1sy.top,3,2026-08-18 20:48:19,excluded,,,,
domain:pay.phpadmin.git.1sy.top,domain,pay.phpadmin.git.1sy.top,3,2026-08-18 20:48:19,excluded,,,,
domain:openapi.phpadmin.git.1sy.top,domain,openapi.phpadmin.git.1sy.top,3,2026-08-18 20:48:19,excluded,,,,
domain:m2.phpadmin.git.1sy.top,domain,m2.phpadmin.git.1sy.top,3,2026-08-18 20:48:19,excluded,,,,
domain:monitoring.phpadmin.git.1sy.top,domain,monitoring.phpadmin.git.1sy.top,3,2026-08-18 20:48:19,excluded,,,,
domain:h5.phpadmin.git.1sy.top,domain,h5.phpadmin.git.1sy.top,3,2026-08-18 20:48:19,excluded,,,,
domain:push.phpadmin.git.1sy.top,domain,push.phpadmin.git.1sy.top,3,2026-08-18 20:48:19,excluded,,,,
domain:faq.phpadmin.git.1sy.top,domain,faq.phpadmin.git.1sy.top,3,2026-08-18 20:48:19,excluded,,,,
domain:nlb.phpadmin.git.1sy.top,domain,nlb.phpadmin.git.1sy.top,3,2026-08-18 20:48:19,excluded,,,,
domain:ci.phpadmin.git.1sy.top,domain,ci.phpadmin.git.1sy.top,3,2026-08-18 20:48:19,excluded,,,,
domain:radius.phpadmin.git.1sy.top,domain,radius.phpadmin.git.1sy.top,3,2026-08-18 20:48:19,excluded,,,,
domain:stats.phpadmin.git.1sy.top,domain,stats.phpadmin.git.1sy.top,3,2026-08-18 20:48:19,excluded,,,,
domain:api-gateway.phpadmin.git.1sy.top,domain,api-gateway.phpadmin.git.1sy.top,3,2026-08-18 20:48:19,excluded,,,,
domain:prod.phpadmin.git.1sy.top,domain,prod.phpadmin.git.1sy.top,3,2026-08-18 20:48:19,excluded,,,,
domain:file.phpadmin.git.1sy.top,domain,file.phpadmin.git.1sy.top,3,2026-08-18 20:48:19,excluded,,,,
domain:ws.phpadmin.git.1sy.top,domain,ws.phpadmin.git.1sy.top,3,2026-08-18 20:48:19,excluded,,,,
domain:canary.phpadmin.git.1sy.top,domain,canary.phpadmin.git.1sy.top,3,2026-08-18 20:48:19,excluded,,,,
domain:grpc.phpadmin.git.1sy.top,domain,grpc.phpadmin.git.1sy.top,3,2026-08-18 20:48:19,excluded,,,,
domain:files.phpadmin.git.1sy.top,domain,files.phpadmin.git.1sy.top,3,2026-08-18 20:48:19,excluded,,,,
domain:recruit.phpadmin.git.1sy.top,domain,recruit.phpadmin.git.1sy.top,3,2026-08-18 20:48:19,excluded,,,,
domain:webapp.phpadmin.git.1sy.top,domain,webapp.phpadmin.git.1sy.top,3,2026-08-18 20:48:19,excluded,,,,
domain:contact.phpadmin.git.1sy.top,domain,contact.phpadmin.git.1sy.top,3,2026-08-18 20:48:19,excluded,,,,
domain:cdn2.phpadmin.git.1sy.top,domain,cdn2.phpadmin.git.1sy.top,3,2026-08-18 20:48:19,excluded,,,,
domain:cart.phpadmin.git.1sy.top,domain,cart.phpadmin.git.1sy.top,3,2026-08-18 20:48:19,excluded,,,,
domain:manage.phpadmin.git.1sy.top,domain,manage.phpadmin.git.1sy.top,3,2026-08-18 20:48:19,excluded,,,,
domain:api-dev.phpadmin.git.1sy.top,domain,api-dev.phpadmin.git.1sy.top,3,2026-08-18 20:48:19,excluded,,,,
domain:oa.phpadmin.git.1sy.top,domain,oa.phpadmin.git.1sy.top,3,2026-08-18 20:48:19,excluded,,,,
domain:paper.phpadmin.git.1sy.top,domain,paper.phpadmin.git.1sy.top,3,2026-08-18 20:48:19,excluded,,,,
domain:products.phpadmin.git.1sy.top,domain,products.phpadmin.git.1sy.top,3,2026-08-18 20:48:19,excluded,,,,
domain:help.phpadmin.git.1sy.top,domain,help.phpadmin.git.1sy.top,3,2026-08-18 20:48:19,excluded,,,,
domain:beta.phpadmin.git.1sy.top,domain,beta.phpadmin.git.1sy.top,3,2026-08-18 20:48:19,excluded,,,,
domain:oss.phpadmin.git.1sy.top,domain,oss.phpadmin.git.1sy.top,3,2026-08-18 20:48:19,excluded,,,,
domain:shop.phpadmin.git.1sy.top,domain,shop.phpadmin.git.1sy.top,3,2026-08-18 20:48:19,excluded,,,,
domain:android.phpadmin.git.1sy.top,domain,android.phpadmin.git.1sy.top,3,2026-08-18 20:48:19,excluded,,,,
domain:services.phpadmin.git.1sy.top,domain,services.phpadmin.git.1sy.top,3,2026-08-18 20:48:19,excluded,,,,
domain:demo.phpadmin.git.1sy.top,domain,demo.phpadmin.git.1sy.top,3,2026-08-18 20:48:19,excluded,,,,
domain:novel.phpadmin.git.1sy.top,domain,novel.phpadmin.git.1sy.top,3,2026-08-18 20:48:19,excluded,,,,
domain:documentation.phpadmin.git.1sy.top,domain,documentation.phpadmin.git.1sy.top,3,2026-08-18 20:48:19,excluded,,,,
domain:phpmyadmin.phpadmin.git.1sy.top,domain,phpmyadmin.phpadmin.git.1sy.top,3,2026-08-18 20:48:19,excluded,,,,
domain:svn.phpadmin.git.1sy.top,domain,svn.phpadmin.git.1sy.top,3,2026-08-18 20:48:19,excluded,,,,
domain:pop.phpadmin.git.1sy.top,domain,pop.phpadmin.git.1sy.top,3,2026-08-18 20:48:19,excluded,,,,
domain:community.phpadmin.git.1sy.top,domain,community.phpadmin.git.1sy.top,3,2026-08-18 20:48:19,excluded,,,,
domain:live.phpadmin.git.1sy.top,domain,live.phpadmin.git.1sy.top,3,2026-08-18 20:48:19,excluded,,,,
domain:smtp.phpadmin.git.1sy.top,domain,smtp.phpadmin.git.1sy.top,3,2026-08-18 20:48:19,excluded,,,,
domain:library.phpadmin.git.1sy.top,domain,library.phpadmin.git.1sy.top,3,2026-08-18 20:48:19,excluded,,,,
domain:console.phpadmin.git.1sy.top,domain,console.phpadmin.git.1sy.top,3,2026-08-18 20:48:19,excluded,,,,
domain:sftp.phpadmin.git.1sy.top,domain,sftp.phpadmin.git.1sy.top,3,2026-08-18 20:48:19,excluded,,,,
domain:preprod.phpadmin.git.1sy.top,domain,preprod.phpadmin.git.1sy.top,3,2026-08-18 20:48:19,excluded,,,,
domain:api-test.phpadmin.git.1sy.top,domain,api-test.phpadmin.git.1sy.top,3,2026-08-18 20:48:19,excluded,,,,
domain:export.phpadmin.git.1sy.top,domain,export.phpadmin.git.1sy.top,3,2026-08-18 20:48:19,excluded,,,,
domain:public.phpadmin.git.1sy.top,domain,public.phpadmin.git.1sy.top,3,2026-08-18 20:48:19,excluded,,,,
domain:tmp.phpadmin.git.1sy.top,domain,tmp.phpadmin.git.1sy.top,3,2026-08-18 20:48:19,excluded,,,,
domain:sso2.phpadmin.git.1sy.top,domain,sso2.phpadmin.git.1sy.top,3,2026-08-18 20:48:19,excluded,,,,
domain:bak.phpadmin.git.1sy.top,domain,bak.phpadmin.git.1sy.top,3,2026-08-18 20:48:19,excluded,,,,
domain:api-gw.phpadmin.git.1sy.top,domain,api-gw.phpadmin.git.1sy.top,3,2026-08-18 20:48:19,excluded,,,,
domain:apis.phpadmin.git.1sy.top,domain,apis.phpadmin.git.1sy.top,3,2026-08-18 20:48:19,excluded,,,,
domain:news.phpadmin.git.1sy.top,domain,news.phpadmin.git.1sy.top,3,2026-08-18 20:48:19,excluded,,,,
domain:temp.phpadmin.git.1sy.top,domain,temp.phpadmin.git.1sy.top,3,2026-08-18 20:48:19,excluded,,,,
domain:ios.phpadmin.git.1sy.top,domain,ios.phpadmin.git.1sy.top,3,2026-08-18 20:48:19,excluded,,,,
domain:pub.phpadmin.git.1sy.top,domain,pub.phpadmin.git.1sy.top,3,2026-08-18 20:48:20,excluded,,,,
domain:open.phpadmin.git.1sy.top,domain,open.phpadmin.git.1sy.top,3,2026-08-18 20:48:20,excluded,,,,
domain:unionpay.phpadmin.git.1sy.top,domain,unionpay.phpadmin.git.1sy.top,3,2026-08-18 20:48:20,excluded,,,,
domain:test.phpadmin.git.1sy.top,domain,test.phpadmin.git.1sy.top,3,2026-08-18 20:48:20,excluded,,,,
url:http://faq.git.1sy.top/,url,http://faq.git.1sy.top/,3,2026-08-18 20:48:33,eliminated,,,,
url:https://faq.git.1sy.top/,url,https://faq.git.1sy.top/,3,2026-08-18 20:48:33,eliminated,,,,
domain:ci.bak.git.1sy.top,domain,ci.bak.git.1sy.top,3,2026-08-18 20:48:29,excluded,,,,
domain:kibana.bak.git.1sy.top,domain,kibana.bak.git.1sy.top,3,2026-08-18 20:48:29,excluded,,,,
domain:apps.bak.git.1sy.top,domain,apps.bak.git.1sy.top,3,2026-08-18 20:48:29,excluded,,,,
domain:mx.bak.git.1sy.top,domain,mx.bak.git.1sy.top,3,2026-08-18 20:48:29,excluded,,,,
domain:book.bak.git.1sy.top,domain,book.bak.git.1sy.top,3,2026-08-18 20:48:29,excluded,,,,
domain:pay.bak.git.1sy.top,domain,pay.bak.git.1sy.top,3,2026-08-18 20:48:29,excluded,,,,
domain:buy.bak.git.1sy.top,domain,buy.bak.git.1sy.top,3,2026-08-18 20:48:29,excluded,,,,
domain:newsletter.bak.git.1sy.top,domain,newsletter.bak.git.1sy.top,3,2026-08-18 20:48:29,excluded,,,,
domain:pub.bak.git.1sy.top,domain,pub.bak.git.1sy.top,3,2026-08-18 20:48:29,excluded,,,,
domain:story.bak.git.1sy.top,domain,story.bak.git.1sy.top,3,2026-08-18 20:48:29,excluded,,,,
domain:office.bak.git.1sy.top,domain,office.bak.git.1sy.top,3,2026-08-18 20:48:29,excluded,,,,
domain:oa.bak.git.1sy.top,domain,oa.bak.git.1sy.top,3,2026-08-18 20:48:29,excluded,,,,
domain:demo.bak.git.1sy.top,domain,demo.bak.git.1sy.top,3,2026-08-18 20:48:29,excluded,,,,
domain:docs.bak.git.1sy.top,domain,docs.bak.git.1sy.top,3,2026-08-18 20:48:29,excluded,,,,
domain:graphql.bak.git.1sy.top,domain,graphql.bak.git.1sy.top,3,2026-08-18 20:48:29,excluded,,,,
domain:database.bak.git.1sy.top,domain,database.bak.git.1sy.top,3,2026-08-18 20:48:29,excluded,,,,
domain:push.bak.git.1sy.top,domain,push.bak.git.1sy.top,3,2026-08-18 20:48:29,excluded,,,,
domain:openapi.bak.git.1sy.top,domain,openapi.bak.git.1sy.top,3,2026-08-18 20:48:29,excluded,,,,
domain:vpn.bak.git.1sy.top,domain,vpn.bak.git.1sy.top,3,2026-08-18 20:48:29,excluded,,,,
domain:mx2.bak.git.1sy.top,domain,mx2.bak.git.1sy.top,3,2026-08-18 20:48:29,excluded,,,,
domain:web.bak.git.1sy.top,domain,web.bak.git.1sy.top,3,2026-08-18 20:48:29,excluded,,,,
domain:ws.bak.git.1sy.top,domain,ws.bak.git.1sy.top,3,2026-08-18 20:48:29,excluded,,,,
domain:radio.bak.git.1sy.top,domain,radio.bak.git.1sy.top,3,2026-08-18 20:48:29,excluded,,,,
domain:intranet.bak.git.1sy.top,domain,intranet.bak.git.1sy.top,3,2026-08-18 20:48:29,excluded,,,,
domain:monitoring.bak.git.1sy.top,domain,monitoring.bak.git.1sy.top,3,2026-08-18 20:48:29,excluded,,,,
domain:storage.bak.git.1sy.top,domain,storage.bak.git.1sy.top,3,2026-08-18 20:48:29,excluded,,,,
domain:music.bak.git.1sy.top,domain,music.bak.git.1sy.top,3,2026-08-18 20:48:29,excluded,,,,
domain:bak.bak.git.1sy.top,domain,bak.bak.git.1sy.top,3,2026-08-18 20:48:29,excluded,,,,
domain:nlb.bak.git.1sy.top,domain,nlb.bak.git.1sy.top,3,2026-08-18 20:48:29,excluded,,,,
domain:sftp.bak.git.1sy.top,domain,sftp.bak.git.1sy.top,3,2026-08-18 20:48:29,excluded,,,,
domain:metrics.bak.git.1sy.top,domain,metrics.bak.git.1sy.top,3,2026-08-18 20:48:29,excluded,,,,
domain:redis.bak.git.1sy.top,domain,redis.bak.git.1sy.top,3,2026-08-18 20:48:29,excluded,,,,
domain:sess.bak.git.1sy.top,domain,sess.bak.git.1sy.top,3,2026-08-18 20:48:29,excluded,,,,
domain:mobi.bak.git.1sy.top,domain,mobi.bak.git.1sy.top,3,2026-08-18 20:48:29,excluded,,,,
domain:novel.bak.git.1sy.top,domain,novel.bak.git.1sy.top,3,2026-08-18 20:48:29,excluded,,,,
domain:administrator.bak.git.1sy.top,domain,administrator.bak.git.1sy.top,3,2026-08-18 20:48:29,excluded,,,,
domain:upload.bak.git.1sy.top,domain,upload.bak.git.1sy.top,3,2026-08-18 20:48:29,excluded,,,,
domain:gateway.bak.git.1sy.top,domain,gateway.bak.git.1sy.top,3,2026-08-18 20:48:29,excluded,,,,
domain:ns1.bak.git.1sy.top,domain,ns1.bak.git.1sy.top,3,2026-08-18 20:48:29,excluded,,,,
domain:bbs.bak.git.1sy.top,domain,bbs.bak.git.1sy.top,3,2026-08-18 20:48:29,excluded,,,,
domain:api-prod.bak.git.1sy.top,domain,api-prod.bak.git.1sy.top,3,2026-08-18 20:48:29,excluded,,,,
domain:hrm.bak.git.1sy.top,domain,hrm.bak.git.1sy.top,3,2026-08-18 20:48:29,excluded,,,,
domain:svn.bak.git.1sy.top,domain,svn.bak.git.1sy.top,3,2026-08-18 20:48:29,excluded,,,,
domain:logging.bak.git.1sy.top,domain,logging.bak.git.1sy.top,3,2026-08-18 20:48:29,excluded,,,,
domain:ebook.bak.git.1sy.top,domain,ebook.bak.git.1sy.top,3,2026-08-18 20:48:29,excluded,,,,
domain:api-gateway.bak.git.1sy.top,domain,api-gateway.bak.git.1sy.top,3,2026-08-18 20:48:29,excluded,,,,
domain:proxy.bak.git.1sy.top,domain,proxy.bak.git.1sy.top,3,2026-08-18 20:48:29,excluded,,,,
domain:products.bak.git.1sy.top,domain,products.bak.git.1sy.top,3,2026-08-18 20:48:29,excluded,,,,
domain:wap2.bak.git.1sy.top,domain,wap2.bak.git.1sy.top,3,2026-08-18 20:48:29,excluded,,,,
domain:login.bak.git.1sy.top,domain,login.bak.git.1sy.top,3,2026-08-18 20:48:29,excluded,,,,
domain:oss.bak.git.1sy.top,domain,oss.bak.git.1sy.top,3,2026-08-18 20:48:29,excluded,,,,
domain:dns.bak.git.1sy.top,domain,dns.bak.git.1sy.top,3,2026-08-18 20:48:29,excluded,,,,
domain:api.bak.git.1sy.top,domain,api.bak.git.1sy.top,3,2026-08-18 20:48:29,excluded,,,,
domain:admin.bak.git.1sy.top,domain,admin.bak.git.1sy.top,3,2026-08-18 20:48:29,excluded,,,,
domain:mail.bak.git.1sy.top,domain,mail.bak.git.1sy.top,3,2026-08-18 20:48:29,excluded,,,,
domain:media.bak.git.1sy.top,domain,media.bak.git.1sy.top,3,2026-08-18 20:48:29,excluded,,,,
domain:zabbix.bak.git.1sy.top,domain,zabbix.bak.git.1sy.top,3,2026-08-18 20:48:29,excluded,,,,
domain:lb.bak.git.1sy.top,domain,lb.bak.git.1sy.top,3,2026-08-18 20:48:29,excluded,,,,
domain:auth2.bak.git.1sy.top,domain,auth2.bak.git.1sy.top,3,2026-08-18 20:48:29,excluded,,,,
domain:hr.bak.git.1sy.top,domain,hr.bak.git.1sy.top,3,2026-08-18 20:48:29,excluded,,,,
domain:help.bak.git.1sy.top,domain,help.bak.git.1sy.top,3,2026-08-18 20:48:29,excluded,,,,
domain:service.bak.git.1sy.top,domain,service.bak.git.1sy.top,3,2026-08-18 20:48:29,excluded,,,,
domain:news.bak.git.1sy.top,domain,news.bak.git.1sy.top,3,2026-08-18 20:48:29,excluded,,,,
domain:file.bak.git.1sy.top,domain,file.bak.git.1sy.top,3,2026-08-18 20:48:29,excluded,,,,
domain:reader.bak.git.1sy.top,domain,reader.bak.git.1sy.top,3,2026-08-18 20:48:29,excluded,,,,
domain:video.bak.git.1sy.top,domain,video.bak.git.1sy.top,3,2026-08-18 20:48:29,excluded,,,,
domain:cas.bak.git.1sy.top,domain,cas.bak.git.1sy.top,3,2026-08-18 20:48:29,excluded,,,,
domain:documentation.bak.git.1sy.top,domain,documentation.bak.git.1sy.top,3,2026-08-18 20:48:29,excluded,,,,
domain:static.bak.git.1sy.top,domain,static.bak.git.1sy.top,3,2026-08-18 20:48:29,excluded,,,,
domain:test.bak.git.1sy.top,domain,test.bak.git.1sy.top,3,2026-08-18 20:48:29,excluded,,,,
domain:main.bak.git.1sy.top,domain,main.bak.git.1sy.top,3,2026-08-18 20:48:29,excluded,,,,
domain:community.bak.git.1sy.top,domain,community.bak.git.1sy.top,3,2026-08-18 20:48:29,excluded,,,,
domain:monitor.bak.git.1sy.top,domain,monitor.bak.git.1sy.top,3,2026-08-18 20:48:29,excluded,,,,
domain:wx.bak.git.1sy.top,domain,wx.bak.git.1sy.top,3,2026-08-18 20:48:29,excluded,,,,
domain:assets.bak.git.1sy.top,domain,assets.bak.git.1sy.top,3,2026-08-18 20:48:29,excluded,,,,
domain:webapp.bak.git.1sy.top,domain,webapp.bak.git.1sy.top,3,2026-08-18 20:48:29,excluded,,,,
domain:status.bak.git.1sy.top,domain,status.bak.git.1sy.top,3,2026-08-18 20:48:29,excluded,,,,
domain:app.bak.git.1sy.top,domain,app.bak.git.1sy.top,3,2026-08-18 20:48:29,excluded,,,,
domain:sms.bak.git.1sy.top,domain,sms.bak.git.1sy.top,3,2026-08-18 20:48:29,excluded,,,,
domain:elk.bak.git.1sy.top,domain,elk.bak.git.1sy.top,3,2026-08-18 20:48:29,excluded,,,,
domain:sso.bak.git.1sy.top,domain,sso.bak.git.1sy.top,3,2026-08-18 20:48:29,excluded,,,,
domain:preview.bak.git.1sy.top,domain,preview.bak.git.1sy.top,3,2026-08-18 20:48:29,excluded,,,,
domain:mx1.bak.git.1sy.top,domain,mx1.bak.git.1sy.top,3,2026-08-18 20:48:29,excluded,,,,
domain:development.bak.git.1sy.top,domain,development.bak.git.1sy.top,3,2026-08-18 20:48:29,excluded,,,,
domain:payment.bak.git.1sy.top,domain,payment.bak.git.1sy.top,3,2026-08-18 20:48:29,excluded,,,,
domain:mini.bak.git.1sy.top,domain,mini.bak.git.1sy.top,3,2026-08-18 20:48:29,excluded,,,,
domain:order.bak.git.1sy.top,domain,order.bak.git.1sy.top,3,2026-08-18 20:48:29,excluded,,,,
domain:stage.bak.git.1sy.top,domain,stage.bak.git.1sy.top,3,2026-08-18 20:48:29,excluded,,,,
domain:order2.bak.git.1sy.top,domain,order2.bak.git.1sy.top,3,2026-08-18 20:48:29,excluded,,,,
domain:www.bak.git.1sy.top,domain,www.bak.git.1sy.top,3,2026-08-18 20:48:29,excluded,,,,
domain:git.bak.git.1sy.top,domain,git.bak.git.1sy.top,3,2026-08-18 20:48:29,excluded,,,,
domain:testing.bak.git.1sy.top,domain,testing.bak.git.1sy.top,3,2026-08-18 20:48:29,excluded,,,,
domain:erp.bak.git.1sy.top,domain,erp.bak.git.1sy.top,3,2026-08-18 20:48:29,excluded,,,,
domain:books.bak.git.1sy.top,domain,books.bak.git.1sy.top,3,2026-08-18 20:48:29,excluded,,,,
domain:documents.bak.git.1sy.top,domain,documents.bak.git.1sy.top,3,2026-08-18 20:48:29,excluded,,,,
domain:blog.bak.git.1sy.top,domain,blog.bak.git.1sy.top,3,2026-08-18 20:48:29,excluded,,,,
domain:homepage.bak.git.1sy.top,domain,homepage.bak.git.1sy.top,3,2026-08-18 20:48:29,excluded,,,,
domain:console.bak.git.1sy.top,domain,console.bak.git.1sy.top,3,2026-08-18 20:48:29,excluded,,,,
domain:cos.bak.git.1sy.top,domain,cos.bak.git.1sy.top,3,2026-08-18 20:48:29,excluded,,,,
domain:mysqladmin.bak.git.1sy.top,domain,mysqladmin.bak.git.1sy.top,3,2026-08-18 20:48:29,excluded,,,,
domain:cdn2.bak.git.1sy.top,domain,cdn2.bak.git.1sy.top,3,2026-08-18 20:48:29,excluded,,,,
domain:mysql.bak.git.1sy.top,domain,mysql.bak.git.1sy.top,3,2026-08-18 20:48:29,excluded,,,,
domain:img2.bak.git.1sy.top,domain,img2.bak.git.1sy.top,3,2026-08-18 20:48:29,excluded,,,,
domain:pay2.bak.git.1sy.top,domain,pay2.bak.git.1sy.top,3,2026-08-18 20:48:29,excluded,,,,
domain:ios.bak.git.1sy.top,domain,ios.bak.git.1sy.top,3,2026-08-18 20:48:29,excluded,,,,
domain:m.bak.git.1sy.top,domain,m.bak.git.1sy.top,3,2026-08-18 20:48:29,excluded,,,,
domain:mail2.bak.git.1sy.top,domain,mail2.bak.git.1sy.top,3,2026-08-18 20:48:29,excluded,,,,
domain:im.bak.git.1sy.top,domain,im.bak.git.1sy.top,3,2026-08-18 20:48:29,excluded,,,,
domain:pop3.bak.git.1sy.top,domain,pop3.bak.git.1sy.top,3,2026-08-18 20:48:29,excluded,,,,
domain:ssh.bak.git.1sy.top,domain,ssh.bak.git.1sy.top,3,2026-08-18 20:48:29,excluded,,,,
domain:data.bak.git.1sy.top,domain,data.bak.git.1sy.top,3,2026-08-18 20:48:29,excluded,,,,
domain:sale.bak.git.1sy.top,domain,sale.bak.git.1sy.top,3,2026-08-18 20:48:29,excluded,,,,
domain:weixin.bak.git.1sy.top,domain,weixin.bak.git.1sy.top,3,2026-08-18 20:48:29,excluded,,,,
domain:health.bak.git.1sy.top,domain,health.bak.git.1sy.top,3,2026-08-18 20:48:29,excluded,,,,
domain:build.bak.git.1sy.top,domain,build.bak.git.1sy.top,3,2026-08-18 20:48:29,excluded,,,,
domain:socket.bak.git.1sy.top,domain,socket.bak.git.1sy.top,3,2026-08-18 20:48:29,excluded,,,,
domain:comic.bak.git.1sy.top,domain,comic.bak.git.1sy.top,3,2026-08-18 20:48:29,excluded,,,,
domain:shop.bak.git.1sy.top,domain,shop.bak.git.1sy.top,3,2026-08-18 20:48:29,excluded,,,,
domain:smtp.bak.git.1sy.top,domain,smtp.bak.git.1sy.top,3,2026-08-18 20:48:29,excluded,,,,
domain:apis.bak.git.1sy.top,domain,apis.bak.git.1sy.top,3,2026-08-18 20:48:29,excluded,,,,
domain:images.bak.git.1sy.top,domain,images.bak.git.1sy.top,3,2026-08-18 20:48:29,excluded,,,,
domain:elastic.bak.git.1sy.top,domain,elastic.bak.git.1sy.top,3,2026-08-18 20:48:29,excluded,,,,
domain:kubernetes.bak.git.1sy.top,domain,kubernetes.bak.git.1sy.top,3,2026-08-18 20:48:29,excluded,,,,
domain:support.bak.git.1sy.top,domain,support.bak.git.1sy.top,3,2026-08-18 20:48:29,excluded,,,,
url:http://chat.git.1sy.top/,url,http://chat.git.1sy.top/,3,2026-08-18 20:48:35,eliminated,,,,
url:https://chat.git.1sy.top/,url,https://chat.git.1sy.top/,3,2026-08-18 20:48:35,eliminated,,,,
url:http://radius.git.1sy.top/,url,http://radius.git.1sy.top/,3,2026-08-18 20:48:35,eliminated,,,,
url:https://radius.git.1sy.top/,url,https://radius.git.1sy.top/,3,2026-08-18 20:48:35,eliminated,,,,
url:http://demo.git.1sy.top/,url,http://demo.git.1sy.top/,3,2026-08-18 20:48:36,eliminated,,,,
url:https://demo.git.1sy.top/,url,https://demo.git.1sy.top/,3,2026-08-18 20:48:36,eliminated,,,,
url:http://phpadmin.git.1sy.top/,url,http://phpadmin.git.1sy.top/,3,2026-08-18 20:48:35,eliminated,,,,
url:https://phpadmin.git.1sy.top/,url,https://phpadmin.git.1sy.top/,3,2026-08-18 20:48:35,eliminated,,,,
url:http://gateway.git.1sy.top/,url,http://gateway.git.1sy.top/,3,2026-08-18 20:48:37,eliminated,,,,
url:https://gateway.git.1sy.top/,url,https://gateway.git.1sy.top/,3,2026-08-18 20:48:37,eliminated,,,,
url:http://alipay.git.1sy.top/,url,http://alipay.git.1sy.top/,3,2026-08-18 20:48:29,eliminated,,,,
url:https://alipay.git.1sy.top/,url,https://alipay.git.1sy.top/,3,2026-08-18 20:48:29,eliminated,,,,
url:http://story.git.1sy.top/,url,http://story.git.1sy.top/,3,2026-08-18 20:48:37,eliminated,,,,
url:https://story.git.1sy.top/,url,https://story.git.1sy.top/,3,2026-08-18 20:48:37,eliminated,,,,
url:http://tracking.git.1sy.top/,url,http://tracking.git.1sy.top/,3,2026-08-18 20:48:37,eliminated,,,,
url:https://tracking.git.1sy.top/,url,https://tracking.git.1sy.top/,3,2026-08-18 20:48:37,eliminated,,,,
ip:13.192.183.199,ip,13.192.183.199,3,2026-08-18 20:48:26,scanned,,,,
url:http://erp.git.1sy.top/,url,http://erp.git.1sy.top/,3,2026-08-18 20:48:38,eliminated,,,,
url:https://erp.git.1sy.top/,url,https://erp.git.1sy.top/,3,2026-08-18 20:48:38,eliminated,,,,
url:http://openapi.git.1sy.top/,url,http://openapi.git.1sy.top/,3,2026-08-18 20:48:38,eliminated,,,,
url:https://openapi.git.1sy.top/,url,https://openapi.git.1sy.top/,3,2026-08-18 20:48:38,eliminated,,,,
url:http://temp.git.1sy.top/,url,http://temp.git.1sy.top/,3,2026-08-18 20:48:38,eliminated,,,,
url:https://temp.git.1sy.top/,url,https://temp.git.1sy.top/,3,2026-08-18 20:48:38,eliminated,,,,
url:http://bak.git.1sy.top/,url,http://bak.git.1sy.top/,3,2026-08-18 20:48:36,eliminated,,,,
url:https://bak.git.1sy.top/,url,https://bak.git.1sy.top/,3,2026-08-18 20:48:36,eliminated,,,,
url:http://shop.git.1sy.top/,url,http://shop.git.1sy.top/,3,2026-08-18 20:48:41,eliminated,,,,
url:https://shop.git.1sy.top/,url,https://shop.git.1sy.top/,3,2026-08-18 20:48:41,eliminated,,,,
url:http://crm.git.1sy.top/,url,http://crm.git.1sy.top/,3,2026-08-18 20:48:54,eliminated,,,,
url:https://crm.git.1sy.top/,url,https://crm.git.1sy.top/,3,2026-08-18 20:48:54,eliminated,,,,
url:http://img.git.1sy.top/,url,http://img.git.1sy.top/,3,2026-08-18 20:48:56,eliminated,,,,
url:https://img.git.1sy.top/,url,https://img.git.1sy.top/,3,2026-08-18 20:48:56,eliminated,,,,
url:http://ebook.git.1sy.top/,url,http://ebook.git.1sy.top/,3,2026-08-18 20:48:56,eliminated,,,,
url:https://ebook.git.1sy.top/,url,https://ebook.git.1sy.top/,3,2026-08-18 20:48:56,eliminated,,,,
url:http://images.git.1sy.top/,url,http://images.git.1sy.top/,3,2026-08-18 20:49:11,eliminated,,,,
url:https://images.git.1sy.top/,url,https://images.git.1sy.top/,3,2026-08-18 20:49:11,eliminated,,,,
url:https://www.1sy.top/login.php,url,https://www.1sy.top/login.php,3,2026-08-18 20:49:15,eliminated,,,,
url:https://www.1sy.top/user/,url,https://www.1sy.top/user/,3,2026-08-18 20:49:42,scanned,无标题,,,nginx
url:http://www.1sy.top/login.php,url,http://www.1sy.top/login.php,3,2026-08-18 20:49:17,eliminated,,,,
port:13.159.144.37:22,port,13.159.144.37:22,3,2026-08-18 20:50:41,new,unknown,,,
port:13.159.144.37:80,port,13.159.144.37:80,3,2026-08-18 20:50:41,new,unknown,,,
url:http://13.159.144.37:80/,url,http://13.159.144.37:80/,3,2026-08-18 20:50:41,scanned,请访问域名,Email,Email,nginx
port:13.159.144.37:81,port,13.159.144.37:81,3,2026-08-18 20:50:41,new,unknown,,,
port:13.159.144.37:82,port,13.159.144.37:82,3,2026-08-18 20:50:41,new,unknown,,,
port:13.159.144.37:83,port,13.159.144.37:83,3,2026-08-18 20:50:41,new,unknown,,,
port:13.159.144.37:90,port,13.159.144.37:90,3,2026-08-18 20:50:41,new,unknown,,,
port:13.159.144.37:97,port,13.159.144.37:97,3,2026-08-18 20:50:41,new,unknown,,,
port:13.159.144.37:98,port,13.159.144.37:98,3,2026-08-18 20:50:41,new,unknown,,,
port:13.159.144.37:99,port,13.159.144.37:99,3,2026-08-18 20:50:41,new,unknown,,,
port:13.159.144.37:108,port,13.159.144.37:108,3,2026-08-18 20:50:41,new,unknown,,,
port:13.159.144.37:122,port,13.159.144.37:122,3,2026-08-18 20:50:41,new,unknown,,,
port:13.159.144.37:126,port,13.159.144.37:126,3,2026-08-18 20:50:41,new,unknown,,,
port:13.159.144.37:151,port,13.159.144.37:151,3,2026-08-18 20:50:41,new,unknown,,,
port:13.159.144.37:158,port,13.159.144.37:158,3,2026-08-18 20:50:41,new,unknown,,,
port:13.159.144.37:159,port,13.159.144.37:159,3,2026-08-18 20:50:41,new,unknown,,,
port:13.159.144.37:168,port,13.159.144.37:168,3,2026-08-18 20:50:41,new,unknown,,,
port:13.159.144.37:188,port,13.159.144.37:188,3,2026-08-18 20:50:41,new,unknown,,,
port:13.159.144.37:189,port,13.159.144.37:189,3,2026-08-18 20:50:41,new,unknown,,,
port:13.159.144.37:193,port,13.159.144.37:193,3,2026-08-18 20:50:41,new,unknown,,,
port:13.159.144.37:200,port,13.159.144.37:200,3,2026-08-18 20:50:41,new,unknown,,,
port:13.159.144.37:201,port,13.159.144.37:201,3,2026-08-18 20:50:41,new,unknown,,,
port:13.159.144.37:202,port,13.159.144.37:202,3,2026-08-18 20:50:41,new,unknown,,,
port:13.159.144.37:203,port,13.159.144.37:203,3,2026-08-18 20:50:41,new,unknown,,,
port:13.159.144.37:204,port,13.159.144.37:204,3,2026-08-18 20:50:41,new,unknown,,,
port:13.159.144.37:205,port,13.159.144.37:205,3,2026-08-18 20:50:41,new,unknown,,,
port:13.159.144.37:206,port,13.159.144.37:206,3,2026-08-18 20:50:41,new,unknown,,,
port:13.159.144.37:207,port,13.159.144.37:207,3,2026-08-18 20:50:41,new,unknown,,,
port:13.159.144.37:208,port,13.159.144.37:208,3,2026-08-18 20:50:41,new,unknown,,,
port:13.159.144.37:209,port,13.159.144.37:209,3,2026-08-18 20:50:41,new,unknown,,,
port:13.159.144.37:221,port,13.159.144.37:221,3,2026-08-18 20:50:41,new,unknown,,,
port:13.159.144.37:236,port,13.159.144.37:236,3,2026-08-18 20:50:41,new,unknown,,,
port:13.159.144.37:258,port,13.159.144.37:258,3,2026-08-18 20:50:41,new,unknown,,,
port:13.159.144.37:288,port,13.159.144.37:288,3,2026-08-18 20:50:41,new,unknown,,,
port:13.159.144.37:301,port,13.159.144.37:301,3,2026-08-18 20:50:41,new,unknown,,,
port:13.159.144.37:302,port,13.159.144.37:302,3,2026-08-18 20:50:41,new,unknown,,,
port:13.159.144.37:303,port,13.159.144.37:303,3,2026-08-18 20:50:41,new,unknown,,,
port:13.159.144.37:304,port,13.159.144.37:304,3,2026-08-18 20:50:41,new,unknown,,,
port:13.159.144.37:305,port,13.159.144.37:305,3,2026-08-18 20:50:41,new,unknown,,,
port:13.159.144.37:308,port,13.159.144.37:308,3,2026-08-18 20:50:41,new,unknown,,,
port:13.159.144.37:321,port,13.159.144.37:321,3,2026-08-18 20:50:41,new,unknown,,,
port:13.159.144.37:356,port,13.159.144.37:356,3,2026-08-18 20:50:41,new,unknown,,,
port:13.159.144.37:364,port,13.159.144.37:364,3,2026-08-18 20:50:41,new,unknown,,,
port:13.159.144.37:365,port,13.159.144.37:365,3,2026-08-18 20:50:41,new,unknown,,,
port:13.159.144.37:408,port,13.159.144.37:408,3,2026-08-18 20:50:41,new,unknown,,,
port:13.159.144.37:441,port,13.159.144.37:441,3,2026-08-18 20:50:41,new,unknown,,,
port:13.159.144.37:443,port,13.159.144.37:443,3,2026-08-18 20:50:41,new,unknown,,,
url:https://13.159.144.37:443/,url,https://13.159.144.37:443/,3,2026-08-18 20:50:41,scanned,请访问域名,,,
port:13.159.144.37:500,port,13.159.144.37:500,3,2026-08-18 20:50:41,new,unknown,,,
port:13.159.144.37:501,port,13.159.144.37:501,3,2026-08-18 20:50:41,new,unknown,,,
port:13.159.144.37:509,port,13.159.144.37:509,3,2026-08-18 20:50:41,new,unknown,,,
port:13.159.144.37:510,port,13.159.144.37:510,3,2026-08-18 20:50:41,new,unknown,,,
port:13.159.144.37:511,port,13.159.144.37:511,3,2026-08-18 20:50:41,new,unknown,,,
port:13.159.144.37:512,port,13.159.144.37:512,3,2026-08-18 20:50:41,new,unknown,,,
port:13.159.144.37:513,port,13.159.144.37:513,3,2026-08-18 20:50:41,new,unknown,,,
port:13.159.144.37:514,port,13.159.144.37:514,3,2026-08-18 20:50:41,new,unknown,,,
port:13.159.144.37:520,port,13.159.144.37:520,3,2026-08-18 20:50:41,new,unknown,,,
port:13.159.144.37:523,port,13.159.144.37:523,3,2026-08-18 20:50:41,new,unknown,,,
port:13.159.144.37:525,port,13.159.144.37:525,3,2026-08-18 20:50:41,new,unknown,,,
port:13.159.144.37:568,port,13.159.144.37:568,3,2026-08-18 20:50:41,new,unknown,,,
port:13.159.144.37:588,port,13.159.144.37:588,3,2026-08-18 20:50:41,new,unknown,,,
port:13.159.144.37:589,port,13.159.144.37:589,3,2026-08-18 20:50:41,new,unknown,,,
port:13.159.144.37:600,port,13.159.144.37:600,3,2026-08-18 20:50:41,new,unknown,,,
port:13.159.144.37:632,port,13.159.144.37:632,3,2026-08-18 20:50:41,new,unknown,,,
port:13.159.144.37:685,port,13.159.144.37:685,3,2026-08-18 20:50:41,new,unknown,,,
port:13.159.144.37:686,port,13.159.144.37:686,3,2026-08-18 20:50:41,new,unknown,,,
port:13.159.144.37:688,port,13.159.144.37:688,3,2026-08-18 20:50:41,new,unknown,,,
port:13.159.144.37:775,port,13.159.144.37:775,3,2026-08-18 20:50:41,new,unknown,,,
port:13.159.144.37:776,port,13.159.144.37:776,3,2026-08-18 20:50:41,new,unknown,,,
port:13.159.144.37:777,port,13.159.144.37:777,3,2026-08-18 20:50:41,new,unknown,,,
port:13.159.144.37:778,port,13.159.144.37:778,3,2026-08-18 20:50:41,new,unknown,,,
port:13.159.144.37:787,port,13.159.144.37:787,3,2026-08-18 20:50:41,new,unknown,,,
port:13.159.144.37:801,port,13.159.144.37:801,3,2026-08-18 20:50:41,new,unknown,,,
port:13.159.144.37:802,port,13.159.144.37:802,3,2026-08-18 20:50:41,new,unknown,,,
port:13.159.144.37:808,port,13.159.144.37:808,3,2026-08-18 20:50:41,new,unknown,,,
port:13.159.144.37:836,port,13.159.144.37:836,3,2026-08-18 20:50:41,new,unknown,,,
port:13.159.144.37:837,port,13.159.144.37:837,3,2026-08-18 20:50:41,new,unknown,,,
port:13.159.144.37:840,port,13.159.144.37:840,3,2026-08-18 20:50:41,new,unknown,,,
port:13.159.144.37:841,port,13.159.144.37:841,3,2026-08-18 20:50:41,new,unknown,,,
port:13.159.144.37:842,port,13.159.144.37:842,3,2026-08-18 20:50:41,new,unknown,,,
port:13.159.144.37:852,port,13.159.144.37:852,3,2026-08-18 20:50:41,new,unknown,,,
port:13.159.144.37:854,port,13.159.144.37:854,3,2026-08-18 20:50:41,new,unknown,,,
port:13.159.144.37:855,port,13.159.144.37:855,3,2026-08-18 20:50:41,new,unknown,,,
port:13.159.144.37:857,port,13.159.144.37:857,3,2026-08-18 20:50:41,new,unknown,,,
port:13.159.144.37:858,port,13.159.144.37:858,3,2026-08-18 20:50:41,new,unknown,,,
port:13.159.144.37:863,port,13.159.144.37:863,3,2026-08-18 20:50:41,new,unknown,,,
port:13.159.144.37:867,port,13.159.144.37:867,3,2026-08-18 20:50:41,new,unknown,,,
port:13.159.144.37:871,port,13.159.144.37:871,3,2026-08-18 20:50:41,new,unknown,,,
port:13.159.144.37:872,port,13.159.144.37:872,3,2026-08-18 20:50:41,new,unknown,,,
port:13.159.144.37:873,port,13.159.144.37:873,3,2026-08-18 20:50:41,new,unknown,,,
port:13.159.144.37:874,port,13.159.144.37:874,3,2026-08-18 20:50:41,new,unknown,,,
port:13.159.144.37:877,port,13.159.144.37:877,3,2026-08-18 20:50:41,new,unknown,,,
port:13.159.144.37:878,port,13.159.144.37:878,3,2026-08-18 20:50:41,new,unknown,,,
port:13.159.144.37:883,port,13.159.144.37:883,3,2026-08-18 20:50:41,new,unknown,,,
port:13.159.144.37:898,port,13.159.144.37:898,3,2026-08-18 20:50:41,new,unknown,,,
port:13.159.144.37:900,port,13.159.144.37:900,3,2026-08-18 20:50:41,new,unknown,,,
port:13.159.144.37:901,port,13.159.144.37:901,3,2026-08-18 20:50:41,new,unknown,,,
port:13.159.144.37:902,port,13.159.144.37:902,3,2026-08-18 20:50:41,new,unknown,,,
port:13.159.144.37:903,port,13.159.144.37:903,3,2026-08-18 20:50:41,new,unknown,,,
port:13.159.144.37:904,port,13.159.144.37:904,3,2026-08-18 20:50:41,new,unknown,,,
port:13.159.144.37:905,port,13.159.144.37:905,3,2026-08-18 20:50:41,new,unknown,,,
port:13.159.144.37:906,port,13.159.144.37:906,3,2026-08-18 20:50:41,new,unknown,,,
port:13.159.144.37:907,port,13.159.144.37:907,3,2026-08-18 20:50:41,new,unknown,,,
port:13.159.144.37:909,port,13.159.144.37:909,3,2026-08-18 20:50:41,new,unknown,,,
port:13.159.144.37:910,port,13.159.144.37:910,3,2026-08-18 20:50:41,new,unknown,,,
port:13.159.144.37:912,port,13.159.144.37:912,3,2026-08-18 20:50:41,new,unknown,,,
port:13.159.144.37:918,port,13.159.144.37:918,3,2026-08-18 20:50:41,new,unknown,,,
port:13.159.144.37:928,port,13.159.144.37:928,3,2026-08-18 20:50:41,new,unknown,,,
port:13.159.144.37:938,port,13.159.144.37:938,3,2026-08-18 20:50:41,new,unknown,,,
port:13.159.144.37:966,port,13.159.144.37:966,3,2026-08-18 20:50:41,new,unknown,,,
port:13.159.144.37:977,port,13.159.144.37:977,3,2026-08-18 20:50:41,new,unknown,,,
port:13.159.144.37:978,port,13.159.144.37:978,3,2026-08-18 20:50:41,new,unknown,,,
port:13.159.144.37:979,port,13.159.144.37:979,3,2026-08-18 20:50:41,new,unknown,,,
port:13.159.144.37:980,port,13.159.144.37:980,3,2026-08-18 20:50:41,new,unknown,,,
port:13.159.144.37:981,port,13.159.144.37:981,3,2026-08-18 20:50:41,new,unknown,,,
port:13.159.144.37:982,port,13.159.144.37:982,3,2026-08-18 20:50:41,new,unknown,,,
port:13.159.144.37:983,port,13.159.144.37:983,3,2026-08-18 20:50:41,new,unknown,,,
port:13.159.144.37:989,port,13.159.144.37:989,3,2026-08-18 20:50:41,new,unknown,,,
port:13.159.144.37:998,port,13.159.144.37:998,3,2026-08-18 20:50:41,new,unknown,,,
port:13.159.144.37:999,port,13.159.144.37:999,3,2026-08-18 20:50:41,new,unknown,,,
port:13.159.144.37:1001,port,13.159.144.37:1001,3,2026-08-18 20:50:41,new,unknown,,,
port:13.159.144.37:1002,port,13.159.144.37:1002,3,2026-08-18 20:50:41,new,unknown,,,
port:13.159.144.37:1003,port,13.159.144.37:1003,3,2026-08-18 20:50:41,new,unknown,,,
port:13.159.144.37:1004,port,13.159.144.37:1004,3,2026-08-18 20:50:41,new,unknown,,,
port:13.159.144.37:1005,port,13.159.144.37:1005,3,2026-08-18 20:50:41,new,unknown,,,
port:13.159.144.37:1006,port,13.159.144.37:1006,3,2026-08-18 20:50:41,new,unknown,,,
port:13.159.144.37:1007,port,13.159.144.37:1007,3,2026-08-18 20:50:41,new,unknown,,,
port:13.159.144.37:1008,port,13.159.144.37:1008,3,2026-08-18 20:50:41,new,unknown,,,
port:13.159.144.37:1009,port,13.159.144.37:1009,3,2026-08-18 20:50:41,new,unknown,,,
port:13.159.144.37:1010,port,13.159.144.37:1010,3,2026-08-18 20:50:41,new,unknown,,,
port:13.159.144.37:1011,port,13.159.144.37:1011,3,2026-08-18 20:50:41,new,unknown,,,
port:13.159.144.37:1012,port,13.159.144.37:1012,3,2026-08-18 20:50:41,new,unknown,,,
port:13.159.144.37:8011,port,13.159.144.37:8011,3,2026-08-18 20:50:41,new,unknown,,,
port:13.159.144.37:8018,port,13.159.144.37:8018,3,2026-08-18 20:50:41,new,unknown,,,
port:13.159.144.37:8048,port,13.159.144.37:8048,3,2026-08-18 20:50:41,new,unknown,,,
port:13.159.144.37:8061,port,13.159.144.37:8061,3,2026-08-18 20:50:41,new,unknown,,,
port:13.159.144.37:8080,port,13.159.144.37:8080,3,2026-08-18 20:50:41,new,unknown,,,
url:http://13.159.144.37:8080/,url,http://13.159.144.37:8080/,3,2026-08-18 20:50:41,scanned,请访问域名,Email,Email,nginx
port:13.159.144.37:8083,port,13.159.144.37:8083,3,2026-08-18 20:50:41,new,unknown,,,
port:13.159.144.37:8084,port,13.159.144.37:8084,3,2026-08-18 20:50:41,new,unknown,,,
port:13.159.144.37:8085,port,13.159.144.37:8085,3,2026-08-18 20:50:41,new,unknown,,,
port:13.159.144.37:8088,port,13.159.144.37:8088,3,2026-08-18 20:50:41,new,unknown,,,
port:13.159.144.37:8181,port,13.159.144.37:8181,3,2026-08-18 20:50:41,new,unknown,,,
port:13.159.144.37:8443,port,13.159.144.37:8443,3,2026-08-18 20:50:41,new,unknown,,,
url:https://13.159.144.37:8443/,url,https://13.159.144.37:8443/,3,2026-08-18 20:50:41,scanned,请访问域名,Email,Email,nginx
port:13.159.144.37:8888,port,13.159.144.37:8888,3,2026-08-18 20:50:41,new,unknown,,,
port:13.159.144.37:9015,port,13.159.144.37:9015,3,2026-08-18 20:50:41,new,unknown,,,
port:13.159.144.37:9081,port,13.159.144.37:9081,3,2026-08-18 20:50:41,new,unknown,,,
port:13.159.144.37:9095,port,13.159.144.37:9095,3,2026-08-18 20:50:41,new,unknown,,,
port:57.180.65.227:22,port,57.180.65.227:22,3,2026-08-18 20:50:43,new,unknown,,,
port:57.180.65.227:80,port,57.180.65.227:80,3,2026-08-18 20:50:43,new,unknown,,,
url:http://57.180.65.227:80/,url,http://57.180.65.227:80/,3,2026-08-18 20:50:43,scanned,请访问域名,,,
port:57.180.65.227:81,port,57.180.65.227:81,3,2026-08-18 20:50:43,new,unknown,,,
port:57.180.65.227:82,port,57.180.65.227:82,3,2026-08-18 20:50:43,new,unknown,,,
port:57.180.65.227:83,port,57.180.65.227:83,3,2026-08-18 20:50:43,new,unknown,,,
port:57.180.65.227:90,port,57.180.65.227:90,3,2026-08-18 20:50:43,new,unknown,,,
port:57.180.65.227:97,port,57.180.65.227:97,3,2026-08-18 20:50:43,new,unknown,,,
port:57.180.65.227:98,port,57.180.65.227:98,3,2026-08-18 20:50:43,new,unknown,,,
port:57.180.65.227:99,port,57.180.65.227:99,3,2026-08-18 20:50:43,new,unknown,,,
port:57.180.65.227:108,port,57.180.65.227:108,3,2026-08-18 20:50:43,new,unknown,,,
port:57.180.65.227:121,port,57.180.65.227:121,3,2026-08-18 20:50:43,new,unknown,,,
port:57.180.65.227:122,port,57.180.65.227:122,3,2026-08-18 20:50:43,new,unknown,,,
port:57.180.65.227:126,port,57.180.65.227:126,3,2026-08-18 20:50:43,new,unknown,,,
port:57.180.65.227:151,port,57.180.65.227:151,3,2026-08-18 20:50:43,new,unknown,,,
port:57.180.65.227:155,port,57.180.65.227:155,3,2026-08-18 20:50:43,new,unknown,,,
port:57.180.65.227:158,port,57.180.65.227:158,3,2026-08-18 20:50:43,new,unknown,,,
port:57.180.65.227:159,port,57.180.65.227:159,3,2026-08-18 20:50:43,new,unknown,,,
port:57.180.65.227:168,port,57.180.65.227:168,3,2026-08-18 20:50:43,new,unknown,,,
port:57.180.65.227:188,port,57.180.65.227:188,3,2026-08-18 20:50:43,new,unknown,,,
port:57.180.65.227:189,port,57.180.65.227:189,3,2026-08-18 20:50:43,new,unknown,,,
port:57.180.65.227:193,port,57.180.65.227:193,3,2026-08-18 20:50:43,new,unknown,,,
port:57.180.65.227:200,port,57.180.65.227:200,3,2026-08-18 20:50:43,new,unknown,,,
port:57.180.65.227:201,port,57.180.65.227:201,3,2026-08-18 20:50:43,new,unknown,,,
port:57.180.65.227:202,port,57.180.65.227:202,3,2026-08-18 20:50:43,new,unknown,,,
port:57.180.65.227:203,port,57.180.65.227:203,3,2026-08-18 20:50:43,new,unknown,,,
port:57.180.65.227:204,port,57.180.65.227:204,3,2026-08-18 20:50:43,new,unknown,,,
port:57.180.65.227:205,port,57.180.65.227:205,3,2026-08-18 20:50:43,new,unknown,,,
port:57.180.65.227:206,port,57.180.65.227:206,3,2026-08-18 20:50:43,new,unknown,,,
port:57.180.65.227:207,port,57.180.65.227:207,3,2026-08-18 20:50:43,new,unknown,,,
port:57.180.65.227:208,port,57.180.65.227:208,3,2026-08-18 20:50:43,new,unknown,,,
port:57.180.65.227:209,port,57.180.65.227:209,3,2026-08-18 20:50:43,new,unknown,,,
port:57.180.65.227:221,port,57.180.65.227:221,3,2026-08-18 20:50:43,new,unknown,,,
port:57.180.65.227:236,port,57.180.65.227:236,3,2026-08-18 20:50:43,new,unknown,,,
port:57.180.65.227:258,port,57.180.65.227:258,3,2026-08-18 20:50:43,new,unknown,,,
port:57.180.65.227:288,port,57.180.65.227:288,3,2026-08-18 20:50:43,new,unknown,,,
port:57.180.65.227:301,port,57.180.65.227:301,3,2026-08-18 20:50:43,new,unknown,,,
port:57.180.65.227:302,port,57.180.65.227:302,3,2026-08-18 20:50:43,new,unknown,,,
port:57.180.65.227:303,port,57.180.65.227:303,3,2026-08-18 20:50:43,new,unknown,,,
port:57.180.65.227:304,port,57.180.65.227:304,3,2026-08-18 20:50:43,new,unknown,,,
port:57.180.65.227:305,port,57.180.65.227:305,3,2026-08-18 20:50:43,new,unknown,,,
port:57.180.65.227:308,port,57.180.65.227:308,3,2026-08-18 20:50:43,new,unknown,,,
port:57.180.65.227:321,port,57.180.65.227:321,3,2026-08-18 20:50:43,new,unknown,,,
port:57.180.65.227:356,port,57.180.65.227:356,3,2026-08-18 20:50:43,new,unknown,,,
port:57.180.65.227:364,port,57.180.65.227:364,3,2026-08-18 20:50:43,new,unknown,,,
port:57.180.65.227:365,port,57.180.65.227:365,3,2026-08-18 20:50:43,new,unknown,,,
port:57.180.65.227:408,port,57.180.65.227:408,3,2026-08-18 20:50:43,new,unknown,,,
port:57.180.65.227:441,port,57.180.65.227:441,3,2026-08-18 20:50:43,new,unknown,,,
port:57.180.65.227:443,port,57.180.65.227:443,3,2026-08-18 20:50:43,new,unknown,,,
url:https://57.180.65.227:443/,url,https://57.180.65.227:443/,3,2026-08-18 20:50:43,scanned,请访问域名,Email,Email,nginx
port:57.180.65.227:500,port,57.180.65.227:500,3,2026-08-18 20:50:43,new,unknown,,,
port:57.180.65.227:501,port,57.180.65.227:501,3,2026-08-18 20:50:43,new,unknown,,,
port:57.180.65.227:502,port,57.180.65.227:502,3,2026-08-18 20:50:43,new,unknown,,,
port:57.180.65.227:509,port,57.180.65.227:509,3,2026-08-18 20:50:43,new,unknown,,,
port:57.180.65.227:510,port,57.180.65.227:510,3,2026-08-18 20:50:43,new,unknown,,,
port:57.180.65.227:511,port,57.180.65.227:511,3,2026-08-18 20:50:43,new,unknown,,,
port:57.180.65.227:512,port,57.180.65.227:512,3,2026-08-18 20:50:43,new,unknown,,,
port:57.180.65.227:513,port,57.180.65.227:513,3,2026-08-18 20:50:43,new,unknown,,,
port:57.180.65.227:514,port,57.180.65.227:514,3,2026-08-18 20:50:43,new,unknown,,,
port:57.180.65.227:523,port,57.180.65.227:523,3,2026-08-18 20:50:43,new,unknown,,,
port:57.180.65.227:525,port,57.180.65.227:525,3,2026-08-18 20:50:43,new,unknown,,,
port:57.180.65.227:568,port,57.180.65.227:568,3,2026-08-18 20:50:43,new,unknown,,,
port:57.180.65.227:588,port,57.180.65.227:588,3,2026-08-18 20:50:43,new,unknown,,,
port:57.180.65.227:589,port,57.180.65.227:589,3,2026-08-18 20:50:43,new,unknown,,,
port:57.180.65.227:600,port,57.180.65.227:600,3,2026-08-18 20:50:43,new,unknown,,,
port:57.180.65.227:632,port,57.180.65.227:632,3,2026-08-18 20:50:43,new,unknown,,,
port:57.180.65.227:663,port,57.180.65.227:663,3,2026-08-18 20:50:43,new,unknown,,,
port:57.180.65.227:685,port,57.180.65.227:685,3,2026-08-18 20:50:43,new,unknown,,,
port:57.180.65.227:686,port,57.180.65.227:686,3,2026-08-18 20:50:43,new,unknown,,,
port:57.180.65.227:688,port,57.180.65.227:688,3,2026-08-18 20:50:43,new,unknown,,,
port:57.180.65.227:775,port,57.180.65.227:775,3,2026-08-18 20:50:43,new,unknown,,,
port:57.180.65.227:776,port,57.180.65.227:776,3,2026-08-18 20:50:43,new,unknown,,,
port:57.180.65.227:777,port,57.180.65.227:777,3,2026-08-18 20:50:43,new,unknown,,,
port:57.180.65.227:778,port,57.180.65.227:778,3,2026-08-18 20:50:43,new,unknown,,,
port:57.180.65.227:787,port,57.180.65.227:787,3,2026-08-18 20:50:43,new,unknown,,,
port:57.180.65.227:801,port,57.180.65.227:801,3,2026-08-18 20:50:43,new,unknown,,,
port:57.180.65.227:802,port,57.180.65.227:802,3,2026-08-18 20:50:43,new,unknown,,,
port:57.180.65.227:808,port,57.180.65.227:808,3,2026-08-18 20:50:43,new,unknown,,,
port:57.180.65.227:836,port,57.180.65.227:836,3,2026-08-18 20:50:43,new,unknown,,,
port:57.180.65.227:837,port,57.180.65.227:837,3,2026-08-18 20:50:43,new,unknown,,,
port:57.180.65.227:840,port,57.180.65.227:840,3,2026-08-18 20:50:43,new,unknown,,,
port:57.180.65.227:841,port,57.180.65.227:841,3,2026-08-18 20:50:43,new,unknown,,,
port:57.180.65.227:842,port,57.180.65.227:842,3,2026-08-18 20:50:43,new,unknown,,,
port:57.180.65.227:852,port,57.180.65.227:852,3,2026-08-18 20:50:43,new,unknown,,,
port:57.180.65.227:854,port,57.180.65.227:854,3,2026-08-18 20:50:43,new,unknown,,,
port:57.180.65.227:855,port,57.180.65.227:855,3,2026-08-18 20:50:43,new,unknown,,,
port:57.180.65.227:857,port,57.180.65.227:857,3,2026-08-18 20:50:43,new,unknown,,,
port:57.180.65.227:858,port,57.180.65.227:858,3,2026-08-18 20:50:43,new,unknown,,,
port:57.180.65.227:863,port,57.180.65.227:863,3,2026-08-18 20:50:43,new,unknown,,,
port:57.180.65.227:867,port,57.180.65.227:867,3,2026-08-18 20:50:43,new,unknown,,,
port:57.180.65.227:872,port,57.180.65.227:872,3,2026-08-18 20:50:43,new,unknown,,,
port:57.180.65.227:873,port,57.180.65.227:873,3,2026-08-18 20:50:43,new,unknown,,,
port:57.180.65.227:874,port,57.180.65.227:874,3,2026-08-18 20:50:43,new,unknown,,,
port:57.180.65.227:877,port,57.180.65.227:877,3,2026-08-18 20:50:43,new,unknown,,,
port:57.180.65.227:878,port,57.180.65.227:878,3,2026-08-18 20:50:43,new,unknown,,,
port:57.180.65.227:883,port,57.180.65.227:883,3,2026-08-18 20:50:43,new,unknown,,,
port:57.180.65.227:900,port,57.180.65.227:900,3,2026-08-18 20:50:43,new,unknown,,,
port:57.180.65.227:901,port,57.180.65.227:901,3,2026-08-18 20:50:43,new,unknown,,,
port:57.180.65.227:902,port,57.180.65.227:902,3,2026-08-18 20:50:43,new,unknown,,,
port:57.180.65.227:903,port,57.180.65.227:903,3,2026-08-18 20:50:43,new,unknown,,,
port:57.180.65.227:904,port,57.180.65.227:904,3,2026-08-18 20:50:43,new,unknown,,,
port:57.180.65.227:905,port,57.180.65.227:905,3,2026-08-18 20:50:43,new,unknown,,,
port:57.180.65.227:906,port,57.180.65.227:906,3,2026-08-18 20:50:43,new,unknown,,,
port:57.180.65.227:907,port,57.180.65.227:907,3,2026-08-18 20:50:43,new,unknown,,,
port:57.180.65.227:909,port,57.180.65.227:909,3,2026-08-18 20:50:43,new,unknown,,,
port:57.180.65.227:912,port,57.180.65.227:912,3,2026-08-18 20:50:43,new,unknown,,,
port:57.180.65.227:918,port,57.180.65.227:918,3,2026-08-18 20:50:43,new,unknown,,,
port:57.180.65.227:928,port,57.180.65.227:928,3,2026-08-18 20:50:43,new,unknown,,,
port:57.180.65.227:938,port,57.180.65.227:938,3,2026-08-18 20:50:43,new,unknown,,,
port:57.180.65.227:966,port,57.180.65.227:966,3,2026-08-18 20:50:43,new,unknown,,,
port:57.180.65.227:977,port,57.180.65.227:977,3,2026-08-18 20:50:43,new,unknown,,,
port:57.180.65.227:978,port,57.180.65.227:978,3,2026-08-18 20:50:43,new,unknown,,,
port:57.180.65.227:979,port,57.180.65.227:979,3,2026-08-18 20:50:43,new,unknown,,,
port:57.180.65.227:980,port,57.180.65.227:980,3,2026-08-18 20:50:43,new,unknown,,,
port:57.180.65.227:981,port,57.180.65.227:981,3,2026-08-18 20:50:43,new,unknown,,,
port:57.180.65.227:982,port,57.180.65.227:982,3,2026-08-18 20:50:43,new,unknown,,,
port:57.180.65.227:1005,port,57.180.65.227:1005,3,2026-08-18 20:50:43,new,unknown,,,
port:57.180.65.227:8011,port,57.180.65.227:8011,3,2026-08-18 20:50:43,new,unknown,,,
port:57.180.65.227:8018,port,57.180.65.227:8018,3,2026-08-18 20:50:43,new,unknown,,,
port:57.180.65.227:8049,port,57.180.65.227:8049,3,2026-08-18 20:50:43,new,unknown,,,
port:57.180.65.227:8061,port,57.180.65.227:8061,3,2026-08-18 20:50:43,new,unknown,,,
port:57.180.65.227:8181,port,57.180.65.227:8181,3,2026-08-18 20:50:43,new,unknown,,,
port:57.180.65.227:8222,port,57.180.65.227:8222,3,2026-08-18 20:50:43,new,unknown,,,
port:57.180.65.227:9001,port,57.180.65.227:9001,3,2026-08-18 20:50:43,new,unknown,,,
port:57.180.65.227:9008,port,57.180.65.227:9008,3,2026-08-18 20:50:43,new,unknown,,,
port:57.180.65.227:9015,port,57.180.65.227:9015,3,2026-08-18 20:50:43,new,unknown,,,
port:57.180.65.227:9025,port,57.180.65.227:9025,3,2026-08-18 20:50:43,new,unknown,,,
port:57.180.65.227:9095,port,57.180.65.227:9095,3,2026-08-18 20:50:43,new,unknown,,,
port:3.112.202.171:22,port,3.112.202.171:22,3,2026-08-18 20:50:45,new,unknown,,,
port:3.112.202.171:80,port,3.112.202.171:80,3,2026-08-18 20:50:45,new,unknown,,,
url:http://3.112.202.171:80/,url,http://3.112.202.171:80/,3,2026-08-18 20:50:45,scanned,请访问域名,Email,Email,nginx
port:3.112.202.171:81,port,3.112.202.171:81,3,2026-08-18 20:50:45,new,unknown,,,
port:3.112.202.171:82,port,3.112.202.171:82,3,2026-08-18 20:50:45,new,unknown,,,
port:3.112.202.171:83,port,3.112.202.171:83,3,2026-08-18 20:50:45,new,unknown,,,
port:3.112.202.171:90,port,3.112.202.171:90,3,2026-08-18 20:50:45,new,unknown,,,
port:3.112.202.171:97,port,3.112.202.171:97,3,2026-08-18 20:50:45,new,unknown,,,
port:3.112.202.171:98,port,3.112.202.171:98,3,2026-08-18 20:50:45,new,unknown,,,
port:3.112.202.171:99,port,3.112.202.171:99,3,2026-08-18 20:50:45,new,unknown,,,
port:3.112.202.171:108,port,3.112.202.171:108,3,2026-08-18 20:50:45,new,unknown,,,
port:3.112.202.171:121,port,3.112.202.171:121,3,2026-08-18 20:50:45,new,unknown,,,
port:3.112.202.171:122,port,3.112.202.171:122,3,2026-08-18 20:50:45,new,unknown,,,
port:3.112.202.171:126,port,3.112.202.171:126,3,2026-08-18 20:50:45,new,unknown,,,
port:3.112.202.171:151,port,3.112.202.171:151,3,2026-08-18 20:50:45,new,unknown,,,
port:3.112.202.171:155,port,3.112.202.171:155,3,2026-08-18 20:50:45,new,unknown,,,
port:3.112.202.171:158,port,3.112.202.171:158,3,2026-08-18 20:50:45,new,unknown,,,
port:3.112.202.171:159,port,3.112.202.171:159,3,2026-08-18 20:50:45,new,unknown,,,
port:3.112.202.171:168,port,3.112.202.171:168,3,2026-08-18 20:50:45,new,unknown,,,
port:3.112.202.171:188,port,3.112.202.171:188,3,2026-08-18 20:50:45,new,unknown,,,
port:3.112.202.171:189,port,3.112.202.171:189,3,2026-08-18 20:50:45,new,unknown,,,
port:3.112.202.171:193,port,3.112.202.171:193,3,2026-08-18 20:50:45,new,unknown,,,
port:3.112.202.171:200,port,3.112.202.171:200,3,2026-08-18 20:50:45,new,unknown,,,
port:3.112.202.171:201,port,3.112.202.171:201,3,2026-08-18 20:50:45,new,unknown,,,
port:3.112.202.171:202,port,3.112.202.171:202,3,2026-08-18 20:50:45,new,unknown,,,
port:3.112.202.171:203,port,3.112.202.171:203,3,2026-08-18 20:50:45,new,unknown,,,
port:3.112.202.171:204,port,3.112.202.171:204,3,2026-08-18 20:50:45,new,unknown,,,
port:3.112.202.171:205,port,3.112.202.171:205,3,2026-08-18 20:50:45,new,unknown,,,
port:3.112.202.171:206,port,3.112.202.171:206,3,2026-08-18 20:50:45,new,unknown,,,
port:3.112.202.171:207,port,3.112.202.171:207,3,2026-08-18 20:50:45,new,unknown,,,
port:3.112.202.171:208,port,3.112.202.171:208,3,2026-08-18 20:50:45,new,unknown,,,
port:3.112.202.171:209,port,3.112.202.171:209,3,2026-08-18 20:50:45,new,unknown,,,
port:3.112.202.171:221,port,3.112.202.171:221,3,2026-08-18 20:50:45,new,unknown,,,
port:3.112.202.171:236,port,3.112.202.171:236,3,2026-08-18 20:50:45,new,unknown,,,
port:3.112.202.171:258,port,3.112.202.171:258,3,2026-08-18 20:50:45,new,unknown,,,
port:3.112.202.171:288,port,3.112.202.171:288,3,2026-08-18 20:50:45,new,unknown,,,
port:3.112.202.171:301,port,3.112.202.171:301,3,2026-08-18 20:50:45,new,unknown,,,
port:3.112.202.171:302,port,3.112.202.171:302,3,2026-08-18 20:50:45,new,unknown,,,
port:3.112.202.171:303,port,3.112.202.171:303,3,2026-08-18 20:50:45,new,unknown,,,
port:3.112.202.171:304,port,3.112.202.171:304,3,2026-08-18 20:50:45,new,unknown,,,
port:3.112.202.171:305,port,3.112.202.171:305,3,2026-08-18 20:50:45,new,unknown,,,
port:3.112.202.171:308,port,3.112.202.171:308,3,2026-08-18 20:50:45,new,unknown,,,
port:3.112.202.171:321,port,3.112.202.171:321,3,2026-08-18 20:50:45,new,unknown,,,
port:3.112.202.171:356,port,3.112.202.171:356,3,2026-08-18 20:50:45,new,unknown,,,
port:3.112.202.171:364,port,3.112.202.171:364,3,2026-08-18 20:50:45,new,unknown,,,
port:3.112.202.171:365,port,3.112.202.171:365,3,2026-08-18 20:50:45,new,unknown,,,
port:3.112.202.171:408,port,3.112.202.171:408,3,2026-08-18 20:50:45,new,unknown,,,
port:3.112.202.171:441,port,3.112.202.171:441,3,2026-08-18 20:50:45,new,unknown,,,
port:3.112.202.171:443,port,3.112.202.171:443,3,2026-08-18 20:50:45,new,unknown,,,
url:https://3.112.202.171:443/,url,https://3.112.202.171:443/,3,2026-08-18 20:50:45,scanned,请访问域名,Email,Email,nginx
port:3.112.202.171:500,port,3.112.202.171:500,3,2026-08-18 20:50:45,new,unknown,,,
port:3.112.202.171:501,port,3.112.202.171:501,3,2026-08-18 20:50:45,new,unknown,,,
port:3.112.202.171:502,port,3.112.202.171:502,3,2026-08-18 20:50:45,new,unknown,,,
port:3.112.202.171:509,port,3.112.202.171:509,3,2026-08-18 20:50:45,new,unknown,,,
port:3.112.202.171:510,port,3.112.202.171:510,3,2026-08-18 20:50:45,new,unknown,,,
port:3.112.202.171:511,port,3.112.202.171:511,3,2026-08-18 20:50:45,new,unknown,,,
port:3.112.202.171:512,port,3.112.202.171:512,3,2026-08-18 20:50:45,new,unknown,,,
port:3.112.202.171:513,port,3.112.202.171:513,3,2026-08-18 20:50:45,new,unknown,,,
port:3.112.202.171:514,port,3.112.202.171:514,3,2026-08-18 20:50:45,new,unknown,,,
port:3.112.202.171:520,port,3.112.202.171:520,3,2026-08-18 20:50:45,new,unknown,,,
port:3.112.202.171:523,port,3.112.202.171:523,3,2026-08-18 20:50:45,new,unknown,,,
port:3.112.202.171:525,port,3.112.202.171:525,3,2026-08-18 20:50:45,new,unknown,,,
port:3.112.202.171:568,port,3.112.202.171:568,3,2026-08-18 20:50:45,new,unknown,,,
port:3.112.202.171:588,port,3.112.202.171:588,3,2026-08-18 20:50:45,new,unknown,,,
port:3.112.202.171:589,port,3.112.202.171:589,3,2026-08-18 20:50:45,new,unknown,,,
port:3.112.202.171:600,port,3.112.202.171:600,3,2026-08-18 20:50:45,new,unknown,,,
port:3.112.202.171:632,port,3.112.202.171:632,3,2026-08-18 20:50:45,new,unknown,,,
port:3.112.202.171:685,port,3.112.202.171:685,3,2026-08-18 20:50:45,new,unknown,,,
port:3.112.202.171:801,port,3.112.202.171:801,3,2026-08-18 20:50:45,new,unknown,,,
port:3.112.202.171:802,port,3.112.202.171:802,3,2026-08-18 20:50:45,new,unknown,,,
port:3.112.202.171:808,port,3.112.202.171:808,3,2026-08-18 20:50:45,new,unknown,,,
port:3.112.202.171:837,port,3.112.202.171:837,3,2026-08-18 20:50:45,new,unknown,,,
port:3.112.202.171:840,port,3.112.202.171:840,3,2026-08-18 20:50:45,new,unknown,,,
port:3.112.202.171:841,port,3.112.202.171:841,3,2026-08-18 20:50:45,new,unknown,,,
port:3.112.202.171:898,port,3.112.202.171:898,3,2026-08-18 20:50:45,new,unknown,,,
port:3.112.202.171:900,port,3.112.202.171:900,3,2026-08-18 20:50:45,new,unknown,,,
port:3.112.202.171:901,port,3.112.202.171:901,3,2026-08-18 20:50:45,new,unknown,,,
port:3.112.202.171:902,port,3.112.202.171:902,3,2026-08-18 20:50:45,new,unknown,,,
port:3.112.202.171:903,port,3.112.202.171:903,3,2026-08-18 20:50:45,new,unknown,,,
port:3.112.202.171:904,port,3.112.202.171:904,3,2026-08-18 20:50:45,new,unknown,,,
port:3.112.202.171:905,port,3.112.202.171:905,3,2026-08-18 20:50:45,new,unknown,,,
port:3.112.202.171:906,port,3.112.202.171:906,3,2026-08-18 20:50:45,new,unknown,,,
port:3.112.202.171:918,port,3.112.202.171:918,3,2026-08-18 20:50:45,new,unknown,,,
port:3.112.202.171:977,port,3.112.202.171:977,3,2026-08-18 20:50:45,new,unknown,,,
port:3.112.202.171:978,port,3.112.202.171:978,3,2026-08-18 20:50:45,new,unknown,,,
port:3.112.202.171:979,port,3.112.202.171:979,3,2026-08-18 20:50:45,new,unknown,,,
port:3.112.202.171:981,port,3.112.202.171:981,3,2026-08-18 20:50:45,new,unknown,,,
port:3.112.202.171:982,port,3.112.202.171:982,3,2026-08-18 20:50:45,new,unknown,,,
port:3.112.202.171:983,port,3.112.202.171:983,3,2026-08-18 20:50:45,new,unknown,,,
port:3.112.202.171:989,port,3.112.202.171:989,3,2026-08-18 20:50:45,new,unknown,,,
port:3.112.202.171:997,port,3.112.202.171:997,3,2026-08-18 20:50:45,new,unknown,,,
port:3.112.202.171:998,port,3.112.202.171:998,3,2026-08-18 20:50:45,new,unknown,,,
port:3.112.202.171:999,port,3.112.202.171:999,3,2026-08-18 20:50:45,new,unknown,,,
port:3.112.202.171:1001,port,3.112.202.171:1001,3,2026-08-18 20:50:45,new,unknown,,,
port:3.112.202.171:1002,port,3.112.202.171:1002,3,2026-08-18 20:50:45,new,unknown,,,
port:3.112.202.171:1003,port,3.112.202.171:1003,3,2026-08-18 20:50:45,new,unknown,,,
port:3.112.202.171:1004,port,3.112.202.171:1004,3,2026-08-18 20:50:45,new,unknown,,,
port:3.112.202.171:1005,port,3.112.202.171:1005,3,2026-08-18 20:50:45,new,unknown,,,
port:3.112.202.171:1006,port,3.112.202.171:1006,3,2026-08-18 20:50:45,new,unknown,,,
port:3.112.202.171:1007,port,3.112.202.171:1007,3,2026-08-18 20:50:45,new,unknown,,,
port:3.112.202.171:1008,port,3.112.202.171:1008,3,2026-08-18 20:50:45,new,unknown,,,
port:3.112.202.171:1009,port,3.112.202.171:1009,3,2026-08-18 20:50:45,new,unknown,,,
port:3.112.202.171:1011,port,3.112.202.171:1011,3,2026-08-18 20:50:45,new,unknown,,,
port:3.112.202.171:1012,port,3.112.202.171:1012,3,2026-08-18 20:50:45,new,unknown,,,
port:3.112.202.171:8061,port,3.112.202.171:8061,3,2026-08-18 20:50:45,new,unknown,,,
port:3.112.202.171:8080,port,3.112.202.171:8080,3,2026-08-18 20:50:45,new,unknown,,,
url:http://3.112.202.171:8080/,url,http://3.112.202.171:8080/,3,2026-08-18 20:50:45,scanned,请访问域名,Email,Email,nginx
port:3.112.202.171:8181,port,3.112.202.171:8181,3,2026-08-18 20:50:45,new,unknown,,,
port:3.112.202.171:8222,port,3.112.202.171:8222,3,2026-08-18 20:50:45,new,unknown,,,
port:3.112.202.171:8282,port,3.112.202.171:8282,3,2026-08-18 20:50:45,new,unknown,,,
port:3.112.202.171:8888,port,3.112.202.171:8888,3,2026-08-18 20:50:45,new,unknown,,,
port:43.207.112.80:80,port,43.207.112.80:80,4,2026-08-18 20:50:54,new,unknown,,,
url:http://43.207.112.80:80/,url,http://43.207.112.80:80/,4,2026-08-18 20:50:54,scanned,请访问域名,,,
port:43.207.112.80:81,port,43.207.112.80:81,4,2026-08-18 20:50:54,new,unknown,,,
port:43.207.112.80:83,port,43.207.112.80:83,4,2026-08-18 20:50:54,new,unknown,,,
port:43.207.112.80:121,port,43.207.112.80:121,4,2026-08-18 20:50:54,new,unknown,,,
port:43.207.112.80:122,port,43.207.112.80:122,4,2026-08-18 20:50:54,new,unknown,,,
port:43.207.112.80:155,port,43.207.112.80:155,4,2026-08-18 20:50:54,new,unknown,,,
port:43.207.112.80:168,port,43.207.112.80:168,4,2026-08-18 20:50:54,new,unknown,,,
port:43.207.112.80:189,port,43.207.112.80:189,4,2026-08-18 20:50:54,new,unknown,,,
port:43.207.112.80:200,port,43.207.112.80:200,4,2026-08-18 20:50:54,new,unknown,,,
port:43.207.112.80:201,port,43.207.112.80:201,4,2026-08-18 20:50:54,new,unknown,,,
port:43.207.112.80:202,port,43.207.112.80:202,4,2026-08-18 20:50:54,new,unknown,,,
port:43.207.112.80:203,port,43.207.112.80:203,4,2026-08-18 20:50:54,new,unknown,,,
port:43.207.112.80:206,port,43.207.112.80:206,4,2026-08-18 20:50:54,new,unknown,,,
port:43.207.112.80:209,port,43.207.112.80:209,4,2026-08-18 20:50:54,new,unknown,,,
port:43.207.112.80:221,port,43.207.112.80:221,4,2026-08-18 20:50:54,new,unknown,,,
port:43.207.112.80:288,port,43.207.112.80:288,4,2026-08-18 20:50:54,new,unknown,,,
port:43.207.112.80:301,port,43.207.112.80:301,4,2026-08-18 20:50:54,new,unknown,,,
port:43.207.112.80:302,port,43.207.112.80:302,4,2026-08-18 20:50:54,new,unknown,,,
port:43.207.112.80:303,port,43.207.112.80:303,4,2026-08-18 20:50:54,new,unknown,,,
port:43.207.112.80:304,port,43.207.112.80:304,4,2026-08-18 20:50:54,new,unknown,,,
port:43.207.112.80:305,port,43.207.112.80:305,4,2026-08-18 20:50:54,new,unknown,,,
port:43.207.112.80:308,port,43.207.112.80:308,4,2026-08-18 20:50:54,new,unknown,,,
port:43.207.112.80:364,port,43.207.112.80:364,4,2026-08-18 20:50:54,new,unknown,,,
port:43.207.112.80:408,port,43.207.112.80:408,4,2026-08-18 20:50:54,new,unknown,,,
port:43.207.112.80:441,port,43.207.112.80:441,4,2026-08-18 20:50:54,new,unknown,,,
port:43.207.112.80:443,port,43.207.112.80:443,4,2026-08-18 20:50:54,new,unknown,,,
url:https://43.207.112.80:443/,url,https://43.207.112.80:443/,4,2026-08-18 20:50:54,scanned,请访问域名,Email,Email,nginx
port:43.207.112.80:500,port,43.207.112.80:500,4,2026-08-18 20:50:54,new,unknown,,,
port:43.207.112.80:501,port,43.207.112.80:501,4,2026-08-18 20:50:54,new,unknown,,,
port:43.207.112.80:502,port,43.207.112.80:502,4,2026-08-18 20:50:54,new,unknown,,,
port:43.207.112.80:509,port,43.207.112.80:509,4,2026-08-18 20:50:54,new,unknown,,,
port:43.207.112.80:510,port,43.207.112.80:510,4,2026-08-18 20:50:54,new,unknown,,,
port:43.207.112.80:514,port,43.207.112.80:514,4,2026-08-18 20:50:54,new,unknown,,,
port:43.207.112.80:523,port,43.207.112.80:523,4,2026-08-18 20:50:54,new,unknown,,,
port:43.207.112.80:525,port,43.207.112.80:525,4,2026-08-18 20:50:54,new,unknown,,,
port:43.207.112.80:568,port,43.207.112.80:568,4,2026-08-18 20:50:54,new,unknown,,,
port:43.207.112.80:588,port,43.207.112.80:588,4,2026-08-18 20:50:54,new,unknown,,,
port:43.207.112.80:589,port,43.207.112.80:589,4,2026-08-18 20:50:54,new,unknown,,,
port:43.207.112.80:632,port,43.207.112.80:632,4,2026-08-18 20:50:54,new,unknown,,,
port:43.207.112.80:663,port,43.207.112.80:663,4,2026-08-18 20:50:54,new,unknown,,,
port:43.207.112.80:688,port,43.207.112.80:688,4,2026-08-18 20:50:54,new,unknown,,,
port:43.207.112.80:775,port,43.207.112.80:775,4,2026-08-18 20:50:54,new,unknown,,,
port:43.207.112.80:801,port,43.207.112.80:801,4,2026-08-18 20:50:54,new,unknown,,,
port:43.207.112.80:802,port,43.207.112.80:802,4,2026-08-18 20:50:54,new,unknown,,,
port:43.207.112.80:857,port,43.207.112.80:857,4,2026-08-18 20:50:54,new,unknown,,,
port:43.207.112.80:867,port,43.207.112.80:867,4,2026-08-18 20:50:54,new,unknown,,,
port:43.207.112.80:871,port,43.207.112.80:871,4,2026-08-18 20:50:54,new,unknown,,,
port:43.207.112.80:874,port,43.207.112.80:874,4,2026-08-18 20:50:54,new,unknown,,,
port:43.207.112.80:877,port,43.207.112.80:877,4,2026-08-18 20:50:54,new,unknown,,,
port:43.207.112.80:878,port,43.207.112.80:878,4,2026-08-18 20:50:54,new,unknown,,,
port:43.207.112.80:901,port,43.207.112.80:901,4,2026-08-18 20:50:54,new,unknown,,,
port:43.207.112.80:902,port,43.207.112.80:902,4,2026-08-18 20:50:54,new,unknown,,,
port:43.207.112.80:966,port,43.207.112.80:966,4,2026-08-18 20:50:54,new,unknown,,,
port:43.207.112.80:977,port,43.207.112.80:977,4,2026-08-18 20:50:54,new,unknown,,,
port:43.207.112.80:978,port,43.207.112.80:978,4,2026-08-18 20:50:54,new,unknown,,,
port:43.207.112.80:979,port,43.207.112.80:979,4,2026-08-18 20:50:54,new,unknown,,,
port:43.207.112.80:980,port,43.207.112.80:980,4,2026-08-18 20:50:54,new,unknown,,,
port:43.207.112.80:981,port,43.207.112.80:981,4,2026-08-18 20:50:54,new,unknown,,,
port:43.207.112.80:982,port,43.207.112.80:982,4,2026-08-18 20:50:54,new,unknown,,,
port:43.207.112.80:989,port,43.207.112.80:989,4,2026-08-18 20:50:54,new,unknown,,,
port:43.207.112.80:997,port,43.207.112.80:997,4,2026-08-18 20:50:54,new,unknown,,,
port:43.207.112.80:998,port,43.207.112.80:998,4,2026-08-18 20:50:54,new,unknown,,,
port:43.207.112.80:999,port,43.207.112.80:999,4,2026-08-18 20:50:54,new,unknown,,,
port:43.207.112.80:1001,port,43.207.112.80:1001,4,2026-08-18 20:50:54,new,unknown,,,
port:43.207.112.80:1002,port,43.207.112.80:1002,4,2026-08-18 20:50:54,new,unknown,,,
port:43.207.112.80:1003,port,43.207.112.80:1003,4,2026-08-18 20:50:54,new,unknown,,,
port:43.207.112.80:1004,port,43.207.112.80:1004,4,2026-08-18 20:50:54,new,unknown,,,
port:43.207.112.80:1005,port,43.207.112.80:1005,4,2026-08-18 20:50:54,new,unknown,,,
port:43.207.112.80:1006,port,43.207.112.80:1006,4,2026-08-18 20:50:54,new,unknown,,,
port:43.207.112.80:1007,port,43.207.112.80:1007,4,2026-08-18 20:50:54,new,unknown,,,
port:43.207.112.80:1008,port,43.207.112.80:1008,4,2026-08-18 20:50:54,new,unknown,,,
port:43.207.112.80:1009,port,43.207.112.80:1009,4,2026-08-18 20:50:54,new,unknown,,,
port:43.207.112.80:1010,port,43.207.112.80:1010,4,2026-08-18 20:50:54,new,unknown,,,
port:43.207.112.80:1011,port,43.207.112.80:1011,4,2026-08-18 20:50:54,new,unknown,,,
port:43.207.112.80:1012,port,43.207.112.80:1012,4,2026-08-18 20:50:54,new,unknown,,,
port:43.207.112.80:8011,port,43.207.112.80:8011,4,2026-08-18 20:50:54,new,unknown,,,
port:43.207.112.80:8018,port,43.207.112.80:8018,4,2026-08-18 20:50:54,new,unknown,,,
port:43.207.112.80:8028,port,43.207.112.80:8028,4,2026-08-18 20:50:54,new,unknown,,,
port:43.207.112.80:8031,port,43.207.112.80:8031,4,2026-08-18 20:50:54,new,unknown,,,
port:43.207.112.80:8038,port,43.207.112.80:8038,4,2026-08-18 20:50:54,new,unknown,,,
port:43.207.112.80:8048,port,43.207.112.80:8048,4,2026-08-18 20:50:54,new,unknown,,,
port:43.207.112.80:8049,port,43.207.112.80:8049,4,2026-08-18 20:50:54,new,unknown,,,
port:43.207.112.80:8061,port,43.207.112.80:8061,4,2026-08-18 20:50:54,new,unknown,,,
port:43.207.112.80:8080,port,43.207.112.80:8080,4,2026-08-18 20:50:54,new,unknown,,,
url:http://43.207.112.80:8080/,url,http://43.207.112.80:8080/,4,2026-08-18 20:50:54,scanned,请访问域名,Email,Email,nginx
port:43.207.112.80:8082,port,43.207.112.80:8082,4,2026-08-18 20:50:54,new,unknown,,,
port:43.207.112.80:8083,port,43.207.112.80:8083,4,2026-08-18 20:50:54,new,unknown,,,
port:43.207.112.80:8084,port,43.207.112.80:8084,4,2026-08-18 20:50:54,new,unknown,,,
port:43.207.112.80:8085,port,43.207.112.80:8085,4,2026-08-18 20:50:54,new,unknown,,,
port:43.207.112.80:8088,port,43.207.112.80:8088,4,2026-08-18 20:50:54,new,unknown,,,
port:43.207.112.80:8090,port,43.207.112.80:8090,4,2026-08-18 20:50:54,new,unknown,,,
port:43.207.112.80:8181,port,43.207.112.80:8181,4,2026-08-18 20:50:54,new,unknown,,,
port:43.207.112.80:8222,port,43.207.112.80:8222,4,2026-08-18 20:50:54,new,unknown,,,
port:43.207.112.80:8282,port,43.207.112.80:8282,4,2026-08-18 20:50:54,new,unknown,,,
port:43.207.112.80:8443,port,43.207.112.80:8443,4,2026-08-18 20:50:54,new,unknown,,,
url:https://43.207.112.80:8443/,url,https://43.207.112.80:8443/,4,2026-08-18 20:50:54,scanned,请访问域名,Email,Email,nginx
port:43.207.112.80:8888,port,43.207.112.80:8888,4,2026-08-18 20:50:54,new,unknown,,,
port:43.207.112.80:9001,port,43.207.112.80:9001,4,2026-08-18 20:50:54,new,unknown,,,
port:43.207.112.80:9007,port,43.207.112.80:9007,4,2026-08-18 20:50:54,new,unknown,,,
port:43.207.112.80:9008,port,43.207.112.80:9008,4,2026-08-18 20:50:54,new,unknown,,,
port:43.207.112.80:9015,port,43.207.112.80:9015,4,2026-08-18 20:50:54,new,unknown,,,
port:43.207.112.80:9025,port,43.207.112.80:9025,4,2026-08-18 20:50:54,new,unknown,,,
port:43.207.112.80:9058,port,43.207.112.80:9058,4,2026-08-18 20:50:54,new,unknown,,,
port:43.207.112.80:9081,port,43.207.112.80:9081,4,2026-08-18 20:50:54,new,unknown,,,
port:43.207.112.80:9090,port,43.207.112.80:9090,4,2026-08-18 20:50:54,new,unknown,,,
port:43.207.112.80:9095,port,43.207.112.80:9095,4,2026-08-18 20:50:54,new,unknown,,,
port:178.236.38.1:80,port,178.236.38.1:80,4,2026-08-18 20:50:54,new,unknown,,,
url:http://178.236.38.1:80/,url,http://178.236.38.1:80/,4,2026-08-18 20:50:54,scanned,请访问域名,Email,Email,nginx
port:178.236.38.1:81,port,178.236.38.1:81,4,2026-08-18 20:50:54,new,unknown,,,
port:178.236.38.1:82,port,178.236.38.1:82,4,2026-08-18 20:50:54,new,unknown,,,
port:178.236.38.1:83,port,178.236.38.1:83,4,2026-08-18 20:50:54,new,unknown,,,
port:178.236.38.1:108,port,178.236.38.1:108,4,2026-08-18 20:50:54,new,unknown,,,
port:178.236.38.1:121,port,178.236.38.1:121,4,2026-08-18 20:50:54,new,unknown,,,
port:178.236.38.1:122,port,178.236.38.1:122,4,2026-08-18 20:50:54,new,unknown,,,
port:178.236.38.1:151,port,178.236.38.1:151,4,2026-08-18 20:50:54,new,unknown,,,
port:178.236.38.1:155,port,178.236.38.1:155,4,2026-08-18 20:50:54,new,unknown,,,
port:178.236.38.1:158,port,178.236.38.1:158,4,2026-08-18 20:50:54,new,unknown,,,
port:178.236.38.1:159,port,178.236.38.1:159,4,2026-08-18 20:50:54,new,unknown,,,
port:178.236.38.1:168,port,178.236.38.1:168,4,2026-08-18 20:50:54,new,unknown,,,
port:178.236.38.1:188,port,178.236.38.1:188,4,2026-08-18 20:50:54,new,unknown,,,
port:178.236.38.1:189,port,178.236.38.1:189,4,2026-08-18 20:50:54,new,unknown,,,
port:178.236.38.1:193,port,178.236.38.1:193,4,2026-08-18 20:50:54,new,unknown,,,
port:178.236.38.1:196,port,178.236.38.1:196,4,2026-08-18 20:50:54,new,unknown,,,
port:178.236.38.1:199,port,178.236.38.1:199,4,2026-08-18 20:50:54,new,unknown,,,
port:178.236.38.1:200,port,178.236.38.1:200,4,2026-08-18 20:50:54,new,unknown,,,
port:178.236.38.1:201,port,178.236.38.1:201,4,2026-08-18 20:50:54,new,unknown,,,
port:178.236.38.1:202,port,178.236.38.1:202,4,2026-08-18 20:50:54,new,unknown,,,
port:178.236.38.1:203,port,178.236.38.1:203,4,2026-08-18 20:50:54,new,unknown,,,
port:178.236.38.1:204,port,178.236.38.1:204,4,2026-08-18 20:50:54,new,unknown,,,
port:178.236.38.1:205,port,178.236.38.1:205,4,2026-08-18 20:50:54,new,unknown,,,
port:178.236.38.1:206,port,178.236.38.1:206,4,2026-08-18 20:50:54,new,unknown,,,
port:178.236.38.1:207,port,178.236.38.1:207,4,2026-08-18 20:50:54,new,unknown,,,
port:178.236.38.1:208,port,178.236.38.1:208,4,2026-08-18 20:50:54,new,unknown,,,
port:178.236.38.1:209,port,178.236.38.1:209,4,2026-08-18 20:50:54,new,unknown,,,
port:178.236.38.1:221,port,178.236.38.1:221,4,2026-08-18 20:50:54,new,unknown,,,
port:178.236.38.1:236,port,178.236.38.1:236,4,2026-08-18 20:50:54,new,unknown,,,
port:178.236.38.1:258,port,178.236.38.1:258,4,2026-08-18 20:50:54,new,unknown,,,
port:178.236.38.1:288,port,178.236.38.1:288,4,2026-08-18 20:50:54,new,unknown,,,
port:178.236.38.1:301,port,178.236.38.1:301,4,2026-08-18 20:50:54,new,unknown,,,
port:178.236.38.1:302,port,178.236.38.1:302,4,2026-08-18 20:50:54,new,unknown,,,
port:178.236.38.1:303,port,178.236.38.1:303,4,2026-08-18 20:50:54,new,unknown,,,
port:178.236.38.1:304,port,178.236.38.1:304,4,2026-08-18 20:50:54,new,unknown,,,
port:178.236.38.1:308,port,178.236.38.1:308,4,2026-08-18 20:50:54,new,unknown,,,
port:178.236.38.1:321,port,178.236.38.1:321,4,2026-08-18 20:50:54,new,unknown,,,
port:178.236.38.1:356,port,178.236.38.1:356,4,2026-08-18 20:50:54,new,unknown,,,
port:178.236.38.1:364,port,178.236.38.1:364,4,2026-08-18 20:50:54,new,unknown,,,
port:178.236.38.1:365,port,178.236.38.1:365,4,2026-08-18 20:50:54,new,unknown,,,
port:178.236.38.1:408,port,178.236.38.1:408,4,2026-08-18 20:50:54,new,unknown,,,
port:178.236.38.1:441,port,178.236.38.1:441,4,2026-08-18 20:50:54,new,unknown,,,
port:178.236.38.1:500,port,178.236.38.1:500,4,2026-08-18 20:50:54,new,unknown,,,
port:178.236.38.1:501,port,178.236.38.1:501,4,2026-08-18 20:50:54,new,unknown,,,
port:178.236.38.1:502,port,178.236.38.1:502,4,2026-08-18 20:50:54,new,unknown,,,
port:178.236.38.1:509,port,178.236.38.1:509,4,2026-08-18 20:50:54,new,unknown,,,
port:178.236.38.1:510,port,178.236.38.1:510,4,2026-08-18 20:50:54,new,unknown,,,
port:178.236.38.1:511,port,178.236.38.1:511,4,2026-08-18 20:50:54,new,unknown,,,
port:178.236.38.1:512,port,178.236.38.1:512,4,2026-08-18 20:50:54,new,unknown,,,
port:178.236.38.1:513,port,178.236.38.1:513,4,2026-08-18 20:50:54,new,unknown,,,
port:178.236.38.1:514,port,178.236.38.1:514,4,2026-08-18 20:50:54,new,unknown,,,
port:178.236.38.1:520,port,178.236.38.1:520,4,2026-08-18 20:50:54,new,unknown,,,
port:178.236.38.1:523,port,178.236.38.1:523,4,2026-08-18 20:50:54,new,unknown,,,
port:178.236.38.1:525,port,178.236.38.1:525,4,2026-08-18 20:50:54,new,unknown,,,
port:178.236.38.1:568,port,178.236.38.1:568,4,2026-08-18 20:50:54,new,unknown,,,
port:178.236.38.1:588,port,178.236.38.1:588,4,2026-08-18 20:50:54,new,unknown,,,
port:178.236.38.1:589,port,178.236.38.1:589,4,2026-08-18 20:50:54,new,unknown,,,
port:178.236.38.1:632,port,178.236.38.1:632,4,2026-08-18 20:50:54,new,unknown,,,
port:178.236.38.1:777,port,178.236.38.1:777,4,2026-08-18 20:50:54,new,unknown,,,
port:178.236.38.1:778,port,178.236.38.1:778,4,2026-08-18 20:50:54,new,unknown,,,
port:178.236.38.1:808,port,178.236.38.1:808,4,2026-08-18 20:50:54,new,unknown,,,
port:178.236.38.1:855,port,178.236.38.1:855,4,2026-08-18 20:50:54,new,unknown,,,
port:178.236.38.1:858,port,178.236.38.1:858,4,2026-08-18 20:50:54,new,unknown,,,
port:178.236.38.1:867,port,178.236.38.1:867,4,2026-08-18 20:50:54,new,unknown,,,
port:178.236.38.1:872,port,178.236.38.1:872,4,2026-08-18 20:50:54,new,unknown,,,
port:178.236.38.1:883,port,178.236.38.1:883,4,2026-08-18 20:50:54,new,unknown,,,
port:178.236.38.1:900,port,178.236.38.1:900,4,2026-08-18 20:50:54,new,unknown,,,
port:178.236.38.1:901,port,178.236.38.1:901,4,2026-08-18 20:50:54,new,unknown,,,
port:178.236.38.1:903,port,178.236.38.1:903,4,2026-08-18 20:50:54,new,unknown,,,
port:178.236.38.1:904,port,178.236.38.1:904,4,2026-08-18 20:50:54,new,unknown,,,
port:178.236.38.1:905,port,178.236.38.1:905,4,2026-08-18 20:50:54,new,unknown,,,
port:178.236.38.1:906,port,178.236.38.1:906,4,2026-08-18 20:50:54,new,unknown,,,
port:178.236.38.1:907,port,178.236.38.1:907,4,2026-08-18 20:50:54,new,unknown,,,
port:178.236.38.1:918,port,178.236.38.1:918,4,2026-08-18 20:50:54,new,unknown,,,
port:178.236.38.1:938,port,178.236.38.1:938,4,2026-08-18 20:50:54,new,unknown,,,
port:178.236.38.1:977,port,178.236.38.1:977,4,2026-08-18 20:50:54,new,unknown,,,
port:178.236.38.1:978,port,178.236.38.1:978,4,2026-08-18 20:50:54,new,unknown,,,
port:178.236.38.1:979,port,178.236.38.1:979,4,2026-08-18 20:50:54,new,unknown,,,
port:178.236.38.1:980,port,178.236.38.1:980,4,2026-08-18 20:50:54,new,unknown,,,
port:178.236.38.1:981,port,178.236.38.1:981,4,2026-08-18 20:50:54,new,unknown,,,
port:178.236.38.1:982,port,178.236.38.1:982,4,2026-08-18 20:50:54,new,unknown,,,
port:178.236.38.1:983,port,178.236.38.1:983,4,2026-08-18 20:50:54,new,unknown,,,
port:178.236.38.1:997,port,178.236.38.1:997,4,2026-08-18 20:50:54,new,unknown,,,
port:178.236.38.1:998,port,178.236.38.1:998,4,2026-08-18 20:50:54,new,unknown,,,
port:178.236.38.1:999,port,178.236.38.1:999,4,2026-08-18 20:50:54,new,unknown,,,
port:178.236.38.1:1001,port,178.236.38.1:1001,4,2026-08-18 20:50:54,new,unknown,,,
port:178.236.38.1:1002,port,178.236.38.1:1002,4,2026-08-18 20:50:54,new,unknown,,,
port:178.236.38.1:1003,port,178.236.38.1:1003,4,2026-08-18 20:50:54,new,unknown,,,
port:178.236.38.1:1004,port,178.236.38.1:1004,4,2026-08-18 20:50:54,new,unknown,,,
port:178.236.38.1:1005,port,178.236.38.1:1005,4,2026-08-18 20:50:54,new,unknown,,,
port:178.236.38.1:1006,port,178.236.38.1:1006,4,2026-08-18 20:50:54,new,unknown,,,
port:178.236.38.1:1007,port,178.236.38.1:1007,4,2026-08-18 20:50:54,new,unknown,,,
port:178.236.38.1:1008,port,178.236.38.1:1008,4,2026-08-18 20:50:54,new,unknown,,,
port:178.236.38.1:1009,port,178.236.38.1:1009,4,2026-08-18 20:50:54,new,unknown,,,
port:178.236.38.1:1010,port,178.236.38.1:1010,4,2026-08-18 20:50:54,new,unknown,,,
port:178.236.38.1:1011,port,178.236.38.1:1011,4,2026-08-18 20:50:54,new,unknown,,,
port:178.236.38.1:1012,port,178.236.38.1:1012,4,2026-08-18 20:50:54,new,unknown,,,
port:178.236.38.1:7001,port,178.236.38.1:7001,4,2026-08-18 20:50:54,new,unknown,,,
port:178.236.38.1:8000,port,178.236.38.1:8000,4,2026-08-18 20:50:54,new,unknown,,,
port:178.236.38.1:8001,port,178.236.38.1:8001,4,2026-08-18 20:50:54,new,unknown,,,
port:178.236.38.1:8004,port,178.236.38.1:8004,4,2026-08-18 20:50:54,new,unknown,,,
port:178.236.38.1:8011,port,178.236.38.1:8011,4,2026-08-18 20:50:54,new,unknown,,,
port:178.236.38.1:8018,port,178.236.38.1:8018,4,2026-08-18 20:50:54,new,unknown,,,
port:178.236.38.1:8028,port,178.236.38.1:8028,4,2026-08-18 20:50:54,new,unknown,,,
port:178.236.38.1:8031,port,178.236.38.1:8031,4,2026-08-18 20:50:54,new,unknown,,,
port:178.236.38.1:8061,port,178.236.38.1:8061,4,2026-08-18 20:50:54,new,unknown,,,
port:178.236.38.1:8202,port,178.236.38.1:8202,4,2026-08-18 20:50:54,new,unknown,,,
port:178.236.38.1:8222,port,178.236.38.1:8222,4,2026-08-18 20:50:54,new,unknown,,,
port:178.236.38.1:8282,port,178.236.38.1:8282,4,2026-08-18 20:50:54,new,unknown,,,
port:178.236.38.1:8888,port,178.236.38.1:8888,4,2026-08-18 20:50:54,new,unknown,,,
port:178.236.38.1:9000,port,178.236.38.1:9000,4,2026-08-18 20:50:54,new,unknown,,,
port:178.236.38.1:9001,port,178.236.38.1:9001,4,2026-08-18 20:50:54,new,unknown,,,
port:178.236.38.1:9007,port,178.236.38.1:9007,4,2026-08-18 20:50:54,new,unknown,,,
port:178.236.38.1:9008,port,178.236.38.1:9008,4,2026-08-18 20:50:54,new,unknown,,,
port:178.236.38.1:9015,port,178.236.38.1:9015,4,2026-08-18 20:50:54,new,unknown,,,
port:178.236.38.1:9025,port,178.236.38.1:9025,4,2026-08-18 20:50:54,new,unknown,,,
port:178.236.38.1:9091,port,178.236.38.1:9091,4,2026-08-18 20:50:54,new,unknown,,,
port:52.192.166.22:80,port,52.192.166.22:80,4,2026-08-18 20:50:54,new,unknown,,,
url:http://52.192.166.22:80/,url,http://52.192.166.22:80/,4,2026-08-18 20:50:54,scanned,请访问域名,Email,Email,nginx
port:52.192.166.22:98,port,52.192.166.22:98,4,2026-08-18 20:50:54,new,unknown,,,
port:52.192.166.22:99,port,52.192.166.22:99,4,2026-08-18 20:50:54,new,unknown,,,
port:52.192.166.22:122,port,52.192.166.22:122,4,2026-08-18 20:50:54,new,unknown,,,
port:52.192.166.22:126,port,52.192.166.22:126,4,2026-08-18 20:50:54,new,unknown,,,
port:52.192.166.22:155,port,52.192.166.22:155,4,2026-08-18 20:50:54,new,unknown,,,
port:52.192.166.22:188,port,52.192.166.22:188,4,2026-08-18 20:50:54,new,unknown,,,
port:52.192.166.22:189,port,52.192.166.22:189,4,2026-08-18 20:50:54,new,unknown,,,
port:52.192.166.22:200,port,52.192.166.22:200,4,2026-08-18 20:50:54,new,unknown,,,
port:52.192.166.22:201,port,52.192.166.22:201,4,2026-08-18 20:50:54,new,unknown,,,
port:52.192.166.22:205,port,52.192.166.22:205,4,2026-08-18 20:50:54,new,unknown,,,
port:52.192.166.22:207,port,52.192.166.22:207,4,2026-08-18 20:50:54,new,unknown,,,
port:52.192.166.22:209,port,52.192.166.22:209,4,2026-08-18 20:50:54,new,unknown,,,
port:52.192.166.22:258,port,52.192.166.22:258,4,2026-08-18 20:50:54,new,unknown,,,
port:52.192.166.22:288,port,52.192.166.22:288,4,2026-08-18 20:50:54,new,unknown,,,
port:52.192.166.22:301,port,52.192.166.22:301,4,2026-08-18 20:50:54,new,unknown,,,
port:52.192.166.22:302,port,52.192.166.22:302,4,2026-08-18 20:50:54,new,unknown,,,
port:52.192.166.22:304,port,52.192.166.22:304,4,2026-08-18 20:50:54,new,unknown,,,
port:52.192.166.22:305,port,52.192.166.22:305,4,2026-08-18 20:50:54,new,unknown,,,
port:52.192.166.22:308,port,52.192.166.22:308,4,2026-08-18 20:50:54,new,unknown,,,
port:52.192.166.22:364,port,52.192.166.22:364,4,2026-08-18 20:50:54,new,unknown,,,
port:52.192.166.22:365,port,52.192.166.22:365,4,2026-08-18 20:50:54,new,unknown,,,
port:52.192.166.22:441,port,52.192.166.22:441,4,2026-08-18 20:50:54,new,unknown,,,
port:52.192.166.22:443,port,52.192.166.22:443,4,2026-08-18 20:50:54,new,unknown,,,
url:https://52.192.166.22:443/,url,https://52.192.166.22:443/,4,2026-08-18 20:50:54,scanned,请访问域名,Email,Email,nginx
port:52.192.166.22:501,port,52.192.166.22:501,4,2026-08-18 20:50:54,new,unknown,,,
port:52.192.166.22:502,port,52.192.166.22:502,4,2026-08-18 20:50:54,new,unknown,,,
port:52.192.166.22:511,port,52.192.166.22:511,4,2026-08-18 20:50:54,new,unknown,,,
port:52.192.166.22:520,port,52.192.166.22:520,4,2026-08-18 20:50:54,new,unknown,,,
port:52.192.166.22:525,port,52.192.166.22:525,4,2026-08-18 20:50:54,new,unknown,,,
port:52.192.166.22:568,port,52.192.166.22:568,4,2026-08-18 20:50:54,new,unknown,,,
port:52.192.166.22:588,port,52.192.166.22:588,4,2026-08-18 20:50:54,new,unknown,,,
port:52.192.166.22:589,port,52.192.166.22:589,4,2026-08-18 20:50:54,new,unknown,,,
port:52.192.166.22:600,port,52.192.166.22:600,4,2026-08-18 20:50:54,new,unknown,,,
port:52.192.166.22:632,port,52.192.166.22:632,4,2026-08-18 20:50:54,new,unknown,,,
port:52.192.166.22:663,port,52.192.166.22:663,4,2026-08-18 20:50:54,new,unknown,,,
port:52.192.166.22:688,port,52.192.166.22:688,4,2026-08-18 20:50:54,new,unknown,,,
port:52.192.166.22:776,port,52.192.166.22:776,4,2026-08-18 20:50:54,new,unknown,,,
port:52.192.166.22:778,port,52.192.166.22:778,4,2026-08-18 20:50:54,new,unknown,,,
port:52.192.166.22:787,port,52.192.166.22:787,4,2026-08-18 20:50:54,new,unknown,,,
port:52.192.166.22:802,port,52.192.166.22:802,4,2026-08-18 20:50:54,new,unknown,,,
port:52.192.166.22:837,port,52.192.166.22:837,4,2026-08-18 20:50:54,new,unknown,,,
port:52.192.166.22:841,port,52.192.166.22:841,4,2026-08-18 20:50:54,new,unknown,,,
port:52.192.166.22:855,port,52.192.166.22:855,4,2026-08-18 20:50:54,new,unknown,,,
port:52.192.166.22:857,port,52.192.166.22:857,4,2026-08-18 20:50:54,new,unknown,,,
port:52.192.166.22:867,port,52.192.166.22:867,4,2026-08-18 20:50:54,new,unknown,,,
port:52.192.166.22:877,port,52.192.166.22:877,4,2026-08-18 20:50:54,new,unknown,,,
port:52.192.166.22:878,port,52.192.166.22:878,4,2026-08-18 20:50:54,new,unknown,,,
port:52.192.166.22:903,port,52.192.166.22:903,4,2026-08-18 20:50:54,new,unknown,,,
port:52.192.166.22:912,port,52.192.166.22:912,4,2026-08-18 20:50:54,new,unknown,,,
port:52.192.166.22:918,port,52.192.166.22:918,4,2026-08-18 20:50:54,new,unknown,,,
port:52.192.166.22:928,port,52.192.166.22:928,4,2026-08-18 20:50:54,new,unknown,,,
port:52.192.166.22:966,port,52.192.166.22:966,4,2026-08-18 20:50:54,new,unknown,,,
port:52.192.166.22:977,port,52.192.166.22:977,4,2026-08-18 20:50:54,new,unknown,,,
port:52.192.166.22:978,port,52.192.166.22:978,4,2026-08-18 20:50:54,new,unknown,,,
port:52.192.166.22:979,port,52.192.166.22:979,4,2026-08-18 20:50:54,new,unknown,,,
port:52.192.166.22:980,port,52.192.166.22:980,4,2026-08-18 20:50:54,new,unknown,,,
port:52.192.166.22:981,port,52.192.166.22:981,4,2026-08-18 20:50:54,new,unknown,,,
port:52.192.166.22:982,port,52.192.166.22:982,4,2026-08-18 20:50:54,new,unknown,,,
port:52.192.166.22:983,port,52.192.166.22:983,4,2026-08-18 20:50:54,new,unknown,,,
port:52.192.166.22:989,port,52.192.166.22:989,4,2026-08-18 20:50:54,new,unknown,,,
port:52.192.166.22:997,port,52.192.166.22:997,4,2026-08-18 20:50:54,new,unknown,,,
port:52.192.166.22:998,port,52.192.166.22:998,4,2026-08-18 20:50:54,new,unknown,,,
port:52.192.166.22:999,port,52.192.166.22:999,4,2026-08-18 20:50:54,new,unknown,,,
port:52.192.166.22:1001,port,52.192.166.22:1001,4,2026-08-18 20:50:54,new,unknown,,,
port:52.192.166.22:1002,port,52.192.166.22:1002,4,2026-08-18 20:50:54,new,unknown,,,
port:52.192.166.22:1003,port,52.192.166.22:1003,4,2026-08-18 20:50:54,new,unknown,,,
port:52.192.166.22:1004,port,52.192.166.22:1004,4,2026-08-18 20:50:54,new,unknown,,,
port:52.192.166.22:1005,port,52.192.166.22:1005,4,2026-08-18 20:50:54,new,unknown,,,
port:52.192.166.22:1006,port,52.192.166.22:1006,4,2026-08-18 20:50:54,new,unknown,,,
port:52.192.166.22:1007,port,52.192.166.22:1007,4,2026-08-18 20:50:54,new,unknown,,,
port:52.192.166.22:1008,port,52.192.166.22:1008,4,2026-08-18 20:50:54,new,unknown,,,
port:52.192.166.22:1009,port,52.192.166.22:1009,4,2026-08-18 20:50:54,new,unknown,,,
port:52.192.166.22:1010,port,52.192.166.22:1010,4,2026-08-18 20:50:54,new,unknown,,,
port:52.192.166.22:1011,port,52.192.166.22:1011,4,2026-08-18 20:50:54,new,unknown,,,
port:52.192.166.22:1012,port,52.192.166.22:1012,4,2026-08-18 20:50:54,new,unknown,,,
port:52.192.166.22:8011,port,52.192.166.22:8011,4,2026-08-18 20:50:54,new,unknown,,,
port:52.192.166.22:8018,port,52.192.166.22:8018,4,2026-08-18 20:50:54,new,unknown,,,
port:52.192.166.22:8028,port,52.192.166.22:8028,4,2026-08-18 20:50:54,new,unknown,,,
port:52.192.166.22:8031,port,52.192.166.22:8031,4,2026-08-18 20:50:54,new,unknown,,,
port:52.192.166.22:8038,port,52.192.166.22:8038,4,2026-08-18 20:50:54,new,unknown,,,
port:52.192.166.22:8048,port,52.192.166.22:8048,4,2026-08-18 20:50:54,new,unknown,,,
port:52.192.166.22:8049,port,52.192.166.22:8049,4,2026-08-18 20:50:54,new,unknown,,,
port:52.192.166.22:8061,port,52.192.166.22:8061,4,2026-08-18 20:50:54,new,unknown,,,
port:52.192.166.22:8080,port,52.192.166.22:8080,4,2026-08-18 20:50:54,new,unknown,,,
url:http://52.192.166.22:8080/,url,http://52.192.166.22:8080/,4,2026-08-18 20:50:54,scanned,请访问域名,Email,Email,nginx
port:52.192.166.22:8082,port,52.192.166.22:8082,4,2026-08-18 20:50:54,new,unknown,,,
port:52.192.166.22:8083,port,52.192.166.22:8083,4,2026-08-18 20:50:54,new,unknown,,,
port:52.192.166.22:8085,port,52.192.166.22:8085,4,2026-08-18 20:50:54,new,unknown,,,
port:52.192.166.22:8088,port,52.192.166.22:8088,4,2026-08-18 20:50:54,new,unknown,,,
port:52.192.166.22:8090,port,52.192.166.22:8090,4,2026-08-18 20:50:54,new,unknown,,,
port:52.192.166.22:8181,port,52.192.166.22:8181,4,2026-08-18 20:50:54,new,unknown,,,
port:52.192.166.22:8222,port,52.192.166.22:8222,4,2026-08-18 20:50:54,new,unknown,,,
port:52.192.166.22:8282,port,52.192.166.22:8282,4,2026-08-18 20:50:54,new,unknown,,,
port:52.192.166.22:8443,port,52.192.166.22:8443,4,2026-08-18 20:50:54,new,unknown,,,
url:https://52.192.166.22:8443/,url,https://52.192.166.22:8443/,4,2026-08-18 20:50:54,scanned,请访问域名,Email,Email,nginx
port:52.192.166.22:9001,port,52.192.166.22:9001,4,2026-08-18 20:50:54,new,unknown,,,
port:52.192.166.22:9008,port,52.192.166.22:9008,4,2026-08-18 20:50:54,new,unknown,,,
port:52.192.166.22:9015,port,52.192.166.22:9015,4,2026-08-18 20:50:54,new,unknown,,,
port:52.192.166.22:9025,port,52.192.166.22:9025,4,2026-08-18 20:50:54,new,unknown,,,
port:52.192.166.22:9058,port,52.192.166.22:9058,4,2026-08-18 20:50:54,new,unknown,,,
port:52.192.166.22:9090,port,52.192.166.22:9090,4,2026-08-18 20:50:54,new,unknown,,,
port:52.192.166.22:9095,port,52.192.166.22:9095,4,2026-08-18 20:50:54,new,unknown,,,
port:52.199.24.216:22,port,52.199.24.216:22,3,2026-08-18 20:50:46,new,unknown,,,
port:52.199.24.216:80,port,52.199.24.216:80,3,2026-08-18 20:50:46,new,unknown,,,
url:http://52.199.24.216:80/,url,http://52.199.24.216:80/,3,2026-08-18 20:50:46,scanned,请访问域名,Email,Email,nginx
port:52.199.24.216:81,port,52.199.24.216:81,3,2026-08-18 20:50:46,new,unknown,,,
port:52.199.24.216:82,port,52.199.24.216:82,3,2026-08-18 20:50:46,new,unknown,,,
port:52.199.24.216:83,port,52.199.24.216:83,3,2026-08-18 20:50:46,new,unknown,,,
port:52.199.24.216:90,port,52.199.24.216:90,3,2026-08-18 20:50:46,new,unknown,,,
port:52.199.24.216:97,port,52.199.24.216:97,3,2026-08-18 20:50:46,new,unknown,,,
port:52.199.24.216:98,port,52.199.24.216:98,3,2026-08-18 20:50:46,new,unknown,,,
port:52.199.24.216:99,port,52.199.24.216:99,3,2026-08-18 20:50:46,new,unknown,,,
port:52.199.24.216:108,port,52.199.24.216:108,3,2026-08-18 20:50:46,new,unknown,,,
port:52.199.24.216:121,port,52.199.24.216:121,3,2026-08-18 20:50:46,new,unknown,,,
port:52.199.24.216:122,port,52.199.24.216:122,3,2026-08-18 20:50:46,new,unknown,,,
port:52.199.24.216:126,port,52.199.24.216:126,3,2026-08-18 20:50:46,new,unknown,,,
port:52.199.24.216:151,port,52.199.24.216:151,3,2026-08-18 20:50:46,new,unknown,,,
port:52.199.24.216:155,port,52.199.24.216:155,3,2026-08-18 20:50:46,new,unknown,,,
port:52.199.24.216:158,port,52.199.24.216:158,3,2026-08-18 20:50:46,new,unknown,,,
port:52.199.24.216:159,port,52.199.24.216:159,3,2026-08-18 20:50:46,new,unknown,,,
port:52.199.24.216:188,port,52.199.24.216:188,3,2026-08-18 20:50:46,new,unknown,,,
port:52.199.24.216:193,port,52.199.24.216:193,3,2026-08-18 20:50:46,new,unknown,,,
port:52.199.24.216:200,port,52.199.24.216:200,3,2026-08-18 20:50:46,new,unknown,,,
port:52.199.24.216:201,port,52.199.24.216:201,3,2026-08-18 20:50:46,new,unknown,,,
port:52.199.24.216:202,port,52.199.24.216:202,3,2026-08-18 20:50:46,new,unknown,,,
port:52.199.24.216:203,port,52.199.24.216:203,3,2026-08-18 20:50:46,new,unknown,,,
port:52.199.24.216:204,port,52.199.24.216:204,3,2026-08-18 20:50:46,new,unknown,,,
port:52.199.24.216:205,port,52.199.24.216:205,3,2026-08-18 20:50:46,new,unknown,,,
port:52.199.24.216:206,port,52.199.24.216:206,3,2026-08-18 20:50:46,new,unknown,,,
port:52.199.24.216:207,port,52.199.24.216:207,3,2026-08-18 20:50:46,new,unknown,,,
port:52.199.24.216:208,port,52.199.24.216:208,3,2026-08-18 20:50:46,new,unknown,,,
port:52.199.24.216:209,port,52.199.24.216:209,3,2026-08-18 20:50:46,new,unknown,,,
port:52.199.24.216:221,port,52.199.24.216:221,3,2026-08-18 20:50:46,new,unknown,,,
port:52.199.24.216:236,port,52.199.24.216:236,3,2026-08-18 20:50:46,new,unknown,,,
port:52.199.24.216:258,port,52.199.24.216:258,3,2026-08-18 20:50:46,new,unknown,,,
port:52.199.24.216:288,port,52.199.24.216:288,3,2026-08-18 20:50:46,new,unknown,,,
port:52.199.24.216:301,port,52.199.24.216:301,3,2026-08-18 20:50:46,new,unknown,,,
port:52.199.24.216:302,port,52.199.24.216:302,3,2026-08-18 20:50:46,new,unknown,,,
port:52.199.24.216:303,port,52.199.24.216:303,3,2026-08-18 20:50:46,new,unknown,,,
port:52.199.24.216:304,port,52.199.24.216:304,3,2026-08-18 20:50:46,new,unknown,,,
port:52.199.24.216:305,port,52.199.24.216:305,3,2026-08-18 20:50:46,new,unknown,,,
port:52.199.24.216:308,port,52.199.24.216:308,3,2026-08-18 20:50:46,new,unknown,,,
port:52.199.24.216:321,port,52.199.24.216:321,3,2026-08-18 20:50:46,new,unknown,,,
port:52.199.24.216:356,port,52.199.24.216:356,3,2026-08-18 20:50:46,new,unknown,,,
port:52.199.24.216:364,port,52.199.24.216:364,3,2026-08-18 20:50:46,new,unknown,,,
port:52.199.24.216:365,port,52.199.24.216:365,3,2026-08-18 20:50:46,new,unknown,,,
port:52.199.24.216:408,port,52.199.24.216:408,3,2026-08-18 20:50:46,new,unknown,,,
port:52.199.24.216:441,port,52.199.24.216:441,3,2026-08-18 20:50:46,new,unknown,,,
port:52.199.24.216:443,port,52.199.24.216:443,3,2026-08-18 20:50:46,new,unknown,,,
url:https://52.199.24.216:443/,url,https://52.199.24.216:443/,3,2026-08-18 20:50:46,scanned,请访问域名,Email,Email,nginx
port:52.199.24.216:500,port,52.199.24.216:500,3,2026-08-18 20:50:46,new,unknown,,,
port:52.199.24.216:501,port,52.199.24.216:501,3,2026-08-18 20:50:46,new,unknown,,,
port:52.199.24.216:502,port,52.199.24.216:502,3,2026-08-18 20:50:46,new,unknown,,,
port:52.199.24.216:509,port,52.199.24.216:509,3,2026-08-18 20:50:46,new,unknown,,,
port:52.199.24.216:510,port,52.199.24.216:510,3,2026-08-18 20:50:46,new,unknown,,,
port:52.199.24.216:512,port,52.199.24.216:512,3,2026-08-18 20:50:46,new,unknown,,,
port:52.199.24.216:513,port,52.199.24.216:513,3,2026-08-18 20:50:46,new,unknown,,,
port:52.199.24.216:514,port,52.199.24.216:514,3,2026-08-18 20:50:46,new,unknown,,,
port:52.199.24.216:523,port,52.199.24.216:523,3,2026-08-18 20:50:46,new,unknown,,,
port:52.199.24.216:568,port,52.199.24.216:568,3,2026-08-18 20:50:46,new,unknown,,,
port:52.199.24.216:776,port,52.199.24.216:776,3,2026-08-18 20:50:46,new,unknown,,,
port:52.199.24.216:787,port,52.199.24.216:787,3,2026-08-18 20:50:46,new,unknown,,,
port:52.199.24.216:802,port,52.199.24.216:802,3,2026-08-18 20:50:46,new,unknown,,,
port:52.199.24.216:836,port,52.199.24.216:836,3,2026-08-18 20:50:46,new,unknown,,,
port:52.199.24.216:837,port,52.199.24.216:837,3,2026-08-18 20:50:46,new,unknown,,,
port:52.199.24.216:840,port,52.199.24.216:840,3,2026-08-18 20:50:46,new,unknown,,,
port:52.199.24.216:841,port,52.199.24.216:841,3,2026-08-18 20:50:46,new,unknown,,,
port:52.199.24.216:842,port,52.199.24.216:842,3,2026-08-18 20:50:46,new,unknown,,,
port:52.199.24.216:852,port,52.199.24.216:852,3,2026-08-18 20:50:46,new,unknown,,,
port:52.199.24.216:855,port,52.199.24.216:855,3,2026-08-18 20:50:46,new,unknown,,,
port:52.199.24.216:857,port,52.199.24.216:857,3,2026-08-18 20:50:46,new,unknown,,,
port:52.199.24.216:858,port,52.199.24.216:858,3,2026-08-18 20:50:46,new,unknown,,,
port:52.199.24.216:863,port,52.199.24.216:863,3,2026-08-18 20:50:46,new,unknown,,,
port:52.199.24.216:872,port,52.199.24.216:872,3,2026-08-18 20:50:46,new,unknown,,,
port:52.199.24.216:873,port,52.199.24.216:873,3,2026-08-18 20:50:46,new,unknown,,,
port:52.199.24.216:883,port,52.199.24.216:883,3,2026-08-18 20:50:46,new,unknown,,,
port:52.199.24.216:900,port,52.199.24.216:900,3,2026-08-18 20:50:46,new,unknown,,,
port:52.199.24.216:902,port,52.199.24.216:902,3,2026-08-18 20:50:46,new,unknown,,,
port:52.199.24.216:903,port,52.199.24.216:903,3,2026-08-18 20:50:46,new,unknown,,,
port:52.199.24.216:904,port,52.199.24.216:904,3,2026-08-18 20:50:46,new,unknown,,,
port:52.199.24.216:905,port,52.199.24.216:905,3,2026-08-18 20:50:46,new,unknown,,,
port:52.199.24.216:906,port,52.199.24.216:906,3,2026-08-18 20:50:46,new,unknown,,,
port:52.199.24.216:907,port,52.199.24.216:907,3,2026-08-18 20:50:46,new,unknown,,,
port:52.199.24.216:909,port,52.199.24.216:909,3,2026-08-18 20:50:46,new,unknown,,,
port:52.199.24.216:912,port,52.199.24.216:912,3,2026-08-18 20:50:46,new,unknown,,,
port:52.199.24.216:918,port,52.199.24.216:918,3,2026-08-18 20:50:46,new,unknown,,,
port:52.199.24.216:928,port,52.199.24.216:928,3,2026-08-18 20:50:46,new,unknown,,,
port:52.199.24.216:938,port,52.199.24.216:938,3,2026-08-18 20:50:46,new,unknown,,,
port:52.199.24.216:966,port,52.199.24.216:966,3,2026-08-18 20:50:46,new,unknown,,,
port:52.199.24.216:977,port,52.199.24.216:977,3,2026-08-18 20:50:46,new,unknown,,,
port:52.199.24.216:978,port,52.199.24.216:978,3,2026-08-18 20:50:46,new,unknown,,,
port:52.199.24.216:979,port,52.199.24.216:979,3,2026-08-18 20:50:46,new,unknown,,,
port:52.199.24.216:980,port,52.199.24.216:980,3,2026-08-18 20:50:46,new,unknown,,,
port:52.199.24.216:981,port,52.199.24.216:981,3,2026-08-18 20:50:46,new,unknown,,,
port:52.199.24.216:982,port,52.199.24.216:982,3,2026-08-18 20:50:46,new,unknown,,,
port:52.199.24.216:983,port,52.199.24.216:983,3,2026-08-18 20:50:46,new,unknown,,,
port:52.199.24.216:989,port,52.199.24.216:989,3,2026-08-18 20:50:46,new,unknown,,,
port:52.199.24.216:997,port,52.199.24.216:997,3,2026-08-18 20:50:46,new,unknown,,,
port:52.199.24.216:998,port,52.199.24.216:998,3,2026-08-18 20:50:46,new,unknown,,,
port:52.199.24.216:999,port,52.199.24.216:999,3,2026-08-18 20:50:46,new,unknown,,,
port:52.199.24.216:1001,port,52.199.24.216:1001,3,2026-08-18 20:50:46,new,unknown,,,
port:52.199.24.216:1002,port,52.199.24.216:1002,3,2026-08-18 20:50:46,new,unknown,,,
port:52.199.24.216:1003,port,52.199.24.216:1003,3,2026-08-18 20:50:46,new,unknown,,,
port:52.199.24.216:1004,port,52.199.24.216:1004,3,2026-08-18 20:50:46,new,unknown,,,
port:52.199.24.216:1005,port,52.199.24.216:1005,3,2026-08-18 20:50:46,new,unknown,,,
port:52.199.24.216:1006,port,52.199.24.216:1006,3,2026-08-18 20:50:46,new,unknown,,,
port:52.199.24.216:1007,port,52.199.24.216:1007,3,2026-08-18 20:50:46,new,unknown,,,
port:52.199.24.216:1008,port,52.199.24.216:1008,3,2026-08-18 20:50:46,new,unknown,,,
port:52.199.24.216:1009,port,52.199.24.216:1009,3,2026-08-18 20:50:46,new,unknown,,,
port:52.199.24.216:1010,port,52.199.24.216:1010,3,2026-08-18 20:50:46,new,unknown,,,
port:52.199.24.216:1011,port,52.199.24.216:1011,3,2026-08-18 20:50:46,new,unknown,,,
port:52.199.24.216:1012,port,52.199.24.216:1012,3,2026-08-18 20:50:46,new,unknown,,,
port:52.199.24.216:8018,port,52.199.24.216:8018,3,2026-08-18 20:50:46,new,unknown,,,
port:52.199.24.216:8028,port,52.199.24.216:8028,3,2026-08-18 20:50:46,new,unknown,,,
port:52.199.24.216:8038,port,52.199.24.216:8038,3,2026-08-18 20:50:46,new,unknown,,,
port:52.199.24.216:8084,port,52.199.24.216:8084,3,2026-08-18 20:50:46,new,unknown,,,
port:52.199.24.216:8085,port,52.199.24.216:8085,3,2026-08-18 20:50:46,new,unknown,,,
port:52.199.24.216:8088,port,52.199.24.216:8088,3,2026-08-18 20:50:46,new,unknown,,,
port:52.199.24.216:8181,port,52.199.24.216:8181,3,2026-08-18 20:50:46,new,unknown,,,
port:52.199.24.216:8443,port,52.199.24.216:8443,3,2026-08-18 20:50:46,new,unknown,,,
url:https://52.199.24.216:8443/,url,https://52.199.24.216:8443/,3,2026-08-18 20:50:46,scanned,请访问域名,Email,Email,nginx
port:52.199.24.216:9090,port,52.199.24.216:9090,3,2026-08-18 20:50:46,new,unknown,,,
port:52.199.24.216:9095,port,52.199.24.216:9095,3,2026-08-18 20:50:46,new,unknown,,,
port:3.112.245.183:82,port,3.112.245.183:82,4,2026-08-18 20:50:54,new,unknown,,,
port:3.112.245.183:90,port,3.112.245.183:90,4,2026-08-18 20:50:54,new,unknown,,,
port:3.112.245.183:108,port,3.112.245.183:108,4,2026-08-18 20:50:54,new,unknown,,,
port:3.112.245.183:121,port,3.112.245.183:121,4,2026-08-18 20:50:54,new,unknown,,,
port:3.112.245.183:188,port,3.112.245.183:188,4,2026-08-18 20:50:54,new,unknown,,,
port:3.112.245.183:189,port,3.112.245.183:189,4,2026-08-18 20:50:54,new,unknown,,,
port:3.112.245.183:200,port,3.112.245.183:200,4,2026-08-18 20:50:54,new,unknown,,,
port:3.112.245.183:203,port,3.112.245.183:203,4,2026-08-18 20:50:54,new,unknown,,,
port:3.112.245.183:204,port,3.112.245.183:204,4,2026-08-18 20:50:54,new,unknown,,,
port:3.112.245.183:206,port,3.112.245.183:206,4,2026-08-18 20:50:54,new,unknown,,,
port:3.112.245.183:207,port,3.112.245.183:207,4,2026-08-18 20:50:54,new,unknown,,,
port:3.112.245.183:208,port,3.112.245.183:208,4,2026-08-18 20:50:54,new,unknown,,,
port:3.112.245.183:209,port,3.112.245.183:209,4,2026-08-18 20:50:54,new,unknown,,,
port:3.112.245.183:258,port,3.112.245.183:258,4,2026-08-18 20:50:54,new,unknown,,,
port:3.112.245.183:288,port,3.112.245.183:288,4,2026-08-18 20:50:54,new,unknown,,,
port:3.112.245.183:302,port,3.112.245.183:302,4,2026-08-18 20:50:54,new,unknown,,,
port:3.112.245.183:308,port,3.112.245.183:308,4,2026-08-18 20:50:54,new,unknown,,,
port:3.112.245.183:321,port,3.112.245.183:321,4,2026-08-18 20:50:54,new,unknown,,,
port:3.112.245.183:364,port,3.112.245.183:364,4,2026-08-18 20:50:54,new,unknown,,,
port:3.112.245.183:365,port,3.112.245.183:365,4,2026-08-18 20:50:54,new,unknown,,,
port:3.112.245.183:408,port,3.112.245.183:408,4,2026-08-18 20:50:54,new,unknown,,,
port:3.112.245.183:441,port,3.112.245.183:441,4,2026-08-18 20:50:54,new,unknown,,,
port:3.112.245.183:443,port,3.112.245.183:443,4,2026-08-18 20:50:54,new,unknown,,,
url:https://3.112.245.183:443/,url,https://3.112.245.183:443/,4,2026-08-18 20:50:54,scanned,请访问域名,Email,Email,nginx
port:3.112.245.183:502,port,3.112.245.183:502,4,2026-08-18 20:50:54,new,unknown,,,
port:3.112.245.183:509,port,3.112.245.183:509,4,2026-08-18 20:50:54,new,unknown,,,
port:3.112.245.183:520,port,3.112.245.183:520,4,2026-08-18 20:50:54,new,unknown,,,
port:3.112.245.183:523,port,3.112.245.183:523,4,2026-08-18 20:50:54,new,unknown,,,
port:3.112.245.183:568,port,3.112.245.183:568,4,2026-08-18 20:50:54,new,unknown,,,
port:3.112.245.183:588,port,3.112.245.183:588,4,2026-08-18 20:50:54,new,unknown,,,
port:3.112.245.183:589,port,3.112.245.183:589,4,2026-08-18 20:50:54,new,unknown,,,
port:3.112.245.183:600,port,3.112.245.183:600,4,2026-08-18 20:50:54,new,unknown,,,
port:3.112.245.183:632,port,3.112.245.183:632,4,2026-08-18 20:50:54,new,unknown,,,
port:3.112.245.183:686,port,3.112.245.183:686,4,2026-08-18 20:50:54,new,unknown,,,
port:3.112.245.183:776,port,3.112.245.183:776,4,2026-08-18 20:50:54,new,unknown,,,
port:3.112.245.183:787,port,3.112.245.183:787,4,2026-08-18 20:50:54,new,unknown,,,
port:3.112.245.183:801,port,3.112.245.183:801,4,2026-08-18 20:50:54,new,unknown,,,
port:3.112.245.183:837,port,3.112.245.183:837,4,2026-08-18 20:50:54,new,unknown,,,
port:3.112.245.183:841,port,3.112.245.183:841,4,2026-08-18 20:50:54,new,unknown,,,
port:3.112.245.183:854,port,3.112.245.183:854,4,2026-08-18 20:50:54,new,unknown,,,
port:3.112.245.183:857,port,3.112.245.183:857,4,2026-08-18 20:50:54,new,unknown,,,
port:3.112.245.183:858,port,3.112.245.183:858,4,2026-08-18 20:50:54,new,unknown,,,
port:3.112.245.183:863,port,3.112.245.183:863,4,2026-08-18 20:50:54,new,unknown,,,
port:3.112.245.183:867,port,3.112.245.183:867,4,2026-08-18 20:50:54,new,unknown,,,
port:3.112.245.183:873,port,3.112.245.183:873,4,2026-08-18 20:50:54,new,unknown,,,
port:3.112.245.183:883,port,3.112.245.183:883,4,2026-08-18 20:50:54,new,unknown,,,
port:3.112.245.183:898,port,3.112.245.183:898,4,2026-08-18 20:50:54,new,unknown,,,
port:3.112.245.183:901,port,3.112.245.183:901,4,2026-08-18 20:50:54,new,unknown,,,
port:3.112.245.183:902,port,3.112.245.183:902,4,2026-08-18 20:50:54,new,unknown,,,
port:3.112.245.183:904,port,3.112.245.183:904,4,2026-08-18 20:50:54,new,unknown,,,
port:3.112.245.183:905,port,3.112.245.183:905,4,2026-08-18 20:50:54,new,unknown,,,
port:3.112.245.183:907,port,3.112.245.183:907,4,2026-08-18 20:50:54,new,unknown,,,
port:3.112.245.183:909,port,3.112.245.183:909,4,2026-08-18 20:50:54,new,unknown,,,
port:3.112.245.183:910,port,3.112.245.183:910,4,2026-08-18 20:50:54,new,unknown,,,
port:3.112.245.183:918,port,3.112.245.183:918,4,2026-08-18 20:50:54,new,unknown,,,
port:3.112.245.183:938,port,3.112.245.183:938,4,2026-08-18 20:50:54,new,unknown,,,
port:3.112.245.183:966,port,3.112.245.183:966,4,2026-08-18 20:50:54,new,unknown,,,
port:3.112.245.183:977,port,3.112.245.183:977,4,2026-08-18 20:50:54,new,unknown,,,
port:3.112.245.183:978,port,3.112.245.183:978,4,2026-08-18 20:50:54,new,unknown,,,
port:3.112.245.183:979,port,3.112.245.183:979,4,2026-08-18 20:50:54,new,unknown,,,
port:3.112.245.183:980,port,3.112.245.183:980,4,2026-08-18 20:50:54,new,unknown,,,
port:3.112.245.183:981,port,3.112.245.183:981,4,2026-08-18 20:50:54,new,unknown,,,
port:3.112.245.183:982,port,3.112.245.183:982,4,2026-08-18 20:50:54,new,unknown,,,
port:3.112.245.183:983,port,3.112.245.183:983,4,2026-08-18 20:50:54,new,unknown,,,
port:3.112.245.183:989,port,3.112.245.183:989,4,2026-08-18 20:50:54,new,unknown,,,
port:3.112.245.183:997,port,3.112.245.183:997,4,2026-08-18 20:50:54,new,unknown,,,
port:3.112.245.183:998,port,3.112.245.183:998,4,2026-08-18 20:50:54,new,unknown,,,
port:3.112.245.183:999,port,3.112.245.183:999,4,2026-08-18 20:50:54,new,unknown,,,
port:3.112.245.183:1001,port,3.112.245.183:1001,4,2026-08-18 20:50:54,new,unknown,,,
port:3.112.245.183:1002,port,3.112.245.183:1002,4,2026-08-18 20:50:54,new,unknown,,,
port:3.112.245.183:1003,port,3.112.245.183:1003,4,2026-08-18 20:50:54,new,unknown,,,
port:3.112.245.183:1004,port,3.112.245.183:1004,4,2026-08-18 20:50:54,new,unknown,,,
port:3.112.245.183:1005,port,3.112.245.183:1005,4,2026-08-18 20:50:54,new,unknown,,,
port:3.112.245.183:1006,port,3.112.245.183:1006,4,2026-08-18 20:50:54,new,unknown,,,
port:3.112.245.183:1007,port,3.112.245.183:1007,4,2026-08-18 20:50:54,new,unknown,,,
port:3.112.245.183:1008,port,3.112.245.183:1008,4,2026-08-18 20:50:54,new,unknown,,,
port:3.112.245.183:1009,port,3.112.245.183:1009,4,2026-08-18 20:50:54,new,unknown,,,
port:3.112.245.183:1010,port,3.112.245.183:1010,4,2026-08-18 20:50:54,new,unknown,,,
port:3.112.245.183:1011,port,3.112.245.183:1011,4,2026-08-18 20:50:54,new,unknown,,,
port:3.112.245.183:1012,port,3.112.245.183:1012,4,2026-08-18 20:50:54,new,unknown,,,
port:3.112.245.183:8011,port,3.112.245.183:8011,4,2026-08-18 20:50:54,new,unknown,,,
port:3.112.245.183:8018,port,3.112.245.183:8018,4,2026-08-18 20:50:54,new,unknown,,,
port:3.112.245.183:8028,port,3.112.245.183:8028,4,2026-08-18 20:50:54,new,unknown,,,
port:3.112.245.183:8031,port,3.112.245.183:8031,4,2026-08-18 20:50:54,new,unknown,,,
port:3.112.245.183:8038,port,3.112.245.183:8038,4,2026-08-18 20:50:54,new,unknown,,,
port:3.112.245.183:8048,port,3.112.245.183:8048,4,2026-08-18 20:50:54,new,unknown,,,
port:3.112.245.183:8049,port,3.112.245.183:8049,4,2026-08-18 20:50:54,new,unknown,,,
port:3.112.245.183:8061,port,3.112.245.183:8061,4,2026-08-18 20:50:54,new,unknown,,,
port:3.112.245.183:8080,port,3.112.245.183:8080,4,2026-08-18 20:50:54,new,unknown,,,
url:http://3.112.245.183:8080/,url,http://3.112.245.183:8080/,4,2026-08-18 20:50:54,scanned,请访问域名,Email,Email,nginx
port:3.112.245.183:8082,port,3.112.245.183:8082,4,2026-08-18 20:50:54,new,unknown,,,
port:3.112.245.183:8083,port,3.112.245.183:8083,4,2026-08-18 20:50:54,new,unknown,,,
port:3.112.245.183:8084,port,3.112.245.183:8084,4,2026-08-18 20:50:54,new,unknown,,,
port:3.112.245.183:8085,port,3.112.245.183:8085,4,2026-08-18 20:50:54,new,unknown,,,
port:3.112.245.183:8088,port,3.112.245.183:8088,4,2026-08-18 20:50:54,new,unknown,,,
port:3.112.245.183:8090,port,3.112.245.183:8090,4,2026-08-18 20:50:54,new,unknown,,,
port:3.112.245.183:8181,port,3.112.245.183:8181,4,2026-08-18 20:50:54,new,unknown,,,
port:3.112.245.183:8222,port,3.112.245.183:8222,4,2026-08-18 20:50:54,new,unknown,,,
port:3.112.245.183:8282,port,3.112.245.183:8282,4,2026-08-18 20:50:54,new,unknown,,,
port:3.112.245.183:8443,port,3.112.245.183:8443,4,2026-08-18 20:50:54,new,unknown,,,
url:https://3.112.245.183:8443/,url,https://3.112.245.183:8443/,4,2026-08-18 20:50:54,scanned,请访问域名,Email,Email,nginx
port:3.112.245.183:8888,port,3.112.245.183:8888,4,2026-08-18 20:50:54,new,unknown,,,
port:3.112.245.183:9001,port,3.112.245.183:9001,4,2026-08-18 20:50:54,new,unknown,,,
port:3.112.245.183:9007,port,3.112.245.183:9007,4,2026-08-18 20:50:54,new,unknown,,,
port:3.112.245.183:9008,port,3.112.245.183:9008,4,2026-08-18 20:50:54,new,unknown,,,
port:3.112.245.183:9015,port,3.112.245.183:9015,4,2026-08-18 20:50:54,new,unknown,,,
port:3.112.245.183:9025,port,3.112.245.183:9025,4,2026-08-18 20:50:54,new,unknown,,,
port:3.112.245.183:9058,port,3.112.245.183:9058,4,2026-08-18 20:50:54,new,unknown,,,
port:3.112.245.183:9081,port,3.112.245.183:9081,4,2026-08-18 20:50:54,new,unknown,,,
port:3.112.245.183:9090,port,3.112.245.183:9090,4,2026-08-18 20:50:54,new,unknown,,,
port:3.112.245.183:9095,port,3.112.245.183:9095,4,2026-08-18 20:50:54,new,unknown,,,
port:54.238.47.134:90,port,54.238.47.134:90,4,2026-08-18 20:50:54,new,unknown,,,
port:54.238.47.134:121,port,54.238.47.134:121,4,2026-08-18 20:50:54,new,unknown,,,
port:54.238.47.134:159,port,54.238.47.134:159,4,2026-08-18 20:50:54,new,unknown,,,
port:54.238.47.134:193,port,54.238.47.134:193,4,2026-08-18 20:50:54,new,unknown,,,
port:54.238.47.134:201,port,54.238.47.134:201,4,2026-08-18 20:50:54,new,unknown,,,
port:54.238.47.134:209,port,54.238.47.134:209,4,2026-08-18 20:50:54,new,unknown,,,
port:54.238.47.134:236,port,54.238.47.134:236,4,2026-08-18 20:50:54,new,unknown,,,
port:54.238.47.134:258,port,54.238.47.134:258,4,2026-08-18 20:50:54,new,unknown,,,
port:54.238.47.134:288,port,54.238.47.134:288,4,2026-08-18 20:50:54,new,unknown,,,
port:54.238.47.134:301,port,54.238.47.134:301,4,2026-08-18 20:50:54,new,unknown,,,
port:54.238.47.134:302,port,54.238.47.134:302,4,2026-08-18 20:50:54,new,unknown,,,
port:54.238.47.134:303,port,54.238.47.134:303,4,2026-08-18 20:50:54,new,unknown,,,
port:54.238.47.134:304,port,54.238.47.134:304,4,2026-08-18 20:50:54,new,unknown,,,
port:54.238.47.134:305,port,54.238.47.134:305,4,2026-08-18 20:50:54,new,unknown,,,
port:54.238.47.134:308,port,54.238.47.134:308,4,2026-08-18 20:50:54,new,unknown,,,
port:54.238.47.134:321,port,54.238.47.134:321,4,2026-08-18 20:50:54,new,unknown,,,
port:54.238.47.134:356,port,54.238.47.134:356,4,2026-08-18 20:50:54,new,unknown,,,
port:54.238.47.134:364,port,54.238.47.134:364,4,2026-08-18 20:50:54,new,unknown,,,
port:54.238.47.134:365,port,54.238.47.134:365,4,2026-08-18 20:50:54,new,unknown,,,
port:54.238.47.134:408,port,54.238.47.134:408,4,2026-08-18 20:50:54,new,unknown,,,
port:54.238.47.134:441,port,54.238.47.134:441,4,2026-08-18 20:50:54,new,unknown,,,
port:54.238.47.134:443,port,54.238.47.134:443,4,2026-08-18 20:50:54,new,unknown,,,
url:https://54.238.47.134:443/,url,https://54.238.47.134:443/,4,2026-08-18 20:50:54,scanned,请访问域名,Email,Email,nginx
port:54.238.47.134:500,port,54.238.47.134:500,4,2026-08-18 20:50:54,new,unknown,,,
port:54.238.47.134:501,port,54.238.47.134:501,4,2026-08-18 20:50:54,new,unknown,,,
port:54.238.47.134:502,port,54.238.47.134:502,4,2026-08-18 20:50:54,new,unknown,,,
port:54.238.47.134:509,port,54.238.47.134:509,4,2026-08-18 20:50:54,new,unknown,,,
port:54.238.47.134:510,port,54.238.47.134:510,4,2026-08-18 20:50:54,new,unknown,,,
port:54.238.47.134:511,port,54.238.47.134:511,4,2026-08-18 20:50:54,new,unknown,,,
port:54.238.47.134:512,port,54.238.47.134:512,4,2026-08-18 20:50:54,new,unknown,,,
port:54.238.47.134:513,port,54.238.47.134:513,4,2026-08-18 20:50:54,new,unknown,,,
port:54.238.47.134:514,port,54.238.47.134:514,4,2026-08-18 20:50:54,new,unknown,,,
port:54.238.47.134:568,port,54.238.47.134:568,4,2026-08-18 20:50:54,new,unknown,,,
port:54.238.47.134:588,port,54.238.47.134:588,4,2026-08-18 20:50:54,new,unknown,,,
port:54.238.47.134:589,port,54.238.47.134:589,4,2026-08-18 20:50:54,new,unknown,,,
port:54.238.47.134:600,port,54.238.47.134:600,4,2026-08-18 20:50:54,new,unknown,,,
port:54.238.47.134:632,port,54.238.47.134:632,4,2026-08-18 20:50:54,new,unknown,,,
port:54.238.47.134:663,port,54.238.47.134:663,4,2026-08-18 20:50:54,new,unknown,,,
port:54.238.47.134:686,port,54.238.47.134:686,4,2026-08-18 20:50:54,new,unknown,,,
port:54.238.47.134:688,port,54.238.47.134:688,4,2026-08-18 20:50:54,new,unknown,,,
port:54.238.47.134:777,port,54.238.47.134:777,4,2026-08-18 20:50:54,new,unknown,,,
port:54.238.47.134:778,port,54.238.47.134:778,4,2026-08-18 20:50:54,new,unknown,,,
port:54.238.47.134:808,port,54.238.47.134:808,4,2026-08-18 20:50:54,new,unknown,,,
port:54.238.47.134:836,port,54.238.47.134:836,4,2026-08-18 20:50:54,new,unknown,,,
port:54.238.47.134:837,port,54.238.47.134:837,4,2026-08-18 20:50:54,new,unknown,,,
port:54.238.47.134:842,port,54.238.47.134:842,4,2026-08-18 20:50:54,new,unknown,,,
port:54.238.47.134:852,port,54.238.47.134:852,4,2026-08-18 20:50:54,new,unknown,,,
port:54.238.47.134:854,port,54.238.47.134:854,4,2026-08-18 20:50:54,new,unknown,,,
port:54.238.47.134:855,port,54.238.47.134:855,4,2026-08-18 20:50:54,new,unknown,,,
port:54.238.47.134:903,port,54.238.47.134:903,4,2026-08-18 20:50:54,new,unknown,,,
port:54.238.47.134:904,port,54.238.47.134:904,4,2026-08-18 20:50:54,new,unknown,,,
port:54.238.47.134:910,port,54.238.47.134:910,4,2026-08-18 20:50:54,new,unknown,,,
port:54.238.47.134:912,port,54.238.47.134:912,4,2026-08-18 20:50:54,new,unknown,,,
port:54.238.47.134:966,port,54.238.47.134:966,4,2026-08-18 20:50:54,new,unknown,,,
port:54.238.47.134:977,port,54.238.47.134:977,4,2026-08-18 20:50:54,new,unknown,,,
port:54.238.47.134:978,port,54.238.47.134:978,4,2026-08-18 20:50:54,new,unknown,,,
port:54.238.47.134:979,port,54.238.47.134:979,4,2026-08-18 20:50:54,new,unknown,,,
port:54.238.47.134:980,port,54.238.47.134:980,4,2026-08-18 20:50:54,new,unknown,,,
port:54.238.47.134:981,port,54.238.47.134:981,4,2026-08-18 20:50:54,new,unknown,,,
port:54.238.47.134:982,port,54.238.47.134:982,4,2026-08-18 20:50:54,new,unknown,,,
port:54.238.47.134:983,port,54.238.47.134:983,4,2026-08-18 20:50:54,new,unknown,,,
port:54.238.47.134:989,port,54.238.47.134:989,4,2026-08-18 20:50:54,new,unknown,,,
port:54.238.47.134:1003,port,54.238.47.134:1003,4,2026-08-18 20:50:54,new,unknown,,,
port:54.238.47.134:1005,port,54.238.47.134:1005,4,2026-08-18 20:50:54,new,unknown,,,
port:54.238.47.134:1006,port,54.238.47.134:1006,4,2026-08-18 20:50:54,new,unknown,,,
port:54.238.47.134:8028,port,54.238.47.134:8028,4,2026-08-18 20:50:54,new,unknown,,,
port:54.238.47.134:8031,port,54.238.47.134:8031,4,2026-08-18 20:50:54,new,unknown,,,
port:54.238.47.134:8061,port,54.238.47.134:8061,4,2026-08-18 20:50:54,new,unknown,,,
port:54.238.47.134:8082,port,54.238.47.134:8082,4,2026-08-18 20:50:54,new,unknown,,,
port:54.238.47.134:8083,port,54.238.47.134:8083,4,2026-08-18 20:50:54,new,unknown,,,
port:54.238.47.134:8084,port,54.238.47.134:8084,4,2026-08-18 20:50:54,new,unknown,,,
port:54.238.47.134:8085,port,54.238.47.134:8085,4,2026-08-18 20:50:54,new,unknown,,,
port:54.238.47.134:8088,port,54.238.47.134:8088,4,2026-08-18 20:50:54,new,unknown,,,
port:54.238.47.134:8090,port,54.238.47.134:8090,4,2026-08-18 20:50:54,new,unknown,,,
port:54.238.47.134:8181,port,54.238.47.134:8181,4,2026-08-18 20:50:54,new,unknown,,,
port:54.238.47.134:8222,port,54.238.47.134:8222,4,2026-08-18 20:50:54,new,unknown,,,
port:54.238.47.134:8282,port,54.238.47.134:8282,4,2026-08-18 20:50:54,new,unknown,,,
port:54.238.47.134:8443,port,54.238.47.134:8443,4,2026-08-18 20:50:54,new,unknown,,,
url:https://54.238.47.134:8443/,url,https://54.238.47.134:8443/,4,2026-08-18 20:50:54,scanned,请访问域名,Email,Email,nginx
port:54.238.47.134:9001,port,54.238.47.134:9001,4,2026-08-18 20:50:54,new,unknown,,,
port:54.238.47.134:9058,port,54.238.47.134:9058,4,2026-08-18 20:50:54,new,unknown,,,
port:54.238.47.134:9095,port,54.238.47.134:9095,4,2026-08-18 20:50:54,new,unknown,,,
port:18.181.195.252:99,port,18.181.195.252:99,4,2026-08-18 20:50:54,new,unknown,,,
port:18.181.195.252:108,port,18.181.195.252:108,4,2026-08-18 20:50:54,new,unknown,,,
port:18.181.195.252:151,port,18.181.195.252:151,4,2026-08-18 20:50:54,new,unknown,,,
port:18.181.195.252:158,port,18.181.195.252:158,4,2026-08-18 20:50:54,new,unknown,,,
port:18.181.195.252:159,port,18.181.195.252:159,4,2026-08-18 20:50:54,new,unknown,,,
port:18.181.195.252:188,port,18.181.195.252:188,4,2026-08-18 20:50:54,new,unknown,,,
port:18.181.195.252:203,port,18.181.195.252:203,4,2026-08-18 20:50:54,new,unknown,,,
port:18.181.195.252:236,port,18.181.195.252:236,4,2026-08-18 20:50:54,new,unknown,,,
port:18.181.195.252:258,port,18.181.195.252:258,4,2026-08-18 20:50:54,new,unknown,,,
port:18.181.195.252:288,port,18.181.195.252:288,4,2026-08-18 20:50:54,new,unknown,,,
port:18.181.195.252:301,port,18.181.195.252:301,4,2026-08-18 20:50:54,new,unknown,,,
port:18.181.195.252:302,port,18.181.195.252:302,4,2026-08-18 20:50:54,new,unknown,,,
port:18.181.195.252:303,port,18.181.195.252:303,4,2026-08-18 20:50:54,new,unknown,,,
port:18.181.195.252:304,port,18.181.195.252:304,4,2026-08-18 20:50:54,new,unknown,,,
port:18.181.195.252:305,port,18.181.195.252:305,4,2026-08-18 20:50:54,new,unknown,,,
port:18.181.195.252:308,port,18.181.195.252:308,4,2026-08-18 20:50:54,new,unknown,,,
port:18.181.195.252:321,port,18.181.195.252:321,4,2026-08-18 20:50:54,new,unknown,,,
port:18.181.195.252:356,port,18.181.195.252:356,4,2026-08-18 20:50:54,new,unknown,,,
port:18.181.195.252:408,port,18.181.195.252:408,4,2026-08-18 20:50:54,new,unknown,,,
port:18.181.195.252:443,port,18.181.195.252:443,4,2026-08-18 20:50:54,new,unknown,,,
url:https://18.181.195.252:443/,url,https://18.181.195.252:443/,4,2026-08-18 20:50:54,scanned,请访问域名,Email,Email,nginx
port:18.181.195.252:500,port,18.181.195.252:500,4,2026-08-18 20:50:54,new,unknown,,,
port:18.181.195.252:501,port,18.181.195.252:501,4,2026-08-18 20:50:54,new,unknown,,,
port:18.181.195.252:502,port,18.181.195.252:502,4,2026-08-18 20:50:54,new,unknown,,,
port:18.181.195.252:509,port,18.181.195.252:509,4,2026-08-18 20:50:54,new,unknown,,,
port:18.181.195.252:510,port,18.181.195.252:510,4,2026-08-18 20:50:54,new,unknown,,,
port:18.181.195.252:511,port,18.181.195.252:511,4,2026-08-18 20:50:54,new,unknown,,,
port:18.181.195.252:512,port,18.181.195.252:512,4,2026-08-18 20:50:54,new,unknown,,,
port:18.181.195.252:513,port,18.181.195.252:513,4,2026-08-18 20:50:54,new,unknown,,,
port:18.181.195.252:514,port,18.181.195.252:514,4,2026-08-18 20:50:54,new,unknown,,,
port:18.181.195.252:525,port,18.181.195.252:525,4,2026-08-18 20:50:54,new,unknown,,,
port:18.181.195.252:568,port,18.181.195.252:568,4,2026-08-18 20:50:54,new,unknown,,,
port:18.181.195.252:588,port,18.181.195.252:588,4,2026-08-18 20:50:54,new,unknown,,,
port:18.181.195.252:589,port,18.181.195.252:589,4,2026-08-18 20:50:54,new,unknown,,,
port:18.181.195.252:600,port,18.181.195.252:600,4,2026-08-18 20:50:54,new,unknown,,,
port:18.181.195.252:632,port,18.181.195.252:632,4,2026-08-18 20:50:54,new,unknown,,,
port:18.181.195.252:663,port,18.181.195.252:663,4,2026-08-18 20:50:54,new,unknown,,,
port:18.181.195.252:685,port,18.181.195.252:685,4,2026-08-18 20:50:54,new,unknown,,,
port:18.181.195.252:686,port,18.181.195.252:686,4,2026-08-18 20:50:54,new,unknown,,,
port:18.181.195.252:841,port,18.181.195.252:841,4,2026-08-18 20:50:54,new,unknown,,,
port:18.181.195.252:852,port,18.181.195.252:852,4,2026-08-18 20:50:54,new,unknown,,,
port:18.181.195.252:855,port,18.181.195.252:855,4,2026-08-18 20:50:54,new,unknown,,,
port:18.181.195.252:874,port,18.181.195.252:874,4,2026-08-18 20:50:54,new,unknown,,,
port:18.181.195.252:877,port,18.181.195.252:877,4,2026-08-18 20:50:54,new,unknown,,,
port:18.181.195.252:905,port,18.181.195.252:905,4,2026-08-18 20:50:54,new,unknown,,,
port:18.181.195.252:909,port,18.181.195.252:909,4,2026-08-18 20:50:54,new,unknown,,,
port:18.181.195.252:966,port,18.181.195.252:966,4,2026-08-18 20:50:54,new,unknown,,,
port:18.181.195.252:977,port,18.181.195.252:977,4,2026-08-18 20:50:54,new,unknown,,,
port:18.181.195.252:978,port,18.181.195.252:978,4,2026-08-18 20:50:54,new,unknown,,,
port:18.181.195.252:979,port,18.181.195.252:979,4,2026-08-18 20:50:54,new,unknown,,,
port:18.181.195.252:980,port,18.181.195.252:980,4,2026-08-18 20:50:54,new,unknown,,,
port:18.181.195.252:989,port,18.181.195.252:989,4,2026-08-18 20:50:54,new,unknown,,,
port:18.181.195.252:997,port,18.181.195.252:997,4,2026-08-18 20:50:54,new,unknown,,,
port:18.181.195.252:999,port,18.181.195.252:999,4,2026-08-18 20:50:54,new,unknown,,,
port:18.181.195.252:1004,port,18.181.195.252:1004,4,2026-08-18 20:50:54,new,unknown,,,
port:18.181.195.252:1005,port,18.181.195.252:1005,4,2026-08-18 20:50:54,new,unknown,,,
port:18.181.195.252:1011,port,18.181.195.252:1011,4,2026-08-18 20:50:54,new,unknown,,,
port:18.181.195.252:1012,port,18.181.195.252:1012,4,2026-08-18 20:50:54,new,unknown,,,
port:18.181.195.252:8031,port,18.181.195.252:8031,4,2026-08-18 20:50:54,new,unknown,,,
port:18.181.195.252:8038,port,18.181.195.252:8038,4,2026-08-18 20:50:54,new,unknown,,,
port:18.181.195.252:8049,port,18.181.195.252:8049,4,2026-08-18 20:50:54,new,unknown,,,
port:18.181.195.252:8080,port,18.181.195.252:8080,4,2026-08-18 20:50:54,new,unknown,,,
url:http://18.181.195.252:8080/,url,http://18.181.195.252:8080/,4,2026-08-18 20:50:54,scanned,请访问域名,Email,Email,nginx
port:18.181.195.252:8082,port,18.181.195.252:8082,4,2026-08-18 20:50:54,new,unknown,,,
port:18.181.195.252:8083,port,18.181.195.252:8083,4,2026-08-18 20:50:54,new,unknown,,,
port:18.181.195.252:8084,port,18.181.195.252:8084,4,2026-08-18 20:50:54,new,unknown,,,
port:18.181.195.252:8085,port,18.181.195.252:8085,4,2026-08-18 20:50:54,new,unknown,,,
port:18.181.195.252:8088,port,18.181.195.252:8088,4,2026-08-18 20:50:54,new,unknown,,,
port:18.181.195.252:8090,port,18.181.195.252:8090,4,2026-08-18 20:50:54,new,unknown,,,
port:18.181.195.252:8181,port,18.181.195.252:8181,4,2026-08-18 20:50:54,new,unknown,,,
port:18.181.195.252:8222,port,18.181.195.252:8222,4,2026-08-18 20:50:54,new,unknown,,,
port:18.181.195.252:9007,port,18.181.195.252:9007,4,2026-08-18 20:50:54,new,unknown,,,
port:18.181.195.252:9025,port,18.181.195.252:9025,4,2026-08-18 20:50:54,new,unknown,,,
port:18.181.195.252:9058,port,18.181.195.252:9058,4,2026-08-18 20:50:54,new,unknown,,,
port:3.113.7.49:22,port,3.113.7.49:22,3,2026-08-18 20:50:55,new,unknown,,,
port:3.113.7.49:90,port,3.113.7.49:90,3,2026-08-18 20:50:55,new,unknown,,,
port:3.113.7.49:98,port,3.113.7.49:98,3,2026-08-18 20:50:55,new,unknown,,,
port:3.113.7.49:99,port,3.113.7.49:99,3,2026-08-18 20:50:55,new,unknown,,,
port:3.113.7.49:108,port,3.113.7.49:108,3,2026-08-18 20:50:55,new,unknown,,,
port:3.113.7.49:121,port,3.113.7.49:121,3,2026-08-18 20:50:55,new,unknown,,,
port:3.113.7.49:122,port,3.113.7.49:122,3,2026-08-18 20:50:55,new,unknown,,,
port:3.113.7.49:126,port,3.113.7.49:126,3,2026-08-18 20:50:55,new,unknown,,,
port:3.113.7.49:151,port,3.113.7.49:151,3,2026-08-18 20:50:55,new,unknown,,,
port:3.113.7.49:159,port,3.113.7.49:159,3,2026-08-18 20:50:55,new,unknown,,,
port:3.113.7.49:188,port,3.113.7.49:188,3,2026-08-18 20:50:55,new,unknown,,,
port:3.113.7.49:193,port,3.113.7.49:193,3,2026-08-18 20:50:55,new,unknown,,,
port:3.113.7.49:201,port,3.113.7.49:201,3,2026-08-18 20:50:55,new,unknown,,,
port:3.113.7.49:206,port,3.113.7.49:206,3,2026-08-18 20:50:55,new,unknown,,,
port:3.113.7.49:288,port,3.113.7.49:288,3,2026-08-18 20:50:55,new,unknown,,,
port:3.113.7.49:305,port,3.113.7.49:305,3,2026-08-18 20:50:55,new,unknown,,,
port:3.113.7.49:408,port,3.113.7.49:408,3,2026-08-18 20:50:55,new,unknown,,,
port:3.113.7.49:441,port,3.113.7.49:441,3,2026-08-18 20:50:55,new,unknown,,,
port:3.113.7.49:443,port,3.113.7.49:443,3,2026-08-18 20:50:55,new,unknown,,,
url:https://3.113.7.49:443/,url,https://3.113.7.49:443/,3,2026-08-18 20:50:55,scanned,请访问域名,Email,Email,nginx
port:3.113.7.49:502,port,3.113.7.49:502,3,2026-08-18 20:50:55,new,unknown,,,
port:3.113.7.49:509,port,3.113.7.49:509,3,2026-08-18 20:50:55,new,unknown,,,
port:3.113.7.49:512,port,3.113.7.49:512,3,2026-08-18 20:50:55,new,unknown,,,
port:3.113.7.49:513,port,3.113.7.49:513,3,2026-08-18 20:50:55,new,unknown,,,
port:3.113.7.49:514,port,3.113.7.49:514,3,2026-08-18 20:50:55,new,unknown,,,
port:3.113.7.49:520,port,3.113.7.49:520,3,2026-08-18 20:50:55,new,unknown,,,
port:3.113.7.49:523,port,3.113.7.49:523,3,2026-08-18 20:50:55,new,unknown,,,
port:3.113.7.49:568,port,3.113.7.49:568,3,2026-08-18 20:50:55,new,unknown,,,
port:3.113.7.49:588,port,3.113.7.49:588,3,2026-08-18 20:50:55,new,unknown,,,
port:3.113.7.49:589,port,3.113.7.49:589,3,2026-08-18 20:50:55,new,unknown,,,
port:3.113.7.49:632,port,3.113.7.49:632,3,2026-08-18 20:50:55,new,unknown,,,
port:3.113.7.49:663,port,3.113.7.49:663,3,2026-08-18 20:50:55,new,unknown,,,
port:3.113.7.49:686,port,3.113.7.49:686,3,2026-08-18 20:50:55,new,unknown,,,
port:3.113.7.49:688,port,3.113.7.49:688,3,2026-08-18 20:50:55,new,unknown,,,
port:3.113.7.49:836,port,3.113.7.49:836,3,2026-08-18 20:50:55,new,unknown,,,
port:3.113.7.49:837,port,3.113.7.49:837,3,2026-08-18 20:50:55,new,unknown,,,
port:3.113.7.49:840,port,3.113.7.49:840,3,2026-08-18 20:50:55,new,unknown,,,
port:3.113.7.49:842,port,3.113.7.49:842,3,2026-08-18 20:50:55,new,unknown,,,
port:3.113.7.49:877,port,3.113.7.49:877,3,2026-08-18 20:50:55,new,unknown,,,
port:3.113.7.49:878,port,3.113.7.49:878,3,2026-08-18 20:50:55,new,unknown,,,
port:3.113.7.49:883,port,3.113.7.49:883,3,2026-08-18 20:50:55,new,unknown,,,
port:3.113.7.49:901,port,3.113.7.49:901,3,2026-08-18 20:50:55,new,unknown,,,
port:3.113.7.49:902,port,3.113.7.49:902,3,2026-08-18 20:50:55,new,unknown,,,
port:3.113.7.49:903,port,3.113.7.49:903,3,2026-08-18 20:50:55,new,unknown,,,
port:3.113.7.49:904,port,3.113.7.49:904,3,2026-08-18 20:50:55,new,unknown,,,
port:3.113.7.49:905,port,3.113.7.49:905,3,2026-08-18 20:50:55,new,unknown,,,
port:3.113.7.49:906,port,3.113.7.49:906,3,2026-08-18 20:50:55,new,unknown,,,
port:3.113.7.49:907,port,3.113.7.49:907,3,2026-08-18 20:50:55,new,unknown,,,
port:3.113.7.49:909,port,3.113.7.49:909,3,2026-08-18 20:50:55,new,unknown,,,
port:3.113.7.49:910,port,3.113.7.49:910,3,2026-08-18 20:50:55,new,unknown,,,
port:3.113.7.49:938,port,3.113.7.49:938,3,2026-08-18 20:50:55,new,unknown,,,
port:3.113.7.49:977,port,3.113.7.49:977,3,2026-08-18 20:50:55,new,unknown,,,
port:3.113.7.49:981,port,3.113.7.49:981,3,2026-08-18 20:50:55,new,unknown,,,
port:3.113.7.49:982,port,3.113.7.49:982,3,2026-08-18 20:50:55,new,unknown,,,
port:3.113.7.49:983,port,3.113.7.49:983,3,2026-08-18 20:50:55,new,unknown,,,
port:3.113.7.49:989,port,3.113.7.49:989,3,2026-08-18 20:50:55,new,unknown,,,
port:3.113.7.49:997,port,3.113.7.49:997,3,2026-08-18 20:50:55,new,unknown,,,
port:3.113.7.49:998,port,3.113.7.49:998,3,2026-08-18 20:50:55,new,unknown,,,
port:3.113.7.49:999,port,3.113.7.49:999,3,2026-08-18 20:50:55,new,unknown,,,
port:3.113.7.49:1001,port,3.113.7.49:1001,3,2026-08-18 20:50:55,new,unknown,,,
port:3.113.7.49:1002,port,3.113.7.49:1002,3,2026-08-18 20:50:55,new,unknown,,,
port:3.113.7.49:1003,port,3.113.7.49:1003,3,2026-08-18 20:50:55,new,unknown,,,
port:3.113.7.49:1004,port,3.113.7.49:1004,3,2026-08-18 20:50:55,new,unknown,,,
port:3.113.7.49:1005,port,3.113.7.49:1005,3,2026-08-18 20:50:55,new,unknown,,,
port:3.113.7.49:1006,port,3.113.7.49:1006,3,2026-08-18 20:50:55,new,unknown,,,
port:3.113.7.49:1007,port,3.113.7.49:1007,3,2026-08-18 20:50:55,new,unknown,,,
port:3.113.7.49:1008,port,3.113.7.49:1008,3,2026-08-18 20:50:55,new,unknown,,,
port:3.113.7.49:1009,port,3.113.7.49:1009,3,2026-08-18 20:50:55,new,unknown,,,
port:3.113.7.49:1010,port,3.113.7.49:1010,3,2026-08-18 20:50:55,new,unknown,,,
port:3.113.7.49:1011,port,3.113.7.49:1011,3,2026-08-18 20:50:55,new,unknown,,,
port:3.113.7.49:8011,port,3.113.7.49:8011,3,2026-08-18 20:50:55,new,unknown,,,
port:3.113.7.49:8048,port,3.113.7.49:8048,3,2026-08-18 20:50:55,new,unknown,,,
port:3.113.7.49:8049,port,3.113.7.49:8049,3,2026-08-18 20:50:55,new,unknown,,,
port:3.113.7.49:8061,port,3.113.7.49:8061,3,2026-08-18 20:50:55,new,unknown,,,
port:3.113.7.49:8082,port,3.113.7.49:8082,3,2026-08-18 20:50:55,new,unknown,,,
port:3.113.7.49:8083,port,3.113.7.49:8083,3,2026-08-18 20:50:55,new,unknown,,,
port:3.113.7.49:8084,port,3.113.7.49:8084,3,2026-08-18 20:50:55,new,unknown,,,
port:3.113.7.49:8085,port,3.113.7.49:8085,3,2026-08-18 20:50:55,new,unknown,,,
port:3.113.7.49:8088,port,3.113.7.49:8088,3,2026-08-18 20:50:55,new,unknown,,,
port:3.113.7.49:8090,port,3.113.7.49:8090,3,2026-08-18 20:50:55,new,unknown,,,
port:3.113.7.49:8181,port,3.113.7.49:8181,3,2026-08-18 20:50:55,new,unknown,,,
port:3.113.7.49:8222,port,3.113.7.49:8222,3,2026-08-18 20:50:55,new,unknown,,,
port:3.113.7.49:8443,port,3.113.7.49:8443,3,2026-08-18 20:50:55,new,unknown,,,
url:https://3.113.7.49:8443/,url,https://3.113.7.49:8443/,3,2026-08-18 20:50:55,scanned,请访问域名,Email,Email,nginx
port:3.113.7.49:9008,port,3.113.7.49:9008,3,2026-08-18 20:50:55,new,unknown,,,
port:3.113.7.49:9015,port,3.113.7.49:9015,3,2026-08-18 20:50:55,new,unknown,,,
port:3.113.7.49:9081,port,3.113.7.49:9081,3,2026-08-18 20:50:55,new,unknown,,,
port:3.113.7.49:9090,port,3.113.7.49:9090,3,2026-08-18 20:50:55,new,unknown,,,
port:13.231.143.44:22,port,13.231.143.44:22,3,2026-08-18 20:50:55,new,unknown,,,
port:13.231.143.44:81,port,13.231.143.44:81,3,2026-08-18 20:50:55,new,unknown,,,
port:13.231.143.44:82,port,13.231.143.44:82,3,2026-08-18 20:50:55,new,unknown,,,
port:13.231.143.44:83,port,13.231.143.44:83,3,2026-08-18 20:50:55,new,unknown,,,
port:13.231.143.44:97,port,13.231.143.44:97,3,2026-08-18 20:50:55,new,unknown,,,
port:13.231.143.44:98,port,13.231.143.44:98,3,2026-08-18 20:50:55,new,unknown,,,
port:13.231.143.44:99,port,13.231.143.44:99,3,2026-08-18 20:50:55,new,unknown,,,
port:13.231.143.44:108,port,13.231.143.44:108,3,2026-08-18 20:50:55,new,unknown,,,
port:13.231.143.44:121,port,13.231.143.44:121,3,2026-08-18 20:50:55,new,unknown,,,
port:13.231.143.44:122,port,13.231.143.44:122,3,2026-08-18 20:50:55,new,unknown,,,
port:13.231.143.44:126,port,13.231.143.44:126,3,2026-08-18 20:50:55,new,unknown,,,
port:13.231.143.44:201,port,13.231.143.44:201,3,2026-08-18 20:50:55,new,unknown,,,
port:13.231.143.44:207,port,13.231.143.44:207,3,2026-08-18 20:50:55,new,unknown,,,
port:13.231.143.44:221,port,13.231.143.44:221,3,2026-08-18 20:50:55,new,unknown,,,
port:13.231.143.44:302,port,13.231.143.44:302,3,2026-08-18 20:50:55,new,unknown,,,
port:13.231.143.44:308,port,13.231.143.44:308,3,2026-08-18 20:50:55,new,unknown,,,
port:13.231.143.44:408,port,13.231.143.44:408,3,2026-08-18 20:50:55,new,unknown,,,
port:13.231.143.44:441,port,13.231.143.44:441,3,2026-08-18 20:50:55,new,unknown,,,
port:13.231.143.44:443,port,13.231.143.44:443,3,2026-08-18 20:50:55,new,unknown,,,
url:https://13.231.143.44:443/,url,https://13.231.143.44:443/,3,2026-08-18 20:50:55,scanned,请访问域名,Email,Email,nginx
port:13.231.143.44:509,port,13.231.143.44:509,3,2026-08-18 20:50:55,new,unknown,,,
port:13.231.143.44:510,port,13.231.143.44:510,3,2026-08-18 20:50:55,new,unknown,,,
port:13.231.143.44:511,port,13.231.143.44:511,3,2026-08-18 20:50:55,new,unknown,,,
port:13.231.143.44:513,port,13.231.143.44:513,3,2026-08-18 20:50:55,new,unknown,,,
port:13.231.143.44:514,port,13.231.143.44:514,3,2026-08-18 20:50:55,new,unknown,,,
port:13.231.143.44:520,port,13.231.143.44:520,3,2026-08-18 20:50:55,new,unknown,,,
port:13.231.143.44:523,port,13.231.143.44:523,3,2026-08-18 20:50:55,new,unknown,,,
port:13.231.143.44:525,port,13.231.143.44:525,3,2026-08-18 20:50:55,new,unknown,,,
port:13.231.143.44:568,port,13.231.143.44:568,3,2026-08-18 20:50:55,new,unknown,,,
port:13.231.143.44:588,port,13.231.143.44:588,3,2026-08-18 20:50:55,new,unknown,,,
port:13.231.143.44:589,port,13.231.143.44:589,3,2026-08-18 20:50:55,new,unknown,,,
port:13.231.143.44:600,port,13.231.143.44:600,3,2026-08-18 20:50:55,new,unknown,,,
port:13.231.143.44:685,port,13.231.143.44:685,3,2026-08-18 20:50:55,new,unknown,,,
port:13.231.143.44:686,port,13.231.143.44:686,3,2026-08-18 20:50:55,new,unknown,,,
port:13.231.143.44:688,port,13.231.143.44:688,3,2026-08-18 20:50:55,new,unknown,,,
port:13.231.143.44:836,port,13.231.143.44:836,3,2026-08-18 20:50:55,new,unknown,,,
port:13.231.143.44:837,port,13.231.143.44:837,3,2026-08-18 20:50:55,new,unknown,,,
port:13.231.143.44:871,port,13.231.143.44:871,3,2026-08-18 20:50:55,new,unknown,,,
port:13.231.143.44:905,port,13.231.143.44:905,3,2026-08-18 20:50:55,new,unknown,,,
port:13.231.143.44:906,port,13.231.143.44:906,3,2026-08-18 20:50:55,new,unknown,,,
port:13.231.143.44:977,port,13.231.143.44:977,3,2026-08-18 20:50:55,new,unknown,,,
port:13.231.143.44:978,port,13.231.143.44:978,3,2026-08-18 20:50:55,new,unknown,,,
port:13.231.143.44:979,port,13.231.143.44:979,3,2026-08-18 20:50:55,new,unknown,,,
port:13.231.143.44:980,port,13.231.143.44:980,3,2026-08-18 20:50:55,new,unknown,,,
port:13.231.143.44:981,port,13.231.143.44:981,3,2026-08-18 20:50:55,new,unknown,,,
port:13.231.143.44:982,port,13.231.143.44:982,3,2026-08-18 20:50:55,new,unknown,,,
port:13.231.143.44:997,port,13.231.143.44:997,3,2026-08-18 20:50:55,new,unknown,,,
port:13.231.143.44:1001,port,13.231.143.44:1001,3,2026-08-18 20:50:55,new,unknown,,,
port:13.231.143.44:1002,port,13.231.143.44:1002,3,2026-08-18 20:50:55,new,unknown,,,
port:13.231.143.44:1011,port,13.231.143.44:1011,3,2026-08-18 20:50:55,new,unknown,,,
port:13.231.143.44:1012,port,13.231.143.44:1012,3,2026-08-18 20:50:55,new,unknown,,,
port:13.231.143.44:8011,port,13.231.143.44:8011,3,2026-08-18 20:50:55,new,unknown,,,
port:13.231.143.44:8018,port,13.231.143.44:8018,3,2026-08-18 20:50:55,new,unknown,,,
port:13.231.143.44:8028,port,13.231.143.44:8028,3,2026-08-18 20:50:55,new,unknown,,,
port:13.231.143.44:8031,port,13.231.143.44:8031,3,2026-08-18 20:50:55,new,unknown,,,
port:13.231.143.44:8038,port,13.231.143.44:8038,3,2026-08-18 20:50:55,new,unknown,,,
port:13.231.143.44:8048,port,13.231.143.44:8048,3,2026-08-18 20:50:55,new,unknown,,,
port:13.231.143.44:8049,port,13.231.143.44:8049,3,2026-08-18 20:50:55,new,unknown,,,
port:13.231.143.44:8061,port,13.231.143.44:8061,3,2026-08-18 20:50:55,new,unknown,,,
port:13.231.143.44:8080,port,13.231.143.44:8080,3,2026-08-18 20:50:55,new,unknown,,,
url:http://13.231.143.44:8080/,url,http://13.231.143.44:8080/,3,2026-08-18 20:50:55,scanned,请访问域名,Email,Email,nginx
port:13.231.143.44:8082,port,13.231.143.44:8082,3,2026-08-18 20:50:55,new,unknown,,,
port:13.231.143.44:8083,port,13.231.143.44:8083,3,2026-08-18 20:50:55,new,unknown,,,
port:13.231.143.44:8084,port,13.231.143.44:8084,3,2026-08-18 20:50:55,new,unknown,,,
port:13.231.143.44:8085,port,13.231.143.44:8085,3,2026-08-18 20:50:55,new,unknown,,,
port:13.231.143.44:8088,port,13.231.143.44:8088,3,2026-08-18 20:50:55,new,unknown,,,
port:13.231.143.44:8090,port,13.231.143.44:8090,3,2026-08-18 20:50:55,new,unknown,,,
port:13.231.143.44:8181,port,13.231.143.44:8181,3,2026-08-18 20:50:55,new,unknown,,,
port:13.231.143.44:8282,port,13.231.143.44:8282,3,2026-08-18 20:50:55,new,unknown,,,
port:13.231.143.44:9008,port,13.231.143.44:9008,3,2026-08-18 20:50:55,new,unknown,,,
port:13.231.143.44:9015,port,13.231.143.44:9015,3,2026-08-18 20:50:55,new,unknown,,,
port:13.231.143.44:9025,port,13.231.143.44:9025,3,2026-08-18 20:50:55,new,unknown,,,
port:13.231.143.44:9095,port,13.231.143.44:9095,3,2026-08-18 20:50:55,new,unknown,,,
port:54.64.212.29:80,port,54.64.212.29:80,3,2026-08-18 20:50:55,new,unknown,,,
url:http://54.64.212.29:80/,url,http://54.64.212.29:80/,3,2026-08-18 20:50:55,scanned,请访问域名,Email,Email,nginx
port:54.64.212.29:81,port,54.64.212.29:81,3,2026-08-18 20:50:55,new,unknown,,,
port:54.64.212.29:83,port,54.64.212.29:83,3,2026-08-18 20:50:55,new,unknown,,,
port:54.64.212.29:98,port,54.64.212.29:98,3,2026-08-18 20:50:55,new,unknown,,,
port:54.64.212.29:99,port,54.64.212.29:99,3,2026-08-18 20:50:55,new,unknown,,,
port:54.64.212.29:121,port,54.64.212.29:121,3,2026-08-18 20:50:55,new,unknown,,,
port:54.64.212.29:122,port,54.64.212.29:122,3,2026-08-18 20:50:55,new,unknown,,,
port:54.64.212.29:126,port,54.64.212.29:126,3,2026-08-18 20:50:55,new,unknown,,,
port:54.64.212.29:203,port,54.64.212.29:203,3,2026-08-18 20:50:55,new,unknown,,,
port:54.64.212.29:206,port,54.64.212.29:206,3,2026-08-18 20:50:55,new,unknown,,,
port:54.64.212.29:209,port,54.64.212.29:209,3,2026-08-18 20:50:55,new,unknown,,,
port:54.64.212.29:221,port,54.64.212.29:221,3,2026-08-18 20:50:55,new,unknown,,,
port:54.64.212.29:236,port,54.64.212.29:236,3,2026-08-18 20:50:55,new,unknown,,,
port:54.64.212.29:301,port,54.64.212.29:301,3,2026-08-18 20:50:55,new,unknown,,,
port:54.64.212.29:302,port,54.64.212.29:302,3,2026-08-18 20:50:55,new,unknown,,,
port:54.64.212.29:304,port,54.64.212.29:304,3,2026-08-18 20:50:55,new,unknown,,,
port:54.64.212.29:321,port,54.64.212.29:321,3,2026-08-18 20:50:55,new,unknown,,,
port:54.64.212.29:356,port,54.64.212.29:356,3,2026-08-18 20:50:55,new,unknown,,,
port:54.64.212.29:364,port,54.64.212.29:364,3,2026-08-18 20:50:55,new,unknown,,,
port:54.64.212.29:365,port,54.64.212.29:365,3,2026-08-18 20:50:55,new,unknown,,,
port:54.64.212.29:408,port,54.64.212.29:408,3,2026-08-18 20:50:55,new,unknown,,,
port:54.64.212.29:441,port,54.64.212.29:441,3,2026-08-18 20:50:55,new,unknown,,,
port:54.64.212.29:443,port,54.64.212.29:443,3,2026-08-18 20:50:55,new,unknown,,,
url:https://54.64.212.29:443/,url,https://54.64.212.29:443/,3,2026-08-18 20:50:55,scanned,请访问域名,Email,Email,nginx
port:54.64.212.29:502,port,54.64.212.29:502,3,2026-08-18 20:50:55,new,unknown,,,
port:54.64.212.29:509,port,54.64.212.29:509,3,2026-08-18 20:50:55,new,unknown,,,
port:54.64.212.29:510,port,54.64.212.29:510,3,2026-08-18 20:50:55,new,unknown,,,
port:54.64.212.29:511,port,54.64.212.29:511,3,2026-08-18 20:50:55,new,unknown,,,
port:54.64.212.29:512,port,54.64.212.29:512,3,2026-08-18 20:50:55,new,unknown,,,
port:54.64.212.29:513,port,54.64.212.29:513,3,2026-08-18 20:50:55,new,unknown,,,
port:54.64.212.29:514,port,54.64.212.29:514,3,2026-08-18 20:50:55,new,unknown,,,
port:54.64.212.29:520,port,54.64.212.29:520,3,2026-08-18 20:50:55,new,unknown,,,
port:54.64.212.29:523,port,54.64.212.29:523,3,2026-08-18 20:50:55,new,unknown,,,
port:54.64.212.29:525,port,54.64.212.29:525,3,2026-08-18 20:50:55,new,unknown,,,
port:54.64.212.29:568,port,54.64.212.29:568,3,2026-08-18 20:50:55,new,unknown,,,
port:54.64.212.29:588,port,54.64.212.29:588,3,2026-08-18 20:50:55,new,unknown,,,
port:54.64.212.29:589,port,54.64.212.29:589,3,2026-08-18 20:50:55,new,unknown,,,
port:54.64.212.29:685,port,54.64.212.29:685,3,2026-08-18 20:50:55,new,unknown,,,
port:54.64.212.29:686,port,54.64.212.29:686,3,2026-08-18 20:50:55,new,unknown,,,
port:54.64.212.29:688,port,54.64.212.29:688,3,2026-08-18 20:50:55,new,unknown,,,
port:54.64.212.29:775,port,54.64.212.29:775,3,2026-08-18 20:50:55,new,unknown,,,
port:54.64.212.29:801,port,54.64.212.29:801,3,2026-08-18 20:50:55,new,unknown,,,
port:54.64.212.29:836,port,54.64.212.29:836,3,2026-08-18 20:50:55,new,unknown,,,
port:54.64.212.29:852,port,54.64.212.29:852,3,2026-08-18 20:50:55,new,unknown,,,
port:54.64.212.29:855,port,54.64.212.29:855,3,2026-08-18 20:50:55,new,unknown,,,
port:54.64.212.29:863,port,54.64.212.29:863,3,2026-08-18 20:50:55,new,unknown,,,
port:54.64.212.29:877,port,54.64.212.29:877,3,2026-08-18 20:50:55,new,unknown,,,
port:54.64.212.29:898,port,54.64.212.29:898,3,2026-08-18 20:50:55,new,unknown,,,
port:54.64.212.29:903,port,54.64.212.29:903,3,2026-08-18 20:50:55,new,unknown,,,
port:54.64.212.29:904,port,54.64.212.29:904,3,2026-08-18 20:50:55,new,unknown,,,
port:54.64.212.29:906,port,54.64.212.29:906,3,2026-08-18 20:50:55,new,unknown,,,
port:54.64.212.29:907,port,54.64.212.29:907,3,2026-08-18 20:50:55,new,unknown,,,
port:54.64.212.29:909,port,54.64.212.29:909,3,2026-08-18 20:50:55,new,unknown,,,
port:54.64.212.29:910,port,54.64.212.29:910,3,2026-08-18 20:50:55,new,unknown,,,
port:54.64.212.29:977,port,54.64.212.29:977,3,2026-08-18 20:50:55,new,unknown,,,
port:54.64.212.29:978,port,54.64.212.29:978,3,2026-08-18 20:50:55,new,unknown,,,
port:54.64.212.29:979,port,54.64.212.29:979,3,2026-08-18 20:50:55,new,unknown,,,
port:54.64.212.29:980,port,54.64.212.29:980,3,2026-08-18 20:50:55,new,unknown,,,
port:54.64.212.29:981,port,54.64.212.29:981,3,2026-08-18 20:50:55,new,unknown,,,
port:54.64.212.29:982,port,54.64.212.29:982,3,2026-08-18 20:50:55,new,unknown,,,
port:54.64.212.29:983,port,54.64.212.29:983,3,2026-08-18 20:50:55,new,unknown,,,
port:54.64.212.29:989,port,54.64.212.29:989,3,2026-08-18 20:50:55,new,unknown,,,
port:54.64.212.29:997,port,54.64.212.29:997,3,2026-08-18 20:50:55,new,unknown,,,
port:54.64.212.29:998,port,54.64.212.29:998,3,2026-08-18 20:50:55,new,unknown,,,
port:54.64.212.29:999,port,54.64.212.29:999,3,2026-08-18 20:50:55,new,unknown,,,
port:54.64.212.29:1001,port,54.64.212.29:1001,3,2026-08-18 20:50:55,new,unknown,,,
port:54.64.212.29:1004,port,54.64.212.29:1004,3,2026-08-18 20:50:55,new,unknown,,,
port:54.64.212.29:1006,port,54.64.212.29:1006,3,2026-08-18 20:50:55,new,unknown,,,
port:54.64.212.29:1007,port,54.64.212.29:1007,3,2026-08-18 20:50:55,new,unknown,,,
port:54.64.212.29:1008,port,54.64.212.29:1008,3,2026-08-18 20:50:55,new,unknown,,,
port:54.64.212.29:1009,port,54.64.212.29:1009,3,2026-08-18 20:50:55,new,unknown,,,
port:54.64.212.29:1010,port,54.64.212.29:1010,3,2026-08-18 20:50:55,new,unknown,,,
port:54.64.212.29:1011,port,54.64.212.29:1011,3,2026-08-18 20:50:55,new,unknown,,,
port:54.64.212.29:8049,port,54.64.212.29:8049,3,2026-08-18 20:50:55,new,unknown,,,
port:54.64.212.29:8061,port,54.64.212.29:8061,3,2026-08-18 20:50:55,new,unknown,,,
port:54.64.212.29:8080,port,54.64.212.29:8080,3,2026-08-18 20:50:55,new,unknown,,,
url:http://54.64.212.29:8080/,url,http://54.64.212.29:8080/,3,2026-08-18 20:50:55,scanned,请访问域名,Email,Email,nginx
port:54.64.212.29:8082,port,54.64.212.29:8082,3,2026-08-18 20:50:55,new,unknown,,,
port:54.64.212.29:8083,port,54.64.212.29:8083,3,2026-08-18 20:50:55,new,unknown,,,
port:54.64.212.29:8084,port,54.64.212.29:8084,3,2026-08-18 20:50:55,new,unknown,,,
port:54.64.212.29:8085,port,54.64.212.29:8085,3,2026-08-18 20:50:55,new,unknown,,,
port:54.64.212.29:8088,port,54.64.212.29:8088,3,2026-08-18 20:50:55,new,unknown,,,
port:54.64.212.29:8090,port,54.64.212.29:8090,3,2026-08-18 20:50:55,new,unknown,,,
port:54.64.212.29:8181,port,54.64.212.29:8181,3,2026-08-18 20:50:55,new,unknown,,,
port:54.64.212.29:8222,port,54.64.212.29:8222,3,2026-08-18 20:50:55,new,unknown,,,
port:54.64.212.29:8443,port,54.64.212.29:8443,3,2026-08-18 20:50:55,new,unknown,,,
url:https://54.64.212.29:8443/,url,https://54.64.212.29:8443/,3,2026-08-18 20:50:55,scanned,请访问域名,Email,Email,nginx
port:54.64.212.29:8888,port,54.64.212.29:8888,3,2026-08-18 20:50:55,new,unknown,,,
port:54.64.212.29:9007,port,54.64.212.29:9007,3,2026-08-18 20:50:55,new,unknown,,,
port:54.64.212.29:9008,port,54.64.212.29:9008,3,2026-08-18 20:50:55,new,unknown,,,
port:54.64.212.29:9015,port,54.64.212.29:9015,3,2026-08-18 20:50:55,new,unknown,,,
port:54.64.212.29:9058,port,54.64.212.29:9058,3,2026-08-18 20:50:55,new,unknown,,,
port:54.64.212.29:9081,port,54.64.212.29:9081,3,2026-08-18 20:50:55,new,unknown,,,
port:18.179.196.144:80,port,18.179.196.144:80,4,2026-08-18 20:50:57,new,unknown,,,
url:http://18.179.196.144:80/,url,http://18.179.196.144:80/,4,2026-08-18 20:50:57,scanned,请访问域名,Email,Email,nginx
port:18.179.196.144:81,port,18.179.196.144:81,4,2026-08-18 20:50:57,new,unknown,,,
port:18.179.196.144:82,port,18.179.196.144:82,4,2026-08-18 20:50:57,new,unknown,,,
port:18.179.196.144:83,port,18.179.196.144:83,4,2026-08-18 20:50:57,new,unknown,,,
port:18.179.196.144:90,port,18.179.196.144:90,4,2026-08-18 20:50:57,new,unknown,,,
port:18.179.196.144:97,port,18.179.196.144:97,4,2026-08-18 20:50:57,new,unknown,,,
port:18.179.196.144:98,port,18.179.196.144:98,4,2026-08-18 20:50:57,new,unknown,,,
port:18.179.196.144:99,port,18.179.196.144:99,4,2026-08-18 20:50:57,new,unknown,,,
port:18.179.196.144:108,port,18.179.196.144:108,4,2026-08-18 20:50:57,new,unknown,,,
port:18.179.196.144:121,port,18.179.196.144:121,4,2026-08-18 20:50:57,new,unknown,,,
port:18.179.196.144:159,port,18.179.196.144:159,4,2026-08-18 20:50:57,new,unknown,,,
port:18.179.196.144:188,port,18.179.196.144:188,4,2026-08-18 20:50:57,new,unknown,,,
port:18.179.196.144:202,port,18.179.196.144:202,4,2026-08-18 20:50:57,new,unknown,,,
port:18.179.196.144:208,port,18.179.196.144:208,4,2026-08-18 20:50:57,new,unknown,,,
port:18.179.196.144:303,port,18.179.196.144:303,4,2026-08-18 20:50:57,new,unknown,,,
port:18.179.196.144:364,port,18.179.196.144:364,4,2026-08-18 20:50:57,new,unknown,,,
port:18.179.196.144:365,port,18.179.196.144:365,4,2026-08-18 20:50:57,new,unknown,,,
port:18.179.196.144:441,port,18.179.196.144:441,4,2026-08-18 20:50:57,new,unknown,,,
port:18.179.196.144:443,port,18.179.196.144:443,4,2026-08-18 20:50:57,new,unknown,,,
url:https://18.179.196.144:443/,url,https://18.179.196.144:443/,4,2026-08-18 20:50:57,scanned,请访问域名,,,
port:18.179.196.144:500,port,18.179.196.144:500,4,2026-08-18 20:50:57,new,unknown,,,
port:18.179.196.144:501,port,18.179.196.144:501,4,2026-08-18 20:50:57,new,unknown,,,
port:18.179.196.144:502,port,18.179.196.144:502,4,2026-08-18 20:50:57,new,unknown,,,
port:18.179.196.144:509,port,18.179.196.144:509,4,2026-08-18 20:50:57,new,unknown,,,
port:18.179.196.144:510,port,18.179.196.144:510,4,2026-08-18 20:50:57,new,unknown,,,
port:18.179.196.144:511,port,18.179.196.144:511,4,2026-08-18 20:50:57,new,unknown,,,
port:18.179.196.144:512,port,18.179.196.144:512,4,2026-08-18 20:50:57,new,unknown,,,
port:18.179.196.144:513,port,18.179.196.144:513,4,2026-08-18 20:50:57,new,unknown,,,
port:18.179.196.144:514,port,18.179.196.144:514,4,2026-08-18 20:50:57,new,unknown,,,
port:18.179.196.144:520,port,18.179.196.144:520,4,2026-08-18 20:50:57,new,unknown,,,
port:18.179.196.144:523,port,18.179.196.144:523,4,2026-08-18 20:50:57,new,unknown,,,
port:18.179.196.144:525,port,18.179.196.144:525,4,2026-08-18 20:50:57,new,unknown,,,
port:18.179.196.144:568,port,18.179.196.144:568,4,2026-08-18 20:50:57,new,unknown,,,
port:18.179.196.144:588,port,18.179.196.144:588,4,2026-08-18 20:50:57,new,unknown,,,
port:18.179.196.144:600,port,18.179.196.144:600,4,2026-08-18 20:50:57,new,unknown,,,
port:18.179.196.144:632,port,18.179.196.144:632,4,2026-08-18 20:50:57,new,unknown,,,
port:18.179.196.144:663,port,18.179.196.144:663,4,2026-08-18 20:50:57,new,unknown,,,
port:18.179.196.144:688,port,18.179.196.144:688,4,2026-08-18 20:50:57,new,unknown,,,
port:18.179.196.144:775,port,18.179.196.144:775,4,2026-08-18 20:50:57,new,unknown,,,
port:18.179.196.144:841,port,18.179.196.144:841,4,2026-08-18 20:50:57,new,unknown,,,
port:18.179.196.144:858,port,18.179.196.144:858,4,2026-08-18 20:50:57,new,unknown,,,
port:18.179.196.144:883,port,18.179.196.144:883,4,2026-08-18 20:50:57,new,unknown,,,
port:18.179.196.144:898,port,18.179.196.144:898,4,2026-08-18 20:50:57,new,unknown,,,
port:18.179.196.144:901,port,18.179.196.144:901,4,2026-08-18 20:50:57,new,unknown,,,
port:18.179.196.144:902,port,18.179.196.144:902,4,2026-08-18 20:50:57,new,unknown,,,
port:18.179.196.144:903,port,18.179.196.144:903,4,2026-08-18 20:50:57,new,unknown,,,
port:18.179.196.144:904,port,18.179.196.144:904,4,2026-08-18 20:50:57,new,unknown,,,
port:18.179.196.144:905,port,18.179.196.144:905,4,2026-08-18 20:50:57,new,unknown,,,
port:18.179.196.144:906,port,18.179.196.144:906,4,2026-08-18 20:50:57,new,unknown,,,
port:18.179.196.144:907,port,18.179.196.144:907,4,2026-08-18 20:50:57,new,unknown,,,
port:18.179.196.144:909,port,18.179.196.144:909,4,2026-08-18 20:50:57,new,unknown,,,
port:18.179.196.144:910,port,18.179.196.144:910,4,2026-08-18 20:50:57,new,unknown,,,
port:18.179.196.144:912,port,18.179.196.144:912,4,2026-08-18 20:50:57,new,unknown,,,
port:18.179.196.144:918,port,18.179.196.144:918,4,2026-08-18 20:50:57,new,unknown,,,
port:18.179.196.144:928,port,18.179.196.144:928,4,2026-08-18 20:50:57,new,unknown,,,
port:18.179.196.144:938,port,18.179.196.144:938,4,2026-08-18 20:50:57,new,unknown,,,
port:18.179.196.144:966,port,18.179.196.144:966,4,2026-08-18 20:50:57,new,unknown,,,
port:18.179.196.144:977,port,18.179.196.144:977,4,2026-08-18 20:50:57,new,unknown,,,
port:18.179.196.144:978,port,18.179.196.144:978,4,2026-08-18 20:50:57,new,unknown,,,
port:18.179.196.144:979,port,18.179.196.144:979,4,2026-08-18 20:50:57,new,unknown,,,
port:18.179.196.144:980,port,18.179.196.144:980,4,2026-08-18 20:50:57,new,unknown,,,
port:18.179.196.144:981,port,18.179.196.144:981,4,2026-08-18 20:50:57,new,unknown,,,
port:18.179.196.144:982,port,18.179.196.144:982,4,2026-08-18 20:50:57,new,unknown,,,
port:18.179.196.144:983,port,18.179.196.144:983,4,2026-08-18 20:50:57,new,unknown,,,
port:18.179.196.144:989,port,18.179.196.144:989,4,2026-08-18 20:50:57,new,unknown,,,
port:18.179.196.144:998,port,18.179.196.144:998,4,2026-08-18 20:50:57,new,unknown,,,
port:18.179.196.144:999,port,18.179.196.144:999,4,2026-08-18 20:50:57,new,unknown,,,
port:18.179.196.144:1001,port,18.179.196.144:1001,4,2026-08-18 20:50:57,new,unknown,,,
port:18.179.196.144:1002,port,18.179.196.144:1002,4,2026-08-18 20:50:57,new,unknown,,,
port:18.179.196.144:1003,port,18.179.196.144:1003,4,2026-08-18 20:50:57,new,unknown,,,
port:18.179.196.144:1004,port,18.179.196.144:1004,4,2026-08-18 20:50:57,new,unknown,,,
port:18.179.196.144:1005,port,18.179.196.144:1005,4,2026-08-18 20:50:57,new,unknown,,,
port:18.179.196.144:1006,port,18.179.196.144:1006,4,2026-08-18 20:50:57,new,unknown,,,
port:18.179.196.144:1007,port,18.179.196.144:1007,4,2026-08-18 20:50:57,new,unknown,,,
port:18.179.196.144:1008,port,18.179.196.144:1008,4,2026-08-18 20:50:57,new,unknown,,,
port:18.179.196.144:1009,port,18.179.196.144:1009,4,2026-08-18 20:50:57,new,unknown,,,
port:18.179.196.144:1010,port,18.179.196.144:1010,4,2026-08-18 20:50:57,new,unknown,,,
port:18.179.196.144:1011,port,18.179.196.144:1011,4,2026-08-18 20:50:57,new,unknown,,,
port:18.179.196.144:1012,port,18.179.196.144:1012,4,2026-08-18 20:50:57,new,unknown,,,
port:18.179.196.144:8011,port,18.179.196.144:8011,4,2026-08-18 20:50:57,new,unknown,,,
port:18.179.196.144:8018,port,18.179.196.144:8018,4,2026-08-18 20:50:57,new,unknown,,,
port:18.179.196.144:8028,port,18.179.196.144:8028,4,2026-08-18 20:50:57,new,unknown,,,
port:18.179.196.144:8031,port,18.179.196.144:8031,4,2026-08-18 20:50:57,new,unknown,,,
port:18.179.196.144:8048,port,18.179.196.144:8048,4,2026-08-18 20:50:57,new,unknown,,,
port:18.179.196.144:8049,port,18.179.196.144:8049,4,2026-08-18 20:50:57,new,unknown,,,
port:18.179.196.144:8061,port,18.179.196.144:8061,4,2026-08-18 20:50:57,new,unknown,,,
port:18.179.196.144:8080,port,18.179.196.144:8080,4,2026-08-18 20:50:57,new,unknown,,,
url:http://18.179.196.144:8080/,url,http://18.179.196.144:8080/,4,2026-08-18 20:50:57,scanned,请访问域名,Email,Email,nginx
port:18.179.196.144:8082,port,18.179.196.144:8082,4,2026-08-18 20:50:57,new,unknown,,,
port:18.179.196.144:8083,port,18.179.196.144:8083,4,2026-08-18 20:50:57,new,unknown,,,
port:18.179.196.144:8084,port,18.179.196.144:8084,4,2026-08-18 20:50:57,new,unknown,,,
port:18.179.196.144:8085,port,18.179.196.144:8085,4,2026-08-18 20:50:57,new,unknown,,,
port:18.179.196.144:8088,port,18.179.196.144:8088,4,2026-08-18 20:50:57,new,unknown,,,
port:18.179.196.144:8090,port,18.179.196.144:8090,4,2026-08-18 20:50:57,new,unknown,,,
port:18.179.196.144:8222,port,18.179.196.144:8222,4,2026-08-18 20:50:57,new,unknown,,,
port:18.179.196.144:8282,port,18.179.196.144:8282,4,2026-08-18 20:50:57,new,unknown,,,
port:18.179.196.144:8443,port,18.179.196.144:8443,4,2026-08-18 20:50:57,new,unknown,,,
url:https://18.179.196.144:8443/,url,https://18.179.196.144:8443/,4,2026-08-18 20:50:57,scanned,请访问域名,,,
port:18.179.196.144:8888,port,18.179.196.144:8888,4,2026-08-18 20:50:57,new,unknown,,,
port:18.179.196.144:9007,port,18.179.196.144:9007,4,2026-08-18 20:50:57,new,unknown,,,
port:18.179.196.144:9008,port,18.179.196.144:9008,4,2026-08-18 20:50:57,new,unknown,,,
port:18.179.196.144:9015,port,18.179.196.144:9015,4,2026-08-18 20:50:57,new,unknown,,,
port:18.179.196.144:9025,port,18.179.196.144:9025,4,2026-08-18 20:50:57,new,unknown,,,
port:18.179.196.144:9058,port,18.179.196.144:9058,4,2026-08-18 20:50:57,new,unknown,,,
port:18.179.196.144:9081,port,18.179.196.144:9081,4,2026-08-18 20:50:57,new,unknown,,,
port:18.179.196.144:9090,port,18.179.196.144:9090,4,2026-08-18 20:50:57,new,unknown,,,
port:18.179.196.144:9095,port,18.179.196.144:9095,4,2026-08-18 20:50:57,new,unknown,,,
port:52.195.93.142:22,port,52.195.93.142:22,4,2026-08-18 20:52:11,new,unknown,,,
port:52.195.93.142:80,port,52.195.93.142:80,4,2026-08-18 20:52:11,new,unknown,,,
url:http://52.195.93.142:80/,url,http://52.195.93.142:80/,4,2026-08-18 20:52:11,scanned,请访问域名,Email,Email,nginx
port:52.195.93.142:81,port,52.195.93.142:81,4,2026-08-18 20:52:11,new,unknown,,,
port:52.195.93.142:82,port,52.195.93.142:82,4,2026-08-18 20:52:11,new,unknown,,,
port:52.195.93.142:83,port,52.195.93.142:83,4,2026-08-18 20:52:11,new,unknown,,,
port:52.195.93.142:90,port,52.195.93.142:90,4,2026-08-18 20:52:11,new,unknown,,,
port:52.195.93.142:97,port,52.195.93.142:97,4,2026-08-18 20:52:11,new,unknown,,,
port:52.195.93.142:98,port,52.195.93.142:98,4,2026-08-18 20:52:11,new,unknown,,,
port:52.195.93.142:99,port,52.195.93.142:99,4,2026-08-18 20:52:11,new,unknown,,,
port:52.195.93.142:108,port,52.195.93.142:108,4,2026-08-18 20:52:11,new,unknown,,,
port:52.195.93.142:121,port,52.195.93.142:121,4,2026-08-18 20:52:11,new,unknown,,,
port:52.195.93.142:122,port,52.195.93.142:122,4,2026-08-18 20:52:11,new,unknown,,,
port:52.195.93.142:126,port,52.195.93.142:126,4,2026-08-18 20:52:11,new,unknown,,,
port:52.195.93.142:151,port,52.195.93.142:151,4,2026-08-18 20:52:11,new,unknown,,,
port:52.195.93.142:155,port,52.195.93.142:155,4,2026-08-18 20:52:11,new,unknown,,,
port:52.195.93.142:158,port,52.195.93.142:158,4,2026-08-18 20:52:11,new,unknown,,,
port:52.195.93.142:159,port,52.195.93.142:159,4,2026-08-18 20:52:11,new,unknown,,,
port:52.195.93.142:168,port,52.195.93.142:168,4,2026-08-18 20:52:11,new,unknown,,,
port:52.195.93.142:188,port,52.195.93.142:188,4,2026-08-18 20:52:11,new,unknown,,,
port:52.195.93.142:189,port,52.195.93.142:189,4,2026-08-18 20:52:11,new,unknown,,,
port:52.195.93.142:193,port,52.195.93.142:193,4,2026-08-18 20:52:11,new,unknown,,,
port:52.195.93.142:200,port,52.195.93.142:200,4,2026-08-18 20:52:11,new,unknown,,,
port:52.195.93.142:201,port,52.195.93.142:201,4,2026-08-18 20:52:11,new,unknown,,,
port:52.195.93.142:202,port,52.195.93.142:202,4,2026-08-18 20:52:11,new,unknown,,,
port:52.195.93.142:203,port,52.195.93.142:203,4,2026-08-18 20:52:11,new,unknown,,,
port:52.195.93.142:204,port,52.195.93.142:204,4,2026-08-18 20:52:11,new,unknown,,,
port:52.195.93.142:205,port,52.195.93.142:205,4,2026-08-18 20:52:11,new,unknown,,,
port:52.195.93.142:206,port,52.195.93.142:206,4,2026-08-18 20:52:11,new,unknown,,,
port:52.195.93.142:207,port,52.195.93.142:207,4,2026-08-18 20:52:11,new,unknown,,,
port:52.195.93.142:208,port,52.195.93.142:208,4,2026-08-18 20:52:11,new,unknown,,,
port:52.195.93.142:209,port,52.195.93.142:209,4,2026-08-18 20:52:11,new,unknown,,,
port:52.195.93.142:221,port,52.195.93.142:221,4,2026-08-18 20:52:11,new,unknown,,,
port:52.195.93.142:236,port,52.195.93.142:236,4,2026-08-18 20:52:11,new,unknown,,,
port:52.195.93.142:258,port,52.195.93.142:258,4,2026-08-18 20:52:11,new,unknown,,,
port:52.195.93.142:288,port,52.195.93.142:288,4,2026-08-18 20:52:11,new,unknown,,,
port:52.195.93.142:301,port,52.195.93.142:301,4,2026-08-18 20:52:11,new,unknown,,,
port:52.195.93.142:302,port,52.195.93.142:302,4,2026-08-18 20:52:11,new,unknown,,,
port:52.195.93.142:304,port,52.195.93.142:304,4,2026-08-18 20:52:11,new,unknown,,,
port:52.195.93.142:305,port,52.195.93.142:305,4,2026-08-18 20:52:11,new,unknown,,,
port:52.195.93.142:308,port,52.195.93.142:308,4,2026-08-18 20:52:11,new,unknown,,,
port:52.195.93.142:321,port,52.195.93.142:321,4,2026-08-18 20:52:11,new,unknown,,,
port:52.195.93.142:356,port,52.195.93.142:356,4,2026-08-18 20:52:11,new,unknown,,,
port:52.195.93.142:364,port,52.195.93.142:364,4,2026-08-18 20:52:11,new,unknown,,,
port:52.195.93.142:365,port,52.195.93.142:365,4,2026-08-18 20:52:11,new,unknown,,,
port:52.195.93.142:408,port,52.195.93.142:408,4,2026-08-18 20:52:11,new,unknown,,,
port:52.195.93.142:441,port,52.195.93.142:441,4,2026-08-18 20:52:11,new,unknown,,,
port:52.195.93.142:443,port,52.195.93.142:443,4,2026-08-18 20:52:11,new,unknown,,,
url:https://52.195.93.142:443/,url,https://52.195.93.142:443/,4,2026-08-18 20:52:11,scanned,请访问域名,Email,Email,nginx
port:52.195.93.142:500,port,52.195.93.142:500,4,2026-08-18 20:52:11,new,unknown,,,
port:52.195.93.142:501,port,52.195.93.142:501,4,2026-08-18 20:52:11,new,unknown,,,
port:52.195.93.142:502,port,52.195.93.142:502,4,2026-08-18 20:52:11,new,unknown,,,
port:52.195.93.142:509,port,52.195.93.142:509,4,2026-08-18 20:52:11,new,unknown,,,
port:52.195.93.142:510,port,52.195.93.142:510,4,2026-08-18 20:52:11,new,unknown,,,
port:52.195.93.142:511,port,52.195.93.142:511,4,2026-08-18 20:52:11,new,unknown,,,
port:52.195.93.142:512,port,52.195.93.142:512,4,2026-08-18 20:52:11,new,unknown,,,
port:52.195.93.142:513,port,52.195.93.142:513,4,2026-08-18 20:52:11,new,unknown,,,
port:52.195.93.142:514,port,52.195.93.142:514,4,2026-08-18 20:52:11,new,unknown,,,
port:52.195.93.142:520,port,52.195.93.142:520,4,2026-08-18 20:52:11,new,unknown,,,
port:52.195.93.142:523,port,52.195.93.142:523,4,2026-08-18 20:52:11,new,unknown,,,
port:52.195.93.142:525,port,52.195.93.142:525,4,2026-08-18 20:52:11,new,unknown,,,
port:52.195.93.142:568,port,52.195.93.142:568,4,2026-08-18 20:52:11,new,unknown,,,
port:52.195.93.142:588,port,52.195.93.142:588,4,2026-08-18 20:52:11,new,unknown,,,
port:52.195.93.142:589,port,52.195.93.142:589,4,2026-08-18 20:52:11,new,unknown,,,
port:52.195.93.142:600,port,52.195.93.142:600,4,2026-08-18 20:52:11,new,unknown,,,
port:52.195.93.142:632,port,52.195.93.142:632,4,2026-08-18 20:52:11,new,unknown,,,
port:52.195.93.142:663,port,52.195.93.142:663,4,2026-08-18 20:52:11,new,unknown,,,
port:52.195.93.142:685,port,52.195.93.142:685,4,2026-08-18 20:52:11,new,unknown,,,
port:52.195.93.142:686,port,52.195.93.142:686,4,2026-08-18 20:52:11,new,unknown,,,
port:52.195.93.142:688,port,52.195.93.142:688,4,2026-08-18 20:52:11,new,unknown,,,
port:52.195.93.142:775,port,52.195.93.142:775,4,2026-08-18 20:52:11,new,unknown,,,
port:52.195.93.142:776,port,52.195.93.142:776,4,2026-08-18 20:52:11,new,unknown,,,
port:52.195.93.142:777,port,52.195.93.142:777,4,2026-08-18 20:52:11,new,unknown,,,
port:52.195.93.142:778,port,52.195.93.142:778,4,2026-08-18 20:52:11,new,unknown,,,
port:52.195.93.142:787,port,52.195.93.142:787,4,2026-08-18 20:52:11,new,unknown,,,
port:52.195.93.142:801,port,52.195.93.142:801,4,2026-08-18 20:52:11,new,unknown,,,
port:52.195.93.142:802,port,52.195.93.142:802,4,2026-08-18 20:52:11,new,unknown,,,
port:52.195.93.142:808,port,52.195.93.142:808,4,2026-08-18 20:52:11,new,unknown,,,
port:52.195.93.142:836,port,52.195.93.142:836,4,2026-08-18 20:52:11,new,unknown,,,
port:52.195.93.142:837,port,52.195.93.142:837,4,2026-08-18 20:52:11,new,unknown,,,
port:52.195.93.142:840,port,52.195.93.142:840,4,2026-08-18 20:52:11,new,unknown,,,
port:52.195.93.142:841,port,52.195.93.142:841,4,2026-08-18 20:52:11,new,unknown,,,
port:52.195.93.142:842,port,52.195.93.142:842,4,2026-08-18 20:52:11,new,unknown,,,
port:52.195.93.142:852,port,52.195.93.142:852,4,2026-08-18 20:52:11,new,unknown,,,
port:52.195.93.142:854,port,52.195.93.142:854,4,2026-08-18 20:52:11,new,unknown,,,
port:52.195.93.142:855,port,52.195.93.142:855,4,2026-08-18 20:52:11,new,unknown,,,
port:52.195.93.142:857,port,52.195.93.142:857,4,2026-08-18 20:52:11,new,unknown,,,
port:52.195.93.142:858,port,52.195.93.142:858,4,2026-08-18 20:52:11,new,unknown,,,
port:52.195.93.142:863,port,52.195.93.142:863,4,2026-08-18 20:52:11,new,unknown,,,
port:52.195.93.142:867,port,52.195.93.142:867,4,2026-08-18 20:52:11,new,unknown,,,
port:52.195.93.142:871,port,52.195.93.142:871,4,2026-08-18 20:52:11,new,unknown,,,
port:52.195.93.142:872,port,52.195.93.142:872,4,2026-08-18 20:52:11,new,unknown,,,
port:52.195.93.142:873,port,52.195.93.142:873,4,2026-08-18 20:52:11,new,unknown,,,
port:52.195.93.142:874,port,52.195.93.142:874,4,2026-08-18 20:52:11,new,unknown,,,
port:52.195.93.142:877,port,52.195.93.142:877,4,2026-08-18 20:52:11,new,unknown,,,
port:52.195.93.142:878,port,52.195.93.142:878,4,2026-08-18 20:52:11,new,unknown,,,
port:52.195.93.142:883,port,52.195.93.142:883,4,2026-08-18 20:52:11,new,unknown,,,
port:52.195.93.142:898,port,52.195.93.142:898,4,2026-08-18 20:52:11,new,unknown,,,
port:52.195.93.142:900,port,52.195.93.142:900,4,2026-08-18 20:52:11,new,unknown,,,
port:52.195.93.142:901,port,52.195.93.142:901,4,2026-08-18 20:52:11,new,unknown,,,
port:52.195.93.142:902,port,52.195.93.142:902,4,2026-08-18 20:52:11,new,unknown,,,
port:52.195.93.142:903,port,52.195.93.142:903,4,2026-08-18 20:52:11,new,unknown,,,
port:52.195.93.142:904,port,52.195.93.142:904,4,2026-08-18 20:52:11,new,unknown,,,
port:52.195.93.142:905,port,52.195.93.142:905,4,2026-08-18 20:52:11,new,unknown,,,
port:52.195.93.142:906,port,52.195.93.142:906,4,2026-08-18 20:52:11,new,unknown,,,
port:52.195.93.142:907,port,52.195.93.142:907,4,2026-08-18 20:52:11,new,unknown,,,
port:52.195.93.142:909,port,52.195.93.142:909,4,2026-08-18 20:52:11,new,unknown,,,
port:52.195.93.142:910,port,52.195.93.142:910,4,2026-08-18 20:52:11,new,unknown,,,
port:52.195.93.142:912,port,52.195.93.142:912,4,2026-08-18 20:52:11,new,unknown,,,
port:52.195.93.142:918,port,52.195.93.142:918,4,2026-08-18 20:52:11,new,unknown,,,
port:52.195.93.142:928,port,52.195.93.142:928,4,2026-08-18 20:52:11,new,unknown,,,
port:52.195.93.142:938,port,52.195.93.142:938,4,2026-08-18 20:52:11,new,unknown,,,
port:52.195.93.142:966,port,52.195.93.142:966,4,2026-08-18 20:52:11,new,unknown,,,
port:52.195.93.142:977,port,52.195.93.142:977,4,2026-08-18 20:52:11,new,unknown,,,
port:52.195.93.142:978,port,52.195.93.142:978,4,2026-08-18 20:52:11,new,unknown,,,
port:52.195.93.142:979,port,52.195.93.142:979,4,2026-08-18 20:52:11,new,unknown,,,
port:52.195.93.142:980,port,52.195.93.142:980,4,2026-08-18 20:52:11,new,unknown,,,
port:52.195.93.142:981,port,52.195.93.142:981,4,2026-08-18 20:52:11,new,unknown,,,
port:52.195.93.142:982,port,52.195.93.142:982,4,2026-08-18 20:52:11,new,unknown,,,
port:52.195.93.142:983,port,52.195.93.142:983,4,2026-08-18 20:52:11,new,unknown,,,
port:52.195.93.142:989,port,52.195.93.142:989,4,2026-08-18 20:52:11,new,unknown,,,
port:52.195.93.142:997,port,52.195.93.142:997,4,2026-08-18 20:52:11,new,unknown,,,
port:52.195.93.142:998,port,52.195.93.142:998,4,2026-08-18 20:52:11,new,unknown,,,
port:52.195.93.142:999,port,52.195.93.142:999,4,2026-08-18 20:52:11,new,unknown,,,
port:52.195.93.142:1001,port,52.195.93.142:1001,4,2026-08-18 20:52:11,new,unknown,,,
port:52.195.93.142:1002,port,52.195.93.142:1002,4,2026-08-18 20:52:11,new,unknown,,,
port:52.195.93.142:1003,port,52.195.93.142:1003,4,2026-08-18 20:52:11,new,unknown,,,
port:52.195.93.142:1004,port,52.195.93.142:1004,4,2026-08-18 20:52:11,new,unknown,,,
port:52.195.93.142:1005,port,52.195.93.142:1005,4,2026-08-18 20:52:11,new,unknown,,,
port:52.195.93.142:1006,port,52.195.93.142:1006,4,2026-08-18 20:52:11,new,unknown,,,
port:52.195.93.142:1007,port,52.195.93.142:1007,4,2026-08-18 20:52:11,new,unknown,,,
port:52.195.93.142:1008,port,52.195.93.142:1008,4,2026-08-18 20:52:11,new,unknown,,,
port:52.195.93.142:1009,port,52.195.93.142:1009,4,2026-08-18 20:52:11,new,unknown,,,
port:52.195.93.142:1010,port,52.195.93.142:1010,4,2026-08-18 20:52:11,new,unknown,,,
port:52.195.93.142:1011,port,52.195.93.142:1011,4,2026-08-18 20:52:11,new,unknown,,,
port:52.195.93.142:1012,port,52.195.93.142:1012,4,2026-08-18 20:52:11,new,unknown,,,
port:52.195.93.142:8011,port,52.195.93.142:8011,4,2026-08-18 20:52:11,new,unknown,,,
port:52.195.93.142:8018,port,52.195.93.142:8018,4,2026-08-18 20:52:11,new,unknown,,,
port:52.195.93.142:8028,port,52.195.93.142:8028,4,2026-08-18 20:52:11,new,unknown,,,
port:52.195.93.142:8031,port,52.195.93.142:8031,4,2026-08-18 20:52:11,new,unknown,,,
port:52.195.93.142:8038,port,52.195.93.142:8038,4,2026-08-18 20:52:11,new,unknown,,,
port:52.195.93.142:8048,port,52.195.93.142:8048,4,2026-08-18 20:52:11,new,unknown,,,
port:52.195.93.142:8049,port,52.195.93.142:8049,4,2026-08-18 20:52:11,new,unknown,,,
port:52.195.93.142:8061,port,52.195.93.142:8061,4,2026-08-18 20:52:11,new,unknown,,,
port:52.195.93.142:8080,port,52.195.93.142:8080,4,2026-08-18 20:52:11,new,unknown,,,
url:http://52.195.93.142:8080/,url,http://52.195.93.142:8080/,4,2026-08-18 20:52:11,scanning,,,,
port:52.195.93.142:8082,port,52.195.93.142:8082,4,2026-08-18 20:52:11,new,unknown,,,
port:52.195.93.142:8083,port,52.195.93.142:8083,4,2026-08-18 20:52:11,new,unknown,,,
port:52.195.93.142:8084,port,52.195.93.142:8084,4,2026-08-18 20:52:11,new,unknown,,,
port:52.195.93.142:8085,port,52.195.93.142:8085,4,2026-08-18 20:52:11,new,unknown,,,
port:52.195.93.142:8088,port,52.195.93.142:8088,4,2026-08-18 20:52:11,new,unknown,,,
port:52.195.93.142:8090,port,52.195.93.142:8090,4,2026-08-18 20:52:11,new,unknown,,,
port:52.195.93.142:8181,port,52.195.93.142:8181,4,2026-08-18 20:52:11,new,unknown,,,
port:52.195.93.142:8222,port,52.195.93.142:8222,4,2026-08-18 20:52:11,new,unknown,,,
port:52.195.93.142:8282,port,52.195.93.142:8282,4,2026-08-18 20:52:11,new,unknown,,,
port:52.195.93.142:8443,port,52.195.93.142:8443,4,2026-08-18 20:52:11,new,unknown,,,
url:https://52.195.93.142:8443/,url,https://52.195.93.142:8443/,4,2026-08-18 20:52:11,scanned,请访问域名,,,
port:52.195.93.142:8888,port,52.195.93.142:8888,4,2026-08-18 20:52:11,new,unknown,,,
port:52.195.93.142:9001,port,52.195.93.142:9001,4,2026-08-18 20:52:11,new,unknown,,,
port:52.195.93.142:9007,port,52.195.93.142:9007,4,2026-08-18 20:52:11,new,unknown,,,
port:52.195.93.142:9008,port,52.195.93.142:9008,4,2026-08-18 20:52:11,new,unknown,,,
port:52.195.93.142:9015,port,52.195.93.142:9015,4,2026-08-18 20:52:11,new,unknown,,,
port:52.195.93.142:9025,port,52.195.93.142:9025,4,2026-08-18 20:52:11,new,unknown,,,
port:52.195.93.142:9058,port,52.195.93.142:9058,4,2026-08-18 20:52:11,new,unknown,,,
port:52.195.93.142:9081,port,52.195.93.142:9081,4,2026-08-18 20:52:11,new,unknown,,,
port:52.195.93.142:9090,port,52.195.93.142:9090,4,2026-08-18 20:52:11,new,unknown,,,
port:52.195.93.142:9095,port,52.195.93.142:9095,4,2026-08-18 20:52:11,new,unknown,,,
port:52.68.214.152:22,port,52.68.214.152:22,4,2026-08-18 20:52:12,new,unknown,,,
port:52.68.214.152:80,port,52.68.214.152:80,4,2026-08-18 20:52:12,new,unknown,,,
url:http://52.68.214.152:80/,url,http://52.68.214.152:80/,4,2026-08-18 20:52:12,scanned,请访问域名,,,
port:52.68.214.152:81,port,52.68.214.152:81,4,2026-08-18 20:52:12,new,unknown,,,
port:52.68.214.152:82,port,52.68.214.152:82,4,2026-08-18 20:52:12,new,unknown,,,
port:52.68.214.152:83,port,52.68.214.152:83,4,2026-08-18 20:52:12,new,unknown,,,
port:52.68.214.152:90,port,52.68.214.152:90,4,2026-08-18 20:52:12,new,unknown,,,
port:52.68.214.152:97,port,52.68.214.152:97,4,2026-08-18 20:52:12,new,unknown,,,
port:52.68.214.152:98,port,52.68.214.152:98,4,2026-08-18 20:52:12,new,unknown,,,
port:52.68.214.152:99,port,52.68.214.152:99,4,2026-08-18 20:52:12,new,unknown,,,
port:52.68.214.152:108,port,52.68.214.152:108,4,2026-08-18 20:52:12,new,unknown,,,
port:52.68.214.152:121,port,52.68.214.152:121,4,2026-08-18 20:52:12,new,unknown,,,
port:52.68.214.152:122,port,52.68.214.152:122,4,2026-08-18 20:52:12,new,unknown,,,
port:52.68.214.152:126,port,52.68.214.152:126,4,2026-08-18 20:52:12,new,unknown,,,
port:52.68.214.152:155,port,52.68.214.152:155,4,2026-08-18 20:52:12,new,unknown,,,
port:52.68.214.152:158,port,52.68.214.152:158,4,2026-08-18 20:52:12,new,unknown,,,
port:52.68.214.152:159,port,52.68.214.152:159,4,2026-08-18 20:52:12,new,unknown,,,
port:52.68.214.152:168,port,52.68.214.152:168,4,2026-08-18 20:52:12,new,unknown,,,
port:52.68.214.152:188,port,52.68.214.152:188,4,2026-08-18 20:52:12,new,unknown,,,
port:52.68.214.152:189,port,52.68.214.152:189,4,2026-08-18 20:52:12,new,unknown,,,
port:52.68.214.152:193,port,52.68.214.152:193,4,2026-08-18 20:52:12,new,unknown,,,
port:52.68.214.152:200,port,52.68.214.152:200,4,2026-08-18 20:52:12,new,unknown,,,
port:52.68.214.152:201,port,52.68.214.152:201,4,2026-08-18 20:52:12,new,unknown,,,
port:52.68.214.152:202,port,52.68.214.152:202,4,2026-08-18 20:52:12,new,unknown,,,
port:52.68.214.152:203,port,52.68.214.152:203,4,2026-08-18 20:52:12,new,unknown,,,
port:52.68.214.152:204,port,52.68.214.152:204,4,2026-08-18 20:52:12,new,unknown,,,
port:52.68.214.152:205,port,52.68.214.152:205,4,2026-08-18 20:52:12,new,unknown,,,
port:52.68.214.152:206,port,52.68.214.152:206,4,2026-08-18 20:52:12,new,unknown,,,
port:52.68.214.152:207,port,52.68.214.152:207,4,2026-08-18 20:52:12,new,unknown,,,
port:52.68.214.152:208,port,52.68.214.152:208,4,2026-08-18 20:52:12,new,unknown,,,
port:52.68.214.152:209,port,52.68.214.152:209,4,2026-08-18 20:52:12,new,unknown,,,
port:52.68.214.152:221,port,52.68.214.152:221,4,2026-08-18 20:52:12,new,unknown,,,
port:52.68.214.152:236,port,52.68.214.152:236,4,2026-08-18 20:52:12,new,unknown,,,
port:52.68.214.152:258,port,52.68.214.152:258,4,2026-08-18 20:52:12,new,unknown,,,
port:52.68.214.152:288,port,52.68.214.152:288,4,2026-08-18 20:52:12,new,unknown,,,
port:52.68.214.152:301,port,52.68.214.152:301,4,2026-08-18 20:52:12,new,unknown,,,
port:52.68.214.152:302,port,52.68.214.152:302,4,2026-08-18 20:52:12,new,unknown,,,
port:52.68.214.152:303,port,52.68.214.152:303,4,2026-08-18 20:52:12,new,unknown,,,
port:52.68.214.152:304,port,52.68.214.152:304,4,2026-08-18 20:52:12,new,unknown,,,
port:52.68.214.152:305,port,52.68.214.152:305,4,2026-08-18 20:52:12,new,unknown,,,
port:52.68.214.152:308,port,52.68.214.152:308,4,2026-08-18 20:52:12,new,unknown,,,
port:52.68.214.152:321,port,52.68.214.152:321,4,2026-08-18 20:52:12,new,unknown,,,
port:52.68.214.152:356,port,52.68.214.152:356,4,2026-08-18 20:52:12,new,unknown,,,
port:52.68.214.152:364,port,52.68.214.152:364,4,2026-08-18 20:52:12,new,unknown,,,
port:52.68.214.152:365,port,52.68.214.152:365,4,2026-08-18 20:52:12,new,unknown,,,
port:52.68.214.152:408,port,52.68.214.152:408,4,2026-08-18 20:52:12,new,unknown,,,
port:52.68.214.152:443,port,52.68.214.152:443,4,2026-08-18 20:52:12,new,unknown,,,
url:https://52.68.214.152:443/,url,https://52.68.214.152:443/,4,2026-08-18 20:52:12,eliminated,,,,
port:52.68.214.152:500,port,52.68.214.152:500,4,2026-08-18 20:52:12,new,unknown,,,
port:52.68.214.152:501,port,52.68.214.152:501,4,2026-08-18 20:52:12,new,unknown,,,
port:52.68.214.152:502,port,52.68.214.152:502,4,2026-08-18 20:52:12,new,unknown,,,
port:52.68.214.152:509,port,52.68.214.152:509,4,2026-08-18 20:52:12,new,unknown,,,
port:52.68.214.152:510,port,52.68.214.152:510,4,2026-08-18 20:52:12,new,unknown,,,
port:52.68.214.152:511,port,52.68.214.152:511,4,2026-08-18 20:52:12,new,unknown,,,
port:52.68.214.152:512,port,52.68.214.152:512,4,2026-08-18 20:52:12,new,unknown,,,
port:52.68.214.152:513,port,52.68.214.152:513,4,2026-08-18 20:52:12,new,unknown,,,
port:52.68.214.152:514,port,52.68.214.152:514,4,2026-08-18 20:52:12,new,unknown,,,
port:52.68.214.152:520,port,52.68.214.152:520,4,2026-08-18 20:52:12,new,unknown,,,
port:52.68.214.152:523,port,52.68.214.152:523,4,2026-08-18 20:52:12,new,unknown,,,
port:52.68.214.152:525,port,52.68.214.152:525,4,2026-08-18 20:52:12,new,unknown,,,
port:52.68.214.152:568,port,52.68.214.152:568,4,2026-08-18 20:52:12,new,unknown,,,
port:52.68.214.152:588,port,52.68.214.152:588,4,2026-08-18 20:52:12,new,unknown,,,
port:52.68.214.152:589,port,52.68.214.152:589,4,2026-08-18 20:52:12,new,unknown,,,
port:52.68.214.152:600,port,52.68.214.152:600,4,2026-08-18 20:52:12,new,unknown,,,
port:52.68.214.152:632,port,52.68.214.152:632,4,2026-08-18 20:52:12,new,unknown,,,
port:52.68.214.152:685,port,52.68.214.152:685,4,2026-08-18 20:52:12,new,unknown,,,
port:52.68.214.152:686,port,52.68.214.152:686,4,2026-08-18 20:52:12,new,unknown,,,
port:52.68.214.152:688,port,52.68.214.152:688,4,2026-08-18 20:52:12,new,unknown,,,
port:52.68.214.152:775,port,52.68.214.152:775,4,2026-08-18 20:52:12,new,unknown,,,
port:52.68.214.152:776,port,52.68.214.152:776,4,2026-08-18 20:52:12,new,unknown,,,
port:52.68.214.152:777,port,52.68.214.152:777,4,2026-08-18 20:52:12,new,unknown,,,
port:52.68.214.152:778,port,52.68.214.152:778,4,2026-08-18 20:52:12,new,unknown,,,
port:52.68.214.152:787,port,52.68.214.152:787,4,2026-08-18 20:52:12,new,unknown,,,
port:52.68.214.152:801,port,52.68.214.152:801,4,2026-08-18 20:52:12,new,unknown,,,
port:52.68.214.152:802,port,52.68.214.152:802,4,2026-08-18 20:52:12,new,unknown,,,
port:52.68.214.152:808,port,52.68.214.152:808,4,2026-08-18 20:52:12,new,unknown,,,
port:52.68.214.152:837,port,52.68.214.152:837,4,2026-08-18 20:52:12,new,unknown,,,
port:52.68.214.152:840,port,52.68.214.152:840,4,2026-08-18 20:52:12,new,unknown,,,
port:52.68.214.152:841,port,52.68.214.152:841,4,2026-08-18 20:52:12,new,unknown,,,
port:52.68.214.152:842,port,52.68.214.152:842,4,2026-08-18 20:52:12,new,unknown,,,
port:52.68.214.152:852,port,52.68.214.152:852,4,2026-08-18 20:52:12,new,unknown,,,
port:52.68.214.152:854,port,52.68.214.152:854,4,2026-08-18 20:52:12,new,unknown,,,
port:52.68.214.152:855,port,52.68.214.152:855,4,2026-08-18 20:52:12,new,unknown,,,
port:52.68.214.152:857,port,52.68.214.152:857,4,2026-08-18 20:52:12,new,unknown,,,
port:52.68.214.152:858,port,52.68.214.152:858,4,2026-08-18 20:52:12,new,unknown,,,
port:52.68.214.152:863,port,52.68.214.152:863,4,2026-08-18 20:52:12,new,unknown,,,
port:52.68.214.152:867,port,52.68.214.152:867,4,2026-08-18 20:52:12,new,unknown,,,
port:52.68.214.152:871,port,52.68.214.152:871,4,2026-08-18 20:52:12,new,unknown,,,
port:52.68.214.152:872,port,52.68.214.152:872,4,2026-08-18 20:52:12,new,unknown,,,
port:52.68.214.152:873,port,52.68.214.152:873,4,2026-08-18 20:52:12,new,unknown,,,
port:52.68.214.152:874,port,52.68.214.152:874,4,2026-08-18 20:52:12,new,unknown,,,
port:52.68.214.152:878,port,52.68.214.152:878,4,2026-08-18 20:52:12,new,unknown,,,
port:52.68.214.152:883,port,52.68.214.152:883,4,2026-08-18 20:52:12,new,unknown,,,
port:52.68.214.152:900,port,52.68.214.152:900,4,2026-08-18 20:52:12,new,unknown,,,
port:52.68.214.152:901,port,52.68.214.152:901,4,2026-08-18 20:52:12,new,unknown,,,
port:52.68.214.152:902,port,52.68.214.152:902,4,2026-08-18 20:52:12,new,unknown,,,
port:52.68.214.152:903,port,52.68.214.152:903,4,2026-08-18 20:52:12,new,unknown,,,
port:52.68.214.152:904,port,52.68.214.152:904,4,2026-08-18 20:52:12,new,unknown,,,
port:52.68.214.152:905,port,52.68.214.152:905,4,2026-08-18 20:52:12,new,unknown,,,
port:52.68.214.152:906,port,52.68.214.152:906,4,2026-08-18 20:52:12,new,unknown,,,
port:52.68.214.152:907,port,52.68.214.152:907,4,2026-08-18 20:52:12,new,unknown,,,
port:52.68.214.152:909,port,52.68.214.152:909,4,2026-08-18 20:52:12,new,unknown,,,
port:52.68.214.152:910,port,52.68.214.152:910,4,2026-08-18 20:52:12,new,unknown,,,
port:52.68.214.152:912,port,52.68.214.152:912,4,2026-08-18 20:52:12,new,unknown,,,
port:52.68.214.152:918,port,52.68.214.152:918,4,2026-08-18 20:52:12,new,unknown,,,
port:52.68.214.152:928,port,52.68.214.152:928,4,2026-08-18 20:52:12,new,unknown,,,
port:52.68.214.152:938,port,52.68.214.152:938,4,2026-08-18 20:52:12,new,unknown,,,
port:52.68.214.152:966,port,52.68.214.152:966,4,2026-08-18 20:52:12,new,unknown,,,
port:52.68.214.152:977,port,52.68.214.152:977,4,2026-08-18 20:52:12,new,unknown,,,
port:52.68.214.152:978,port,52.68.214.152:978,4,2026-08-18 20:52:12,new,unknown,,,
port:52.68.214.152:979,port,52.68.214.152:979,4,2026-08-18 20:52:12,new,unknown,,,
port:52.68.214.152:980,port,52.68.214.152:980,4,2026-08-18 20:52:12,new,unknown,,,
port:52.68.214.152:981,port,52.68.214.152:981,4,2026-08-18 20:52:12,new,unknown,,,
port:52.68.214.152:982,port,52.68.214.152:982,4,2026-08-18 20:52:12,new,unknown,,,
port:52.68.214.152:983,port,52.68.214.152:983,4,2026-08-18 20:52:12,new,unknown,,,
port:52.68.214.152:989,port,52.68.214.152:989,4,2026-08-18 20:52:12,new,unknown,,,
port:52.68.214.152:997,port,52.68.214.152:997,4,2026-08-18 20:52:12,new,unknown,,,
port:52.68.214.152:998,port,52.68.214.152:998,4,2026-08-18 20:52:12,new,unknown,,,
port:52.68.214.152:999,port,52.68.214.152:999,4,2026-08-18 20:52:12,new,unknown,,,
port:52.68.214.152:1002,port,52.68.214.152:1002,4,2026-08-18 20:52:12,new,unknown,,,
port:52.68.214.152:1003,port,52.68.214.152:1003,4,2026-08-18 20:52:12,new,unknown,,,
port:52.68.214.152:1004,port,52.68.214.152:1004,4,2026-08-18 20:52:12,new,unknown,,,
port:52.68.214.152:1005,port,52.68.214.152:1005,4,2026-08-18 20:52:12,new,unknown,,,
port:52.68.214.152:1006,port,52.68.214.152:1006,4,2026-08-18 20:52:12,new,unknown,,,
port:52.68.214.152:1007,port,52.68.214.152:1007,4,2026-08-18 20:52:12,new,unknown,,,
port:52.68.214.152:1008,port,52.68.214.152:1008,4,2026-08-18 20:52:12,new,unknown,,,
port:52.68.214.152:1009,port,52.68.214.152:1009,4,2026-08-18 20:52:12,new,unknown,,,
port:52.68.214.152:1010,port,52.68.214.152:1010,4,2026-08-18 20:52:12,new,unknown,,,
port:52.68.214.152:1011,port,52.68.214.152:1011,4,2026-08-18 20:52:12,new,unknown,,,
port:52.68.214.152:1012,port,52.68.214.152:1012,4,2026-08-18 20:52:12,new,unknown,,,
port:52.68.214.152:8011,port,52.68.214.152:8011,4,2026-08-18 20:52:12,new,unknown,,,
port:52.68.214.152:8018,port,52.68.214.152:8018,4,2026-08-18 20:52:12,new,unknown,,,
port:52.68.214.152:8028,port,52.68.214.152:8028,4,2026-08-18 20:52:12,new,unknown,,,
port:52.68.214.152:8038,port,52.68.214.152:8038,4,2026-08-18 20:52:12,new,unknown,,,
port:52.68.214.152:8048,port,52.68.214.152:8048,4,2026-08-18 20:52:12,new,unknown,,,
port:52.68.214.152:8049,port,52.68.214.152:8049,4,2026-08-18 20:52:12,new,unknown,,,
port:52.68.214.152:8061,port,52.68.214.152:8061,4,2026-08-18 20:52:12,new,unknown,,,
port:52.68.214.152:8080,port,52.68.214.152:8080,4,2026-08-18 20:52:12,new,unknown,,,
url:http://52.68.214.152:8080/,url,http://52.68.214.152:8080/,4,2026-08-18 20:52:12,scanning,,,,
port:52.68.214.152:8083,port,52.68.214.152:8083,4,2026-08-18 20:52:12,new,unknown,,,
port:52.68.214.152:8084,port,52.68.214.152:8084,4,2026-08-18 20:52:12,new,unknown,,,
port:52.68.214.152:8085,port,52.68.214.152:8085,4,2026-08-18 20:52:12,new,unknown,,,
port:52.68.214.152:8088,port,52.68.214.152:8088,4,2026-08-18 20:52:12,new,unknown,,,
port:52.68.214.152:8090,port,52.68.214.152:8090,4,2026-08-18 20:52:12,new,unknown,,,
port:52.68.214.152:8181,port,52.68.214.152:8181,4,2026-08-18 20:52:12,new,unknown,,,
port:52.68.214.152:8222,port,52.68.214.152:8222,4,2026-08-18 20:52:12,new,unknown,,,
port:52.68.214.152:8282,port,52.68.214.152:8282,4,2026-08-18 20:52:12,new,unknown,,,
port:52.68.214.152:8443,port,52.68.214.152:8443,4,2026-08-18 20:52:12,new,unknown,,,
url:https://52.68.214.152:8443/,url,https://52.68.214.152:8443/,4,2026-08-18 20:52:12,scanned,请访问域名,Email,Email,nginx
port:52.68.214.152:8888,port,52.68.214.152:8888,4,2026-08-18 20:52:12,new,unknown,,,
port:52.68.214.152:9007,port,52.68.214.152:9007,4,2026-08-18 20:52:12,new,unknown,,,
port:52.68.214.152:9008,port,52.68.214.152:9008,4,2026-08-18 20:52:12,new,unknown,,,
port:52.68.214.152:9015,port,52.68.214.152:9015,4,2026-08-18 20:52:12,new,unknown,,,
port:52.68.214.152:9025,port,52.68.214.152:9025,4,2026-08-18 20:52:12,new,unknown,,,
port:52.68.214.152:9058,port,52.68.214.152:9058,4,2026-08-18 20:52:12,new,unknown,,,
port:52.68.214.152:9081,port,52.68.214.152:9081,4,2026-08-18 20:52:12,new,unknown,,,
port:52.68.214.152:9095,port,52.68.214.152:9095,4,2026-08-18 20:52:12,new,unknown,,,
port:52.192.142.148:22,port,52.192.142.148:22,4,2026-08-18 20:52:18,new,unknown,,,
port:52.192.142.148:80,port,52.192.142.148:80,4,2026-08-18 20:52:18,new,unknown,,,
url:http://52.192.142.148:80/,url,http://52.192.142.148:80/,4,2026-08-18 20:52:18,scanned,请访问域名,Email,Email,nginx
port:52.192.142.148:81,port,52.192.142.148:81,4,2026-08-18 20:52:18,new,unknown,,,
port:52.192.142.148:82,port,52.192.142.148:82,4,2026-08-18 20:52:18,new,unknown,,,
port:52.192.142.148:83,port,52.192.142.148:83,4,2026-08-18 20:52:18,new,unknown,,,
port:52.192.142.148:90,port,52.192.142.148:90,4,2026-08-18 20:52:18,new,unknown,,,
port:52.192.142.148:97,port,52.192.142.148:97,4,2026-08-18 20:52:18,new,unknown,,,
port:52.192.142.148:98,port,52.192.142.148:98,4,2026-08-18 20:52:18,new,unknown,,,
port:52.192.142.148:99,port,52.192.142.148:99,4,2026-08-18 20:52:18,new,unknown,,,
port:52.192.142.148:108,port,52.192.142.148:108,4,2026-08-18 20:52:18,new,unknown,,,
port:52.192.142.148:121,port,52.192.142.148:121,4,2026-08-18 20:52:18,new,unknown,,,
port:52.192.142.148:122,port,52.192.142.148:122,4,2026-08-18 20:52:18,new,unknown,,,
port:52.192.142.148:126,port,52.192.142.148:126,4,2026-08-18 20:52:18,new,unknown,,,
port:52.192.142.148:151,port,52.192.142.148:151,4,2026-08-18 20:52:18,new,unknown,,,
port:52.192.142.148:155,port,52.192.142.148:155,4,2026-08-18 20:52:18,new,unknown,,,
port:52.192.142.148:158,port,52.192.142.148:158,4,2026-08-18 20:52:18,new,unknown,,,
port:52.192.142.148:159,port,52.192.142.148:159,4,2026-08-18 20:52:18,new,unknown,,,
port:52.192.142.148:168,port,52.192.142.148:168,4,2026-08-18 20:52:18,new,unknown,,,
port:52.192.142.148:188,port,52.192.142.148:188,4,2026-08-18 20:52:18,new,unknown,,,
port:52.192.142.148:189,port,52.192.142.148:189,4,2026-08-18 20:52:18,new,unknown,,,
port:52.192.142.148:193,port,52.192.142.148:193,4,2026-08-18 20:52:18,new,unknown,,,
port:52.192.142.148:200,port,52.192.142.148:200,4,2026-08-18 20:52:18,new,unknown,,,
port:52.192.142.148:201,port,52.192.142.148:201,4,2026-08-18 20:52:18,new,unknown,,,
port:52.192.142.148:202,port,52.192.142.148:202,4,2026-08-18 20:52:18,new,unknown,,,
port:52.192.142.148:203,port,52.192.142.148:203,4,2026-08-18 20:52:18,new,unknown,,,
port:52.192.142.148:204,port,52.192.142.148:204,4,2026-08-18 20:52:18,new,unknown,,,
port:52.192.142.148:205,port,52.192.142.148:205,4,2026-08-18 20:52:18,new,unknown,,,
port:52.192.142.148:206,port,52.192.142.148:206,4,2026-08-18 20:52:18,new,unknown,,,
port:52.192.142.148:207,port,52.192.142.148:207,4,2026-08-18 20:52:18,new,unknown,,,
port:52.192.142.148:208,port,52.192.142.148:208,4,2026-08-18 20:52:18,new,unknown,,,
port:52.192.142.148:209,port,52.192.142.148:209,4,2026-08-18 20:52:18,new,unknown,,,
port:52.192.142.148:221,port,52.192.142.148:221,4,2026-08-18 20:52:18,new,unknown,,,
port:52.192.142.148:236,port,52.192.142.148:236,4,2026-08-18 20:52:18,new,unknown,,,
port:52.192.142.148:258,port,52.192.142.148:258,4,2026-08-18 20:52:18,new,unknown,,,
port:52.192.142.148:288,port,52.192.142.148:288,4,2026-08-18 20:52:18,new,unknown,,,
port:52.192.142.148:301,port,52.192.142.148:301,4,2026-08-18 20:52:18,new,unknown,,,
port:52.192.142.148:302,port,52.192.142.148:302,4,2026-08-18 20:52:18,new,unknown,,,
port:52.192.142.148:303,port,52.192.142.148:303,4,2026-08-18 20:52:18,new,unknown,,,
port:52.192.142.148:304,port,52.192.142.148:304,4,2026-08-18 20:52:18,new,unknown,,,
port:52.192.142.148:305,port,52.192.142.148:305,4,2026-08-18 20:52:18,new,unknown,,,
port:52.192.142.148:308,port,52.192.142.148:308,4,2026-08-18 20:52:18,new,unknown,,,
port:52.192.142.148:321,port,52.192.142.148:321,4,2026-08-18 20:52:18,new,unknown,,,
port:52.192.142.148:364,port,52.192.142.148:364,4,2026-08-18 20:52:18,new,unknown,,,
port:52.192.142.148:365,port,52.192.142.148:365,4,2026-08-18 20:52:18,new,unknown,,,
port:52.192.142.148:408,port,52.192.142.148:408,4,2026-08-18 20:52:18,new,unknown,,,
port:52.192.142.148:441,port,52.192.142.148:441,4,2026-08-18 20:52:18,new,unknown,,,
port:52.192.142.148:443,port,52.192.142.148:443,4,2026-08-18 20:52:18,new,unknown,,,
url:https://52.192.142.148:443/,url,https://52.192.142.148:443/,4,2026-08-18 20:52:18,scanned,请访问域名,Email,Email,nginx
port:52.192.142.148:500,port,52.192.142.148:500,4,2026-08-18 20:52:18,new,unknown,,,
port:52.192.142.148:501,port,52.192.142.148:501,4,2026-08-18 20:52:18,new,unknown,,,
port:52.192.142.148:502,port,52.192.142.148:502,4,2026-08-18 20:52:18,new,unknown,,,
port:52.192.142.148:509,port,52.192.142.148:509,4,2026-08-18 20:52:18,new,unknown,,,
port:52.192.142.148:510,port,52.192.142.148:510,4,2026-08-18 20:52:18,new,unknown,,,
port:52.192.142.148:511,port,52.192.142.148:511,4,2026-08-18 20:52:18,new,unknown,,,
port:52.192.142.148:512,port,52.192.142.148:512,4,2026-08-18 20:52:18,new,unknown,,,
port:52.192.142.148:513,port,52.192.142.148:513,4,2026-08-18 20:52:18,new,unknown,,,
port:52.192.142.148:514,port,52.192.142.148:514,4,2026-08-18 20:52:18,new,unknown,,,
port:52.192.142.148:520,port,52.192.142.148:520,4,2026-08-18 20:52:18,new,unknown,,,
port:52.192.142.148:523,port,52.192.142.148:523,4,2026-08-18 20:52:18,new,unknown,,,
port:52.192.142.148:525,port,52.192.142.148:525,4,2026-08-18 20:52:18,new,unknown,,,
port:52.192.142.148:568,port,52.192.142.148:568,4,2026-08-18 20:52:18,new,unknown,,,
port:52.192.142.148:588,port,52.192.142.148:588,4,2026-08-18 20:52:18,new,unknown,,,
port:52.192.142.148:589,port,52.192.142.148:589,4,2026-08-18 20:52:18,new,unknown,,,
port:52.192.142.148:600,port,52.192.142.148:600,4,2026-08-18 20:52:18,new,unknown,,,
port:52.192.142.148:632,port,52.192.142.148:632,4,2026-08-18 20:52:18,new,unknown,,,
port:52.192.142.148:663,port,52.192.142.148:663,4,2026-08-18 20:52:18,new,unknown,,,
port:52.192.142.148:685,port,52.192.142.148:685,4,2026-08-18 20:52:18,new,unknown,,,
port:52.192.142.148:686,port,52.192.142.148:686,4,2026-08-18 20:52:18,new,unknown,,,
port:52.192.142.148:688,port,52.192.142.148:688,4,2026-08-18 20:52:18,new,unknown,,,
port:52.192.142.148:775,port,52.192.142.148:775,4,2026-08-18 20:52:18,new,unknown,,,
port:52.192.142.148:776,port,52.192.142.148:776,4,2026-08-18 20:52:18,new,unknown,,,
port:52.192.142.148:777,port,52.192.142.148:777,4,2026-08-18 20:52:18,new,unknown,,,
port:52.192.142.148:778,port,52.192.142.148:778,4,2026-08-18 20:52:18,new,unknown,,,
port:52.192.142.148:801,port,52.192.142.148:801,4,2026-08-18 20:52:18,new,unknown,,,
port:52.192.142.148:802,port,52.192.142.148:802,4,2026-08-18 20:52:18,new,unknown,,,
port:52.192.142.148:808,port,52.192.142.148:808,4,2026-08-18 20:52:18,new,unknown,,,
port:52.192.142.148:836,port,52.192.142.148:836,4,2026-08-18 20:52:18,new,unknown,,,
port:52.192.142.148:837,port,52.192.142.148:837,4,2026-08-18 20:52:18,new,unknown,,,
port:52.192.142.148:840,port,52.192.142.148:840,4,2026-08-18 20:52:18,new,unknown,,,
port:52.192.142.148:841,port,52.192.142.148:841,4,2026-08-18 20:52:18,new,unknown,,,
port:52.192.142.148:842,port,52.192.142.148:842,4,2026-08-18 20:52:18,new,unknown,,,
port:52.192.142.148:852,port,52.192.142.148:852,4,2026-08-18 20:52:18,new,unknown,,,
port:52.192.142.148:854,port,52.192.142.148:854,4,2026-08-18 20:52:18,new,unknown,,,
port:52.192.142.148:855,port,52.192.142.148:855,4,2026-08-18 20:52:18,new,unknown,,,
port:52.192.142.148:857,port,52.192.142.148:857,4,2026-08-18 20:52:18,new,unknown,,,
port:52.192.142.148:858,port,52.192.142.148:858,4,2026-08-18 20:52:18,new,unknown,,,
port:52.192.142.148:863,port,52.192.142.148:863,4,2026-08-18 20:52:18,new,unknown,,,
port:52.192.142.148:867,port,52.192.142.148:867,4,2026-08-18 20:52:18,new,unknown,,,
port:52.192.142.148:871,port,52.192.142.148:871,4,2026-08-18 20:52:18,new,unknown,,,
port:52.192.142.148:872,port,52.192.142.148:872,4,2026-08-18 20:52:18,new,unknown,,,
port:52.192.142.148:873,port,52.192.142.148:873,4,2026-08-18 20:52:18,new,unknown,,,
port:52.192.142.148:874,port,52.192.142.148:874,4,2026-08-18 20:52:18,new,unknown,,,
port:52.192.142.148:877,port,52.192.142.148:877,4,2026-08-18 20:52:18,new,unknown,,,
port:52.192.142.148:878,port,52.192.142.148:878,4,2026-08-18 20:52:18,new,unknown,,,
port:52.192.142.148:883,port,52.192.142.148:883,4,2026-08-18 20:52:18,new,unknown,,,
port:52.192.142.148:898,port,52.192.142.148:898,4,2026-08-18 20:52:18,new,unknown,,,
port:52.192.142.148:900,port,52.192.142.148:900,4,2026-08-18 20:52:18,new,unknown,,,
port:52.192.142.148:901,port,52.192.142.148:901,4,2026-08-18 20:52:18,new,unknown,,,
port:52.192.142.148:902,port,52.192.142.148:902,4,2026-08-18 20:52:18,new,unknown,,,
port:52.192.142.148:903,port,52.192.142.148:903,4,2026-08-18 20:52:18,new,unknown,,,
port:52.192.142.148:904,port,52.192.142.148:904,4,2026-08-18 20:52:18,new,unknown,,,
port:52.192.142.148:905,port,52.192.142.148:905,4,2026-08-18 20:52:18,new,unknown,,,
port:52.192.142.148:906,port,52.192.142.148:906,4,2026-08-18 20:52:18,new,unknown,,,
port:52.192.142.148:907,port,52.192.142.148:907,4,2026-08-18 20:52:18,new,unknown,,,
port:52.192.142.148:909,port,52.192.142.148:909,4,2026-08-18 20:52:18,new,unknown,,,
port:52.192.142.148:910,port,52.192.142.148:910,4,2026-08-18 20:52:18,new,unknown,,,
port:52.192.142.148:912,port,52.192.142.148:912,4,2026-08-18 20:52:18,new,unknown,,,
port:52.192.142.148:918,port,52.192.142.148:918,4,2026-08-18 20:52:18,new,unknown,,,
port:52.192.142.148:928,port,52.192.142.148:928,4,2026-08-18 20:52:18,new,unknown,,,
port:52.192.142.148:938,port,52.192.142.148:938,4,2026-08-18 20:52:18,new,unknown,,,
port:52.192.142.148:966,port,52.192.142.148:966,4,2026-08-18 20:52:18,new,unknown,,,
port:52.192.142.148:977,port,52.192.142.148:977,4,2026-08-18 20:52:18,new,unknown,,,
port:52.192.142.148:978,port,52.192.142.148:978,4,2026-08-18 20:52:18,new,unknown,,,
port:52.192.142.148:979,port,52.192.142.148:979,4,2026-08-18 20:52:18,new,unknown,,,
port:52.192.142.148:980,port,52.192.142.148:980,4,2026-08-18 20:52:18,new,unknown,,,
port:52.192.142.148:981,port,52.192.142.148:981,4,2026-08-18 20:52:18,new,unknown,,,
port:52.192.142.148:982,port,52.192.142.148:982,4,2026-08-18 20:52:18,new,unknown,,,
port:52.192.142.148:983,port,52.192.142.148:983,4,2026-08-18 20:52:18,new,unknown,,,
port:52.192.142.148:989,port,52.192.142.148:989,4,2026-08-18 20:52:18,new,unknown,,,
port:52.192.142.148:997,port,52.192.142.148:997,4,2026-08-18 20:52:18,new,unknown,,,
port:52.192.142.148:998,port,52.192.142.148:998,4,2026-08-18 20:52:18,new,unknown,,,
port:52.192.142.148:999,port,52.192.142.148:999,4,2026-08-18 20:52:18,new,unknown,,,
port:52.192.142.148:1001,port,52.192.142.148:1001,4,2026-08-18 20:52:18,new,unknown,,,
port:52.192.142.148:1002,port,52.192.142.148:1002,4,2026-08-18 20:52:18,new,unknown,,,
port:52.192.142.148:1003,port,52.192.142.148:1003,4,2026-08-18 20:52:18,new,unknown,,,
port:52.192.142.148:1004,port,52.192.142.148:1004,4,2026-08-18 20:52:18,new,unknown,,,
port:52.192.142.148:1005,port,52.192.142.148:1005,4,2026-08-18 20:52:18,new,unknown,,,
port:52.192.142.148:1006,port,52.192.142.148:1006,4,2026-08-18 20:52:18,new,unknown,,,
port:52.192.142.148:1007,port,52.192.142.148:1007,4,2026-08-18 20:52:18,new,unknown,,,
port:52.192.142.148:1008,port,52.192.142.148:1008,4,2026-08-18 20:52:18,new,unknown,,,
port:52.192.142.148:1009,port,52.192.142.148:1009,4,2026-08-18 20:52:18,new,unknown,,,
port:52.192.142.148:1010,port,52.192.142.148:1010,4,2026-08-18 20:52:18,new,unknown,,,
port:52.192.142.148:1011,port,52.192.142.148:1011,4,2026-08-18 20:52:18,new,unknown,,,
port:52.192.142.148:1012,port,52.192.142.148:1012,4,2026-08-18 20:52:18,new,unknown,,,
port:52.192.142.148:8011,port,52.192.142.148:8011,4,2026-08-18 20:52:18,new,unknown,,,
port:52.192.142.148:8018,port,52.192.142.148:8018,4,2026-08-18 20:52:18,new,unknown,,,
port:52.192.142.148:8028,port,52.192.142.148:8028,4,2026-08-18 20:52:18,new,unknown,,,
port:52.192.142.148:8031,port,52.192.142.148:8031,4,2026-08-18 20:52:18,new,unknown,,,
port:52.192.142.148:8038,port,52.192.142.148:8038,4,2026-08-18 20:52:18,new,unknown,,,
port:52.192.142.148:8048,port,52.192.142.148:8048,4,2026-08-18 20:52:18,new,unknown,,,
port:52.192.142.148:8049,port,52.192.142.148:8049,4,2026-08-18 20:52:18,new,unknown,,,
port:52.192.142.148:8061,port,52.192.142.148:8061,4,2026-08-18 20:52:18,new,unknown,,,
port:52.192.142.148:8080,port,52.192.142.148:8080,4,2026-08-18 20:52:18,new,unknown,,,
url:http://52.192.142.148:8080/,url,http://52.192.142.148:8080/,4,2026-08-18 20:52:18,scanning,,,,
port:52.192.142.148:8082,port,52.192.142.148:8082,4,2026-08-18 20:52:18,new,unknown,,,
port:52.192.142.148:8083,port,52.192.142.148:8083,4,2026-08-18 20:52:18,new,unknown,,,
port:52.192.142.148:8084,port,52.192.142.148:8084,4,2026-08-18 20:52:18,new,unknown,,,
port:52.192.142.148:8085,port,52.192.142.148:8085,4,2026-08-18 20:52:18,new,unknown,,,
port:52.192.142.148:8088,port,52.192.142.148:8088,4,2026-08-18 20:52:18,new,unknown,,,
port:52.192.142.148:8090,port,52.192.142.148:8090,4,2026-08-18 20:52:18,new,unknown,,,
port:52.192.142.148:8181,port,52.192.142.148:8181,4,2026-08-18 20:52:18,new,unknown,,,
port:52.192.142.148:8222,port,52.192.142.148:8222,4,2026-08-18 20:52:18,new,unknown,,,
port:52.192.142.148:8282,port,52.192.142.148:8282,4,2026-08-18 20:52:18,new,unknown,,,
port:52.192.142.148:8443,port,52.192.142.148:8443,4,2026-08-18 20:52:18,new,unknown,,,
url:https://52.192.142.148:8443/,url,https://52.192.142.148:8443/,4,2026-08-18 20:52:18,scanning,,,,
port:52.192.142.148:8888,port,52.192.142.148:8888,4,2026-08-18 20:52:18,new,unknown,,,
port:52.192.142.148:9001,port,52.192.142.148:9001,4,2026-08-18 20:52:18,new,unknown,,,
port:52.192.142.148:9007,port,52.192.142.148:9007,4,2026-08-18 20:52:18,new,unknown,,,
port:52.192.142.148:9008,port,52.192.142.148:9008,4,2026-08-18 20:52:18,new,unknown,,,
port:52.192.142.148:9015,port,52.192.142.148:9015,4,2026-08-18 20:52:18,new,unknown,,,
port:52.192.142.148:9025,port,52.192.142.148:9025,4,2026-08-18 20:52:18,new,unknown,,,
port:52.192.142.148:9058,port,52.192.142.148:9058,4,2026-08-18 20:52:18,new,unknown,,,
port:52.192.142.148:9081,port,52.192.142.148:9081,4,2026-08-18 20:52:18,new,unknown,,,
port:52.192.142.148:9090,port,52.192.142.148:9090,4,2026-08-18 20:52:18,new,unknown,,,
port:52.192.142.148:9095,port,52.192.142.148:9095,4,2026-08-18 20:52:18,new,unknown,,,
port:13.192.183.199:22,port,13.192.183.199:22,4,2026-08-18 20:52:22,new,unknown,,,
port:13.192.183.199:80,port,13.192.183.199:80,4,2026-08-18 20:52:22,new,unknown,,,
url:http://13.192.183.199:80/,url,http://13.192.183.199:80/,4,2026-08-18 20:52:22,scanned,请访问域名,,,
port:13.192.183.199:82,port,13.192.183.199:82,4,2026-08-18 20:52:22,new,unknown,,,
port:13.192.183.199:83,port,13.192.183.199:83,4,2026-08-18 20:52:22,new,unknown,,,
port:13.192.183.199:90,port,13.192.183.199:90,4,2026-08-18 20:52:22,new,unknown,,,
port:13.192.183.199:97,port,13.192.183.199:97,4,2026-08-18 20:52:22,new,unknown,,,
port:13.192.183.199:98,port,13.192.183.199:98,4,2026-08-18 20:52:22,new,unknown,,,
port:13.192.183.199:99,port,13.192.183.199:99,4,2026-08-18 20:52:22,new,unknown,,,
port:13.192.183.199:108,port,13.192.183.199:108,4,2026-08-18 20:52:22,new,unknown,,,
port:13.192.183.199:121,port,13.192.183.199:121,4,2026-08-18 20:52:22,new,unknown,,,
port:13.192.183.199:122,port,13.192.183.199:122,4,2026-08-18 20:52:22,new,unknown,,,
port:13.192.183.199:126,port,13.192.183.199:126,4,2026-08-18 20:52:22,new,unknown,,,
port:13.192.183.199:151,port,13.192.183.199:151,4,2026-08-18 20:52:22,new,unknown,,,
port:13.192.183.199:155,port,13.192.183.199:155,4,2026-08-18 20:52:22,new,unknown,,,
port:13.192.183.199:158,port,13.192.183.199:158,4,2026-08-18 20:52:22,new,unknown,,,
port:13.192.183.199:159,port,13.192.183.199:159,4,2026-08-18 20:52:22,new,unknown,,,
port:13.192.183.199:168,port,13.192.183.199:168,4,2026-08-18 20:52:22,new,unknown,,,
port:13.192.183.199:188,port,13.192.183.199:188,4,2026-08-18 20:52:22,new,unknown,,,
port:13.192.183.199:189,port,13.192.183.199:189,4,2026-08-18 20:52:22,new,unknown,,,
port:13.192.183.199:193,port,13.192.183.199:193,4,2026-08-18 20:52:22,new,unknown,,,
port:13.192.183.199:200,port,13.192.183.199:200,4,2026-08-18 20:52:22,new,unknown,,,
port:13.192.183.199:201,port,13.192.183.199:201,4,2026-08-18 20:52:22,new,unknown,,,
port:13.192.183.199:202,port,13.192.183.199:202,4,2026-08-18 20:52:22,new,unknown,,,
port:13.192.183.199:203,port,13.192.183.199:203,4,2026-08-18 20:52:22,new,unknown,,,
port:13.192.183.199:204,port,13.192.183.199:204,4,2026-08-18 20:52:22,new,unknown,,,
port:13.192.183.199:205,port,13.192.183.199:205,4,2026-08-18 20:52:22,new,unknown,,,
port:13.192.183.199:206,port,13.192.183.199:206,4,2026-08-18 20:52:22,new,unknown,,,
port:13.192.183.199:207,port,13.192.183.199:207,4,2026-08-18 20:52:22,new,unknown,,,
port:13.192.183.199:208,port,13.192.183.199:208,4,2026-08-18 20:52:22,new,unknown,,,
port:13.192.183.199:209,port,13.192.183.199:209,4,2026-08-18 20:52:22,new,unknown,,,
port:13.192.183.199:221,port,13.192.183.199:221,4,2026-08-18 20:52:22,new,unknown,,,
port:13.192.183.199:236,port,13.192.183.199:236,4,2026-08-18 20:52:22,new,unknown,,,
port:13.192.183.199:258,port,13.192.183.199:258,4,2026-08-18 20:52:22,new,unknown,,,
port:13.192.183.199:288,port,13.192.183.199:288,4,2026-08-18 20:52:22,new,unknown,,,
port:13.192.183.199:301,port,13.192.183.199:301,4,2026-08-18 20:52:22,new,unknown,,,
port:13.192.183.199:302,port,13.192.183.199:302,4,2026-08-18 20:52:22,new,unknown,,,
port:13.192.183.199:303,port,13.192.183.199:303,4,2026-08-18 20:52:22,new,unknown,,,
port:13.192.183.199:304,port,13.192.183.199:304,4,2026-08-18 20:52:22,new,unknown,,,
port:13.192.183.199:305,port,13.192.183.199:305,4,2026-08-18 20:52:22,new,unknown,,,
port:13.192.183.199:308,port,13.192.183.199:308,4,2026-08-18 20:52:22,new,unknown,,,
port:13.192.183.199:321,port,13.192.183.199:321,4,2026-08-18 20:52:22,new,unknown,,,
port:13.192.183.199:356,port,13.192.183.199:356,4,2026-08-18 20:52:22,new,unknown,,,
port:13.192.183.199:364,port,13.192.183.199:364,4,2026-08-18 20:52:22,new,unknown,,,
port:13.192.183.199:365,port,13.192.183.199:365,4,2026-08-18 20:52:22,new,unknown,,,
port:13.192.183.199:408,port,13.192.183.199:408,4,2026-08-18 20:52:22,new,unknown,,,
port:13.192.183.199:441,port,13.192.183.199:441,4,2026-08-18 20:52:22,new,unknown,,,
port:13.192.183.199:443,port,13.192.183.199:443,4,2026-08-18 20:52:22,new,unknown,,,
url:https://13.192.183.199:443/,url,https://13.192.183.199:443/,4,2026-08-18 20:52:22,scanned,请访问域名,,,
port:13.192.183.199:500,port,13.192.183.199:500,4,2026-08-18 20:52:22,new,unknown,,,
port:13.192.183.199:501,port,13.192.183.199:501,4,2026-08-18 20:52:22,new,unknown,,,
port:13.192.183.199:502,port,13.192.183.199:502,4,2026-08-18 20:52:22,new,unknown,,,
port:13.192.183.199:509,port,13.192.183.199:509,4,2026-08-18 20:52:22,new,unknown,,,
port:13.192.183.199:510,port,13.192.183.199:510,4,2026-08-18 20:52:22,new,unknown,,,
port:13.192.183.199:511,port,13.192.183.199:511,4,2026-08-18 20:52:22,new,unknown,,,
port:13.192.183.199:512,port,13.192.183.199:512,4,2026-08-18 20:52:22,new,unknown,,,
port:13.192.183.199:513,port,13.192.183.199:513,4,2026-08-18 20:52:22,new,unknown,,,
port:13.192.183.199:514,port,13.192.183.199:514,4,2026-08-18 20:52:22,new,unknown,,,
port:13.192.183.199:520,port,13.192.183.199:520,4,2026-08-18 20:52:22,new,unknown,,,
port:13.192.183.199:523,port,13.192.183.199:523,4,2026-08-18 20:52:22,new,unknown,,,
port:13.192.183.199:525,port,13.192.183.199:525,4,2026-08-18 20:52:22,new,unknown,,,
port:13.192.183.199:568,port,13.192.183.199:568,4,2026-08-18 20:52:22,new,unknown,,,
port:13.192.183.199:588,port,13.192.183.199:588,4,2026-08-18 20:52:22,new,unknown,,,
port:13.192.183.199:589,port,13.192.183.199:589,4,2026-08-18 20:52:22,new,unknown,,,
port:13.192.183.199:600,port,13.192.183.199:600,4,2026-08-18 20:52:22,new,unknown,,,
port:13.192.183.199:632,port,13.192.183.199:632,4,2026-08-18 20:52:22,new,unknown,,,
port:13.192.183.199:663,port,13.192.183.199:663,4,2026-08-18 20:52:22,new,unknown,,,
port:13.192.183.199:685,port,13.192.183.199:685,4,2026-08-18 20:52:22,new,unknown,,,
port:13.192.183.199:686,port,13.192.183.199:686,4,2026-08-18 20:52:22,new,unknown,,,
port:13.192.183.199:688,port,13.192.183.199:688,4,2026-08-18 20:52:22,new,unknown,,,
port:13.192.183.199:775,port,13.192.183.199:775,4,2026-08-18 20:52:22,new,unknown,,,
port:13.192.183.199:776,port,13.192.183.199:776,4,2026-08-18 20:52:22,new,unknown,,,
port:13.192.183.199:777,port,13.192.183.199:777,4,2026-08-18 20:52:22,new,unknown,,,
port:13.192.183.199:778,port,13.192.183.199:778,4,2026-08-18 20:52:22,new,unknown,,,
port:13.192.183.199:787,port,13.192.183.199:787,4,2026-08-18 20:52:22,new,unknown,,,
port:13.192.183.199:801,port,13.192.183.199:801,4,2026-08-18 20:52:22,new,unknown,,,
port:13.192.183.199:802,port,13.192.183.199:802,4,2026-08-18 20:52:22,new,unknown,,,
port:13.192.183.199:808,port,13.192.183.199:808,4,2026-08-18 20:52:22,new,unknown,,,
port:13.192.183.199:836,port,13.192.183.199:836,4,2026-08-18 20:52:22,new,unknown,,,
port:13.192.183.199:837,port,13.192.183.199:837,4,2026-08-18 20:52:22,new,unknown,,,
port:13.192.183.199:840,port,13.192.183.199:840,4,2026-08-18 20:52:22,new,unknown,,,
port:13.192.183.199:841,port,13.192.183.199:841,4,2026-08-18 20:52:22,new,unknown,,,
port:13.192.183.199:842,port,13.192.183.199:842,4,2026-08-18 20:52:22,new,unknown,,,
port:13.192.183.199:852,port,13.192.183.199:852,4,2026-08-18 20:52:22,new,unknown,,,
port:13.192.183.199:854,port,13.192.183.199:854,4,2026-08-18 20:52:22,new,unknown,,,
port:13.192.183.199:855,port,13.192.183.199:855,4,2026-08-18 20:52:22,new,unknown,,,
port:13.192.183.199:857,port,13.192.183.199:857,4,2026-08-18 20:52:22,new,unknown,,,
port:13.192.183.199:858,port,13.192.183.199:858,4,2026-08-18 20:52:22,new,unknown,,,
port:13.192.183.199:863,port,13.192.183.199:863,4,2026-08-18 20:52:22,new,unknown,,,
port:13.192.183.199:867,port,13.192.183.199:867,4,2026-08-18 20:52:22,new,unknown,,,
port:13.192.183.199:871,port,13.192.183.199:871,4,2026-08-18 20:52:22,new,unknown,,,
port:13.192.183.199:872,port,13.192.183.199:872,4,2026-08-18 20:52:22,new,unknown,,,
port:13.192.183.199:873,port,13.192.183.199:873,4,2026-08-18 20:52:22,new,unknown,,,
port:13.192.183.199:874,port,13.192.183.199:874,4,2026-08-18 20:52:22,new,unknown,,,
port:13.192.183.199:877,port,13.192.183.199:877,4,2026-08-18 20:52:22,new,unknown,,,
port:13.192.183.199:878,port,13.192.183.199:878,4,2026-08-18 20:52:22,new,unknown,,,
port:13.192.183.199:883,port,13.192.183.199:883,4,2026-08-18 20:52:22,new,unknown,,,
port:13.192.183.199:898,port,13.192.183.199:898,4,2026-08-18 20:52:22,new,unknown,,,
port:13.192.183.199:900,port,13.192.183.199:900,4,2026-08-18 20:52:22,new,unknown,,,
port:13.192.183.199:901,port,13.192.183.199:901,4,2026-08-18 20:52:22,new,unknown,,,
port:13.192.183.199:902,port,13.192.183.199:902,4,2026-08-18 20:52:22,new,unknown,,,
port:13.192.183.199:903,port,13.192.183.199:903,4,2026-08-18 20:52:22,new,unknown,,,
port:13.192.183.199:904,port,13.192.183.199:904,4,2026-08-18 20:52:22,new,unknown,,,
port:13.192.183.199:905,port,13.192.183.199:905,4,2026-08-18 20:52:22,new,unknown,,,
port:13.192.183.199:906,port,13.192.183.199:906,4,2026-08-18 20:52:22,new,unknown,,,
port:13.192.183.199:907,port,13.192.183.199:907,4,2026-08-18 20:52:22,new,unknown,,,
port:13.192.183.199:909,port,13.192.183.199:909,4,2026-08-18 20:52:22,new,unknown,,,
port:13.192.183.199:910,port,13.192.183.199:910,4,2026-08-18 20:52:22,new,unknown,,,
port:13.192.183.199:912,port,13.192.183.199:912,4,2026-08-18 20:52:22,new,unknown,,,
port:13.192.183.199:918,port,13.192.183.199:918,4,2026-08-18 20:52:22,new,unknown,,,
port:13.192.183.199:928,port,13.192.183.199:928,4,2026-08-18 20:52:22,new,unknown,,,
port:13.192.183.199:938,port,13.192.183.199:938,4,2026-08-18 20:52:22,new,unknown,,,
port:13.192.183.199:966,port,13.192.183.199:966,4,2026-08-18 20:52:22,new,unknown,,,
port:13.192.183.199:977,port,13.192.183.199:977,4,2026-08-18 20:52:22,new,unknown,,,
port:13.192.183.199:978,port,13.192.183.199:978,4,2026-08-18 20:52:22,new,unknown,,,
port:13.192.183.199:979,port,13.192.183.199:979,4,2026-08-18 20:52:22,new,unknown,,,
port:13.192.183.199:980,port,13.192.183.199:980,4,2026-08-18 20:52:22,new,unknown,,,
port:13.192.183.199:981,port,13.192.183.199:981,4,2026-08-18 20:52:22,new,unknown,,,
port:13.192.183.199:982,port,13.192.183.199:982,4,2026-08-18 20:52:22,new,unknown,,,
port:13.192.183.199:983,port,13.192.183.199:983,4,2026-08-18 20:52:22,new,unknown,,,
port:13.192.183.199:989,port,13.192.183.199:989,4,2026-08-18 20:52:22,new,unknown,,,
port:13.192.183.199:997,port,13.192.183.199:997,4,2026-08-18 20:52:22,new,unknown,,,
port:13.192.183.199:998,port,13.192.183.199:998,4,2026-08-18 20:52:22,new,unknown,,,
port:13.192.183.199:999,port,13.192.183.199:999,4,2026-08-18 20:52:22,new,unknown,,,
port:13.192.183.199:1001,port,13.192.183.199:1001,4,2026-08-18 20:52:22,new,unknown,,,
port:13.192.183.199:1002,port,13.192.183.199:1002,4,2026-08-18 20:52:22,new,unknown,,,
port:13.192.183.199:1003,port,13.192.183.199:1003,4,2026-08-18 20:52:22,new,unknown,,,
port:13.192.183.199:1004,port,13.192.183.199:1004,4,2026-08-18 20:52:22,new,unknown,,,
port:13.192.183.199:1005,port,13.192.183.199:1005,4,2026-08-18 20:52:22,new,unknown,,,
port:13.192.183.199:1006,port,13.192.183.199:1006,4,2026-08-18 20:52:22,new,unknown,,,
port:13.192.183.199:1007,port,13.192.183.199:1007,4,2026-08-18 20:52:22,new,unknown,,,
port:13.192.183.199:1008,port,13.192.183.199:1008,4,2026-08-18 20:52:22,new,unknown,,,
port:13.192.183.199:1009,port,13.192.183.199:1009,4,2026-08-18 20:52:22,new,unknown,,,
port:13.192.183.199:1010,port,13.192.183.199:1010,4,2026-08-18 20:52:22,new,unknown,,,
port:13.192.183.199:1011,port,13.192.183.199:1011,4,2026-08-18 20:52:22,new,unknown,,,
port:13.192.183.199:1012,port,13.192.183.199:1012,4,2026-08-18 20:52:22,new,unknown,,,
port:13.192.183.199:8011,port,13.192.183.199:8011,4,2026-08-18 20:52:22,new,unknown,,,
port:13.192.183.199:8018,port,13.192.183.199:8018,4,2026-08-18 20:52:22,new,unknown,,,
port:13.192.183.199:8028,port,13.192.183.199:8028,4,2026-08-18 20:52:22,new,unknown,,,
port:13.192.183.199:8031,port,13.192.183.199:8031,4,2026-08-18 20:52:22,new,unknown,,,
port:13.192.183.199:8038,port,13.192.183.199:8038,4,2026-08-18 20:52:22,new,unknown,,,
port:13.192.183.199:8048,port,13.192.183.199:8048,4,2026-08-18 20:52:22,new,unknown,,,
port:13.192.183.199:8049,port,13.192.183.199:8049,4,2026-08-18 20:52:22,new,unknown,,,
port:13.192.183.199:8061,port,13.192.183.199:8061,4,2026-08-18 20:52:22,new,unknown,,,
port:13.192.183.199:8080,port,13.192.183.199:8080,4,2026-08-18 20:52:22,new,unknown,,,
url:http://13.192.183.199:8080/,url,http://13.192.183.199:8080/,4,2026-08-18 20:52:22,scanning,,,,
port:13.192.183.199:8082,port,13.192.183.199:8082,4,2026-08-18 20:52:22,new,unknown,,,
port:13.192.183.199:8083,port,13.192.183.199:8083,4,2026-08-18 20:52:22,new,unknown,,,
port:13.192.183.199:8084,port,13.192.183.199:8084,4,2026-08-18 20:52:22,new,unknown,,,
port:13.192.183.199:8085,port,13.192.183.199:8085,4,2026-08-18 20:52:22,new,unknown,,,
port:13.192.183.199:8088,port,13.192.183.199:8088,4,2026-08-18 20:52:22,new,unknown,,,
port:13.192.183.199:8090,port,13.192.183.199:8090,4,2026-08-18 20:52:22,new,unknown,,,
port:13.192.183.199:8181,port,13.192.183.199:8181,4,2026-08-18 20:52:22,new,unknown,,,
port:13.192.183.199:8222,port,13.192.183.199:8222,4,2026-08-18 20:52:22,new,unknown,,,
port:13.192.183.199:8282,port,13.192.183.199:8282,4,2026-08-18 20:52:22,new,unknown,,,
port:13.192.183.199:8443,port,13.192.183.199:8443,4,2026-08-18 20:52:22,new,unknown,,,
url:https://13.192.183.199:8443/,url,https://13.192.183.199:8443/,4,2026-08-18 20:52:22,scanning,,,,
port:13.192.183.199:8888,port,13.192.183.199:8888,4,2026-08-18 20:52:22,new,unknown,,,
port:13.192.183.199:9001,port,13.192.183.199:9001,4,2026-08-18 20:52:22,new,unknown,,,
port:13.192.183.199:9007,port,13.192.183.199:9007,4,2026-08-18 20:52:22,new,unknown,,,
port:13.192.183.199:9008,port,13.192.183.199:9008,4,2026-08-18 20:52:22,new,unknown,,,
port:13.192.183.199:9015,port,13.192.183.199:9015,4,2026-08-18 20:52:22,new,unknown,,,
port:13.192.183.199:9025,port,13.192.183.199:9025,4,2026-08-18 20:52:22,new,unknown,,,
port:13.192.183.199:9058,port,13.192.183.199:9058,4,2026-08-18 20:52:22,new,unknown,,,
port:13.192.183.199:9081,port,13.192.183.199:9081,4,2026-08-18 20:52:22,new,unknown,,,
port:13.192.183.199:9090,port,13.192.183.199:9090,4,2026-08-18 20:52:22,new,unknown,,,
port:13.192.183.199:9095,port,13.192.183.199:9095,4,2026-08-18 20:52:22,new,unknown,,,
port:54.238.185.226:22,port,54.238.185.226:22,4,2026-08-18 20:52:29,new,unknown,,,
port:54.238.185.226:80,port,54.238.185.226:80,4,2026-08-18 20:52:29,new,unknown,,,
url:http://54.238.185.226:80/,url,http://54.238.185.226:80/,4,2026-08-18 20:52:29,scanned,请访问域名,,,
port:54.238.185.226:81,port,54.238.185.226:81,4,2026-08-18 20:52:29,new,unknown,,,
port:54.238.185.226:82,port,54.238.185.226:82,4,2026-08-18 20:52:29,new,unknown,,,
port:54.238.185.226:83,port,54.238.185.226:83,4,2026-08-18 20:52:29,new,unknown,,,
port:54.238.185.226:90,port,54.238.185.226:90,4,2026-08-18 20:52:29,new,unknown,,,
port:54.238.185.226:97,port,54.238.185.226:97,4,2026-08-18 20:52:29,new,unknown,,,
port:54.238.185.226:98,port,54.238.185.226:98,4,2026-08-18 20:52:29,new,unknown,,,
port:54.238.185.226:99,port,54.238.185.226:99,4,2026-08-18 20:52:29,new,unknown,,,
port:54.238.185.226:108,port,54.238.185.226:108,4,2026-08-18 20:52:29,new,unknown,,,
port:54.238.185.226:121,port,54.238.185.226:121,4,2026-08-18 20:52:29,new,unknown,,,
port:54.238.185.226:122,port,54.238.185.226:122,4,2026-08-18 20:52:29,new,unknown,,,
port:54.238.185.226:126,port,54.238.185.226:126,4,2026-08-18 20:52:29,new,unknown,,,
port:54.238.185.226:151,port,54.238.185.226:151,4,2026-08-18 20:52:29,new,unknown,,,
port:54.238.185.226:155,port,54.238.185.226:155,4,2026-08-18 20:52:29,new,unknown,,,
port:54.238.185.226:158,port,54.238.185.226:158,4,2026-08-18 20:52:29,new,unknown,,,
port:54.238.185.226:159,port,54.238.185.226:159,4,2026-08-18 20:52:29,new,unknown,,,
port:54.238.185.226:168,port,54.238.185.226:168,4,2026-08-18 20:52:29,new,unknown,,,
port:54.238.185.226:188,port,54.238.185.226:188,4,2026-08-18 20:52:29,new,unknown,,,
port:54.238.185.226:189,port,54.238.185.226:189,4,2026-08-18 20:52:29,new,unknown,,,
port:54.238.185.226:193,port,54.238.185.226:193,4,2026-08-18 20:52:29,new,unknown,,,
port:54.238.185.226:200,port,54.238.185.226:200,4,2026-08-18 20:52:29,new,unknown,,,
port:54.238.185.226:201,port,54.238.185.226:201,4,2026-08-18 20:52:29,new,unknown,,,
port:54.238.185.226:202,port,54.238.185.226:202,4,2026-08-18 20:52:29,new,unknown,,,
port:54.238.185.226:203,port,54.238.185.226:203,4,2026-08-18 20:52:29,new,unknown,,,
port:54.238.185.226:204,port,54.238.185.226:204,4,2026-08-18 20:52:29,new,unknown,,,
port:54.238.185.226:205,port,54.238.185.226:205,4,2026-08-18 20:52:29,new,unknown,,,
port:54.238.185.226:206,port,54.238.185.226:206,4,2026-08-18 20:52:29,new,unknown,,,
port:54.238.185.226:207,port,54.238.185.226:207,4,2026-08-18 20:52:29,new,unknown,,,
port:54.238.185.226:208,port,54.238.185.226:208,4,2026-08-18 20:52:29,new,unknown,,,
port:54.238.185.226:209,port,54.238.185.226:209,4,2026-08-18 20:52:29,new,unknown,,,
port:54.238.185.226:221,port,54.238.185.226:221,4,2026-08-18 20:52:29,new,unknown,,,
port:54.238.185.226:236,port,54.238.185.226:236,4,2026-08-18 20:52:29,new,unknown,,,
port:54.238.185.226:258,port,54.238.185.226:258,4,2026-08-18 20:52:29,new,unknown,,,
port:54.238.185.226:288,port,54.238.185.226:288,4,2026-08-18 20:52:29,new,unknown,,,
port:54.238.185.226:301,port,54.238.185.226:301,4,2026-08-18 20:52:29,new,unknown,,,
port:54.238.185.226:302,port,54.238.185.226:302,4,2026-08-18 20:52:29,new,unknown,,,
port:54.238.185.226:303,port,54.238.185.226:303,4,2026-08-18 20:52:29,new,unknown,,,
port:54.238.185.226:304,port,54.238.185.226:304,4,2026-08-18 20:52:29,new,unknown,,,
port:54.238.185.226:305,port,54.238.185.226:305,4,2026-08-18 20:52:29,new,unknown,,,
port:54.238.185.226:308,port,54.238.185.226:308,4,2026-08-18 20:52:29,new,unknown,,,
port:54.238.185.226:321,port,54.238.185.226:321,4,2026-08-18 20:52:29,new,unknown,,,
port:54.238.185.226:356,port,54.238.185.226:356,4,2026-08-18 20:52:29,new,unknown,,,
port:54.238.185.226:365,port,54.238.185.226:365,4,2026-08-18 20:52:29,new,unknown,,,
port:54.238.185.226:408,port,54.238.185.226:408,4,2026-08-18 20:52:29,new,unknown,,,
port:54.238.185.226:441,port,54.238.185.226:441,4,2026-08-18 20:52:29,new,unknown,,,
port:54.238.185.226:443,port,54.238.185.226:443,4,2026-08-18 20:52:29,new,unknown,,,
url:https://54.238.185.226:443/,url,https://54.238.185.226:443/,4,2026-08-18 20:52:29,scanning,,,,
port:54.238.185.226:500,port,54.238.185.226:500,4,2026-08-18 20:52:29,new,unknown,,,
port:54.238.185.226:501,port,54.238.185.226:501,4,2026-08-18 20:52:29,new,unknown,,,
port:54.238.185.226:502,port,54.238.185.226:502,4,2026-08-18 20:52:29,new,unknown,,,
port:54.238.185.226:509,port,54.238.185.226:509,4,2026-08-18 20:52:29,new,unknown,,,
port:54.238.185.226:510,port,54.238.185.226:510,4,2026-08-18 20:52:29,new,unknown,,,
port:54.238.185.226:511,port,54.238.185.226:511,4,2026-08-18 20:52:29,new,unknown,,,
port:54.238.185.226:512,port,54.238.185.226:512,4,2026-08-18 20:52:29,new,unknown,,,
port:54.238.185.226:513,port,54.238.185.226:513,4,2026-08-18 20:52:29,new,unknown,,,
port:54.238.185.226:514,port,54.238.185.226:514,4,2026-08-18 20:52:29,new,unknown,,,
port:54.238.185.226:520,port,54.238.185.226:520,4,2026-08-18 20:52:29,new,unknown,,,
port:54.238.185.226:523,port,54.238.185.226:523,4,2026-08-18 20:52:29,new,unknown,,,
port:54.238.185.226:525,port,54.238.185.226:525,4,2026-08-18 20:52:29,new,unknown,,,
port:54.238.185.226:568,port,54.238.185.226:568,4,2026-08-18 20:52:29,new,unknown,,,
port:54.238.185.226:588,port,54.238.185.226:588,4,2026-08-18 20:52:29,new,unknown,,,
port:54.238.185.226:589,port,54.238.185.226:589,4,2026-08-18 20:52:29,new,unknown,,,
port:54.238.185.226:600,port,54.238.185.226:600,4,2026-08-18 20:52:29,new,unknown,,,
port:54.238.185.226:632,port,54.238.185.226:632,4,2026-08-18 20:52:29,new,unknown,,,
port:54.238.185.226:663,port,54.238.185.226:663,4,2026-08-18 20:52:29,new,unknown,,,
port:54.238.185.226:685,port,54.238.185.226:685,4,2026-08-18 20:52:29,new,unknown,,,
port:54.238.185.226:686,port,54.238.185.226:686,4,2026-08-18 20:52:29,new,unknown,,,
port:54.238.185.226:688,port,54.238.185.226:688,4,2026-08-18 20:52:29,new,unknown,,,
port:54.238.185.226:775,port,54.238.185.226:775,4,2026-08-18 20:52:29,new,unknown,,,
port:54.238.185.226:776,port,54.238.185.226:776,4,2026-08-18 20:52:29,new,unknown,,,
port:54.238.185.226:777,port,54.238.185.226:777,4,2026-08-18 20:52:29,new,unknown,,,
port:54.238.185.226:778,port,54.238.185.226:778,4,2026-08-18 20:52:29,new,unknown,,,
port:54.238.185.226:787,port,54.238.185.226:787,4,2026-08-18 20:52:29,new,unknown,,,
port:54.238.185.226:801,port,54.238.185.226:801,4,2026-08-18 20:52:29,new,unknown,,,
port:54.238.185.226:802,port,54.238.185.226:802,4,2026-08-18 20:52:29,new,unknown,,,
port:54.238.185.226:808,port,54.238.185.226:808,4,2026-08-18 20:52:29,new,unknown,,,
port:54.238.185.226:836,port,54.238.185.226:836,4,2026-08-18 20:52:29,new,unknown,,,
port:54.238.185.226:837,port,54.238.185.226:837,4,2026-08-18 20:52:29,new,unknown,,,
port:54.238.185.226:840,port,54.238.185.226:840,4,2026-08-18 20:52:29,new,unknown,,,
port:54.238.185.226:841,port,54.238.185.226:841,4,2026-08-18 20:52:29,new,unknown,,,
port:54.238.185.226:842,port,54.238.185.226:842,4,2026-08-18 20:52:29,new,unknown,,,
port:54.238.185.226:852,port,54.238.185.226:852,4,2026-08-18 20:52:29,new,unknown,,,
port:54.238.185.226:854,port,54.238.185.226:854,4,2026-08-18 20:52:29,new,unknown,,,
port:54.238.185.226:855,port,54.238.185.226:855,4,2026-08-18 20:52:29,new,unknown,,,
port:54.238.185.226:857,port,54.238.185.226:857,4,2026-08-18 20:52:29,new,unknown,,,
port:54.238.185.226:858,port,54.238.185.226:858,4,2026-08-18 20:52:29,new,unknown,,,
port:54.238.185.226:863,port,54.238.185.226:863,4,2026-08-18 20:52:29,new,unknown,,,
port:54.238.185.226:867,port,54.238.185.226:867,4,2026-08-18 20:52:29,new,unknown,,,
port:54.238.185.226:871,port,54.238.185.226:871,4,2026-08-18 20:52:29,new,unknown,,,
port:54.238.185.226:872,port,54.238.185.226:872,4,2026-08-18 20:52:29,new,unknown,,,
port:54.238.185.226:873,port,54.238.185.226:873,4,2026-08-18 20:52:29,new,unknown,,,
port:54.238.185.226:874,port,54.238.185.226:874,4,2026-08-18 20:52:29,new,unknown,,,
port:54.238.185.226:877,port,54.238.185.226:877,4,2026-08-18 20:52:29,new,unknown,,,
port:54.238.185.226:883,port,54.238.185.226:883,4,2026-08-18 20:52:29,new,unknown,,,
port:54.238.185.226:900,port,54.238.185.226:900,4,2026-08-18 20:52:29,new,unknown,,,
port:54.238.185.226:901,port,54.238.185.226:901,4,2026-08-18 20:52:29,new,unknown,,,
port:54.238.185.226:902,port,54.238.185.226:902,4,2026-08-18 20:52:29,new,unknown,,,
port:54.238.185.226:903,port,54.238.185.226:903,4,2026-08-18 20:52:29,new,unknown,,,
port:54.238.185.226:904,port,54.238.185.226:904,4,2026-08-18 20:52:29,new,unknown,,,
port:54.238.185.226:905,port,54.238.185.226:905,4,2026-08-18 20:52:29,new,unknown,,,
port:54.238.185.226:906,port,54.238.185.226:906,4,2026-08-18 20:52:29,new,unknown,,,
port:54.238.185.226:907,port,54.238.185.226:907,4,2026-08-18 20:52:29,new,unknown,,,
port:54.238.185.226:909,port,54.238.185.226:909,4,2026-08-18 20:52:29,new,unknown,,,
port:54.238.185.226:910,port,54.238.185.226:910,4,2026-08-18 20:52:29,new,unknown,,,
port:54.238.185.226:912,port,54.238.185.226:912,4,2026-08-18 20:52:29,new,unknown,,,
port:54.238.185.226:918,port,54.238.185.226:918,4,2026-08-18 20:52:29,new,unknown,,,
port:54.238.185.226:928,port,54.238.185.226:928,4,2026-08-18 20:52:29,new,unknown,,,
port:54.238.185.226:938,port,54.238.185.226:938,4,2026-08-18 20:52:29,new,unknown,,,
port:54.238.185.226:966,port,54.238.185.226:966,4,2026-08-18 20:52:29,new,unknown,,,
port:54.238.185.226:977,port,54.238.185.226:977,4,2026-08-18 20:52:29,new,unknown,,,
port:54.238.185.226:978,port,54.238.185.226:978,4,2026-08-18 20:52:29,new,unknown,,,
port:54.238.185.226:979,port,54.238.185.226:979,4,2026-08-18 20:52:29,new,unknown,,,
port:54.238.185.226:980,port,54.238.185.226:980,4,2026-08-18 20:52:29,new,unknown,,,
port:54.238.185.226:981,port,54.238.185.226:981,4,2026-08-18 20:52:29,new,unknown,,,
port:54.238.185.226:982,port,54.238.185.226:982,4,2026-08-18 20:52:29,new,unknown,,,
port:54.238.185.226:983,port,54.238.185.226:983,4,2026-08-18 20:52:29,new,unknown,,,
port:54.238.185.226:989,port,54.238.185.226:989,4,2026-08-18 20:52:29,new,unknown,,,
port:54.238.185.226:997,port,54.238.185.226:997,4,2026-08-18 20:52:29,new,unknown,,,
port:54.238.185.226:998,port,54.238.185.226:998,4,2026-08-18 20:52:29,new,unknown,,,
port:54.238.185.226:999,port,54.238.185.226:999,4,2026-08-18 20:52:29,new,unknown,,,
port:54.238.185.226:1001,port,54.238.185.226:1001,4,2026-08-18 20:52:29,new,unknown,,,
port:54.238.185.226:1002,port,54.238.185.226:1002,4,2026-08-18 20:52:29,new,unknown,,,
port:54.238.185.226:1003,port,54.238.185.226:1003,4,2026-08-18 20:52:29,new,unknown,,,
port:54.238.185.226:1004,port,54.238.185.226:1004,4,2026-08-18 20:52:29,new,unknown,,,
port:54.238.185.226:1005,port,54.238.185.226:1005,4,2026-08-18 20:52:29,new,unknown,,,
port:54.238.185.226:1006,port,54.238.185.226:1006,4,2026-08-18 20:52:29,new,unknown,,,
port:54.238.185.226:1007,port,54.238.185.226:1007,4,2026-08-18 20:52:29,new,unknown,,,
port:54.238.185.226:1008,port,54.238.185.226:1008,4,2026-08-18 20:52:29,new,unknown,,,
port:54.238.185.226:1009,port,54.238.185.226:1009,4,2026-08-18 20:52:29,new,unknown,,,
port:54.238.185.226:1010,port,54.238.185.226:1010,4,2026-08-18 20:52:29,new,unknown,,,
port:54.238.185.226:1011,port,54.238.185.226:1011,4,2026-08-18 20:52:29,new,unknown,,,
port:54.238.185.226:1012,port,54.238.185.226:1012,4,2026-08-18 20:52:29,new,unknown,,,
port:54.238.185.226:8011,port,54.238.185.226:8011,4,2026-08-18 20:52:29,new,unknown,,,
port:54.238.185.226:8018,port,54.238.185.226:8018,4,2026-08-18 20:52:29,new,unknown,,,
port:54.238.185.226:8028,port,54.238.185.226:8028,4,2026-08-18 20:52:29,new,unknown,,,
port:54.238.185.226:8031,port,54.238.185.226:8031,4,2026-08-18 20:52:29,new,unknown,,,
port:54.238.185.226:8038,port,54.238.185.226:8038,4,2026-08-18 20:52:29,new,unknown,,,
port:54.238.185.226:8048,port,54.238.185.226:8048,4,2026-08-18 20:52:29,new,unknown,,,
port:54.238.185.226:8049,port,54.238.185.226:8049,4,2026-08-18 20:52:29,new,unknown,,,
port:54.238.185.226:8061,port,54.238.185.226:8061,4,2026-08-18 20:52:29,new,unknown,,,
port:54.238.185.226:8080,port,54.238.185.226:8080,4,2026-08-18 20:52:29,new,unknown,,,
url:http://54.238.185.226:8080/,url,http://54.238.185.226:8080/,4,2026-08-18 20:52:29,new,,,,
port:54.238.185.226:8082,port,54.238.185.226:8082,4,2026-08-18 20:52:29,new,unknown,,,
port:54.238.185.226:8083,port,54.238.185.226:8083,4,2026-08-18 20:52:29,new,unknown,,,
port:54.238.185.226:8084,port,54.238.185.226:8084,4,2026-08-18 20:52:29,new,unknown,,,
port:54.238.185.226:8085,port,54.238.185.226:8085,4,2026-08-18 20:52:29,new,unknown,,,
port:54.238.185.226:8088,port,54.238.185.226:8088,4,2026-08-18 20:52:29,new,unknown,,,
port:54.238.185.226:8090,port,54.238.185.226:8090,4,2026-08-18 20:52:29,new,unknown,,,
port:54.238.185.226:8181,port,54.238.185.226:8181,4,2026-08-18 20:52:29,new,unknown,,,
port:54.238.185.226:8222,port,54.238.185.226:8222,4,2026-08-18 20:52:29,new,unknown,,,
port:54.238.185.226:8443,port,54.238.185.226:8443,4,2026-08-18 20:52:29,new,unknown,,,
url:https://54.238.185.226:8443/,url,https://54.238.185.226:8443/,4,2026-08-18 20:52:29,new,,,,
port:54.238.185.226:8888,port,54.238.185.226:8888,4,2026-08-18 20:52:29,new,unknown,,,
port:54.238.185.226:9001,port,54.238.185.226:9001,4,2026-08-18 20:52:29,new,unknown,,,
port:54.238.185.226:9007,port,54.238.185.226:9007,4,2026-08-18 20:52:29,new,unknown,,,
port:54.238.185.226:9008,port,54.238.185.226:9008,4,2026-08-18 20:52:29,new,unknown,,,
port:54.238.185.226:9015,port,54.238.185.226:9015,4,2026-08-18 20:52:29,new,unknown,,,
port:54.238.185.226:9025,port,54.238.185.226:9025,4,2026-08-18 20:52:29,new,unknown,,,
port:54.238.185.226:9058,port,54.238.185.226:9058,4,2026-08-18 20:52:29,new,unknown,,,
port:54.238.185.226:9081,port,54.238.185.226:9081,4,2026-08-18 20:52:29,new,unknown,,,
port:54.238.185.226:9090,port,54.238.185.226:9090,4,2026-08-18 20:52:29,new,unknown,,,
port:54.238.185.226:9095,port,54.238.185.226:9095,4,2026-08-18 20:52:29,new,unknown,,,
