源资产ID,目标资产ID,关系类型
1sy.top,ssh.1sy.top,discovered
1sy.top,pgadmin.1sy.top,discovered
1sy.top,intranet.1sy.top,discovered
1sy.top,wechat.1sy.top,discovered
1sy.top,chat.1sy.top,discovered
1sy.top,proxy.1sy.top,discovered
1sy.top,im.1sy.top,discovered
1sy.top,uat.1sy.top,discovered
1sy.top,book.1sy.top,discovered
1sy.top,cart.1sy.top,discovered
1sy.top,www.1sy.top,discovered
1sy.top,metrics.1sy.top,discovered
1sy.top,api-gateway.1sy.top,discovered
1sy.top,uploads.1sy.top,discovered
1sy.top,lb.1sy.top,discovered
1sy.top,tmp.1sy.top,discovered
1sy.top,webmail.1sy.top,discovered
1sy.top,career.1sy.top,discovered
1sy.top,git.1sy.top,discovered
1sy.top,sftp.1sy.top,discovered
1sy.top,jobs.1sy.top,discovered
1sy.top,github.1sy.top,discovered
1sy.top,oss.1sy.top,discovered
1sy.top,cdn2.1sy.top,discovered
1sy.top,images.1sy.top,discovered
1sy.top,cms.1sy.top,discovered
1sy.top,socket.1sy.top,discovered
1sy.top,cached.1sy.top,discovered
1sy.top,elk.1sy.top,discovered
1sy.top,miniapp.1sy.top,discovered
1sy.top,wiki.1sy.top,discovered
1sy.top,apps.1sy.top,discovered
1sy.top,read.1sy.top,discovered
1sy.top,data.1sy.top,discovered
1sy.top,assets.1sy.top,discovered
1sy.top,comic.1sy.top,discovered
1sy.top,ccgj.1sy.top,discovered
1sy.top,backup.1sy.top,discovered
1sy.top,health.1sy.top,discovered
1sy.top,idc.1sy.top,discovered
1sy.top,yyz.1sy.top,discovered
1sy.top,shop.1sy.top,discovered
1sy.top,api2.1sy.top,discovered
1sy.top,cas.1sy.top,discovered
1sy.top,grpc.1sy.top,discovered
1sy.top,api-prod.1sy.top,discovered
1sy.top,ns2.1sy.top,discovered
1sy.top,prod.1sy.top,discovered
1sy.top,m.1sy.top,discovered
1sy.top,phpadmin.1sy.top,discovered
1sy.top,index.1sy.top,discovered
1sy.top,zabbix.1sy.top,discovered
1sy.top,security.1sy.top,discovered
1sy.top,manager.1sy.top,discovered
1sy.top,buy.1sy.top,discovered
1sy.top,cdn3.1sy.top,discovered
1sy.top,ns3.1sy.top,discovered
1sy.top,news.1sy.top,discovered
1sy.top,recruit.1sy.top,discovered
1sy.top,img.1sy.top,discovered
1sy.top,static2.1sy.top,discovered
1sy.top,sale.1sy.top,discovered
1sy.top,api-test.1sy.top,discovered
1sy.top,ebook.1sy.top,discovered
1sy.top,library.1sy.top,discovered
1sy.top,saml.1sy.top,discovered
1sy.top,download.1sy.top,discovered
1sy.top,market.1sy.top,discovered
1sy.top,main.1sy.top,discovered
1sy.top,oa.1sy.top,discovered
1sy.top,gray.1sy.top,discovered
1sy.top,about.1sy.top,discovered
1sy.top,web.1sy.top,discovered
1sy.top,magazine.1sy.top,discovered
1sy.top,oauth.1sy.top,discovered
1sy.top,prometheus.1sy.top,discovered
1sy.top,auth.1sy.top,discovered
1sy.top,sms.1sy.top,discovered
1sy.top,service.1sy.top,discovered
1sy.top,wechat2.1sy.top,discovered
1sy.top,file.1sy.top,discovered
1sy.top,doc.1sy.top,discovered
1sy.top,ftp.1sy.top,discovered
1sy.top,documentation.1sy.top,discovered
1sy.top,analytics.1sy.top,discovered
1sy.top,checkout.1sy.top,discovered
1sy.top,ldap.1sy.top,discovered
1sy.top,apis.1sy.top,discovered
1sy.top,pre.1sy.top,discovered
1sy.top,radio.1sy.top,discovered
1sy.top,kibana.1sy.top,discovered
1sy.top,graphql.1sy.top,discovered
1sy.top,test.1sy.top,discovered
1sy.top,gateway.1sy.top,discovered
1sy.top,smtp.1sy.top,discovered
1sy.top,community.1sy.top,discovered
1sy.top,nlb.1sy.top,discovered
1sy.top,video.1sy.top,discovered
1sy.top,stats.1sy.top,discovered
1sy.top,upload.1sy.top,discovered
1sy.top,alipay.1sy.top,discovered
1sy.top,gw.1sy.top,discovered
1sy.top,dns.1sy.top,discovered
1sy.top,ns1.1sy.top,discovered
1sy.top,files.1sy.top,discovered
1sy.top,forum.1sy.top,discovered
1sy.top,db.1sy.top,discovered
1sy.top,erp.1sy.top,discovered
1sy.top,game.1sy.top,discovered
1sy.top,rest.1sy.top,discovered
1sy.top,hrm.1sy.top,discovered
1sy.top,cdn.1sy.top,discovered
1sy.top,imap.1sy.top,discovered
1sy.top,console.1sy.top,discovered
1sy.top,crm.1sy.top,discovered
1sy.top,registry.1sy.top,discovered
1sy.top,hr.1sy.top,discovered
1sy.top,media.1sy.top,discovered
1sy.top,payment.1sy.top,discovered
1sy.top,home.1sy.top,discovered
1sy.top,radius.1sy.top,discovered
1sy.top,story.1sy.top,discovered
1sy.top,openapi.1sy.top,discovered
1sy.top,mailchimp.1sy.top,discovered
1sy.top,order2.1sy.top,discovered
1sy.top,demo.1sy.top,discovered
1sy.top,store.1sy.top,discovered
1sy.top,staging2.1sy.top,discovered
1sy.top,open.1sy.top,discovered
1sy.top,office.1sy.top,discovered
1sy.top,api-gw.1sy.top,discovered
1sy.top,administrator.1sy.top,discovered
1sy.top,preprod.1sy.top,discovered
1sy.top,mobile.1sy.top,discovered
1sy.top,cache.1sy.top,discovered
1sy.top,auth2.1sy.top,discovered
1sy.top,services.1sy.top,discovered
1sy.top,reader.1sy.top,discovered
1sy.top,push.1sy.top,discovered
1sy.top,build.1sy.top,discovered
1sy.top,dev2.1sy.top,discovered
1sy.top,export.1sy.top,discovered
1sy.top,pay2.1sy.top,discovered
1sy.top,portal.1sy.top,discovered
1sy.top,grafana.1sy.top,discovered
1sy.top,production.1sy.top,discovered
1sy.top,mobi.1sy.top,discovered
1sy.top,order.1sy.top,discovered
1sy.top,mysql.1sy.top,discovered
1sy.top,qs.1sy.top,discovered
1sy.top,es.1sy.top,discovered
1sy.top,tv.1sy.top,discovered
1sy.top,api.1sy.top,discovered
1sy.top,reports.1sy.top,discovered
1sy.top,documents.1sy.top,discovered
1sy.top,temp.1sy.top,discovered
1sy.top,sse.1sy.top,discovered
1sy.top,mx1.1sy.top,discovered
1sy.top,unionpay.1sy.top,discovered
1sy.top,weixin.1sy.top,discovered
1sy.top,pay.1sy.top,discovered
1sy.top,homepage.1sy.top,discovered
1sy.top,site.1sy.top,discovered
1sy.top,sites.1sy.top,discovered
1sy.top,notification.1sy.top,discovered
1sy.top,test2.1sy.top,discovered
1sy.top,wss.1sy.top,discovered
1sy.top,jenkins.1sy.top,discovered
1sy.top,sess.1sy.top,discovered
1sy.top,cos.1sy.top,discovered
1sy.top,sywp.1sy.top,discovered
1sy.top,products.1sy.top,discovered
1sy.top,hf.1sy.top,discovered
1sy.top,static.1sy.top,discovered
1sy.top,mini.1sy.top,discovered
1sy.top,public.1sy.top,discovered
1sy.top,message.1sy.top,discovered
1sy.top,ws.1sy.top,discovered
1sy.top,pub.1sy.top,discovered
1sy.top,sso.1sy.top,discovered
1sy.top,img3.1sy.top,discovered
1sy.top,docs.1sy.top,discovered
1sy.top,image.1sy.top,discovered
1sy.top,music.1sy.top,discovered
1sy.top,svn.1sy.top,discovered
1sy.top,bucket.1sy.top,discovered
1sy.top,wx.1sy.top,discovered
1sy.top,live.1sy.top,discovered
1sy.top,stage.1sy.top,discovered
1sy.top,keycloak.1sy.top,discovered
1sy.top,bbs.1sy.top,discovered
1sy.top,tracking.1sy.top,discovered
1sy.top,games.1sy.top,discovered
1sy.top,vpn.1sy.top,discovered
1sy.top,api-dev.1sy.top,discovered
1sy.top,novel.1sy.top,discovered
1sy.top,ygx.1sy.top,discovered
1sy.top,manage.1sy.top,discovered
1sy.top,kubernetes.1sy.top,discovered
1sy.top,ci.1sy.top,discovered
1sy.top,app.1sy.top,discovered
1sy.top,cd.1sy.top,discovered
1sy.top,api-staging.1sy.top,discovered
1sy.top,qa.1sy.top,discovered
1sy.top,article.1sy.top,discovered
1sy.top,wap2.1sy.top,discovered
1sy.top,canary.1sy.top,discovered
1sy.top,api-internal.1sy.top,discovered
1sy.top,staging.1sy.top,discovered
1sy.top,report.1sy.top,discovered
1sy.top,pop3.1sy.top,discovered
1sy.top,mail1.1sy.top,discovered
1sy.top,internal.1sy.top,discovered
1sy.top,sandbox.1sy.top,discovered
1sy.top,mall.1sy.top,discovered
1sy.top,h5.1sy.top,discovered
1sy.top,preview.1sy.top,discovered
1sy.top,gitlab.1sy.top,discovered
1sy.top,webapp.1sy.top,discovered
1sy.top,ios.1sy.top,discovered
1sy.top,deomps.1sy.top,discovered
1sy.top,logs.1sy.top,discovered
1sy.top,notify.1sy.top,discovered
1sy.top,monitoring.1sy.top,discovered
1sy.top,paper.1sy.top,discovered
1sy.top,cc.1sy.top,discovered
1sy.top,newsletter.1sy.top,discovered
1sy.top,dev.1sy.top,discovered
1sy.top,mzf.1sy.top,discovered
1sy.top,bak.1sy.top,discovered
1sy.top,mysqladmin.1sy.top,discovered
1sy.top,product.1sy.top,discovered
1sy.top,android.1sy.top,discovered
1sy.top,pop.1sy.top,discovered
1sy.top,remote.1sy.top,discovered
1sy.top,beta.1sy.top,discovered
1sy.top,mail.1sy.top,discovered
1sy.top,k8s.1sy.top,discovered
1sy.top,wap.1sy.top,discovered
1sy.top,careers.1sy.top,discovered
1sy.top,help.1sy.top,discovered
1sy.top,mx2.1sy.top,discovered
1sy.top,ym.1sy.top,discovered
1sy.top,faq.1sy.top,discovered
1sy.top,development.1sy.top,discovered
1sy.top,admin.1sy.top,discovered
1sy.top,dxhz.1sy.top,discovered
1sy.top,phpmyadmin.1sy.top,discovered
1sy.top,m2.1sy.top,discovered
1sy.top,q.1sy.top,discovered
1sy.top,webview.1sy.top,discovered
1sy.top,contact.1sy.top,discovered
1sy.top,token.1sy.top,discovered
1sy.top,job.1sy.top,discovered
1sy.top,books.1sy.top,discovered
1sy.top,database.1sy.top,discovered
1sy.top,login.1sy.top,discovered
1sy.top,support.1sy.top,discovered
1sy.top,idc.dr.1sy.top,discovered
1sy.top,blog.1sy.top,discovered
1sy.top,redis.1sy.top,discovered
1sy.top,log.1sy.top,discovered
1sy.top,sy.1sy.top,discovered
1sy.top,mx.1sy.top,discovered
1sy.top,elastic.1sy.top,discovered
1sy.top,mail2.1sy.top,discovered
1sy.top,websocket.1sy.top,discovered
1sy.top,session.1sy.top,discovered
1sy.top,img2.1sy.top,discovered
1sy.top,sso2.1sy.top,discovered
1sy.top,testing.1sy.top,discovered
1sy.top,monitor.1sy.top,discovered
1sy.top,docker.1sy.top,discovered
1sy.top,storage.1sy.top,discovered
1sy.top,status.1sy.top,discovered
1sy.top,static3.1sy.top,discovered
1sy.top,logging.1sy.top,discovered
1sy.top,http://1sy.top/,discovered
1sy.top,https://1sy.top/,discovered
intranet.1sy.top,library.intranet.1sy.top,discovered
intranet.1sy.top,api-staging.intranet.1sy.top,discovered
intranet.1sy.top,community.intranet.1sy.top,discovered
intranet.1sy.top,staging2.intranet.1sy.top,discovered
intranet.1sy.top,github.intranet.1sy.top,discovered
intranet.1sy.top,redis.intranet.1sy.top,discovered
intranet.1sy.top,jenkins.intranet.1sy.top,discovered
intranet.1sy.top,kibana.intranet.1sy.top,discovered
intranet.1sy.top,imap.intranet.1sy.top,discovered
intranet.1sy.top,mx2.intranet.1sy.top,discovered
intranet.1sy.top,pgadmin.intranet.1sy.top,discovered
intranet.1sy.top,api-internal.intranet.1sy.top,discovered
intranet.1sy.top,registry.intranet.1sy.top,discovered
intranet.1sy.top,administrator.intranet.1sy.top,discovered
intranet.1sy.top,qa.intranet.1sy.top,discovered
intranet.1sy.top,ios.intranet.1sy.top,discovered
intranet.1sy.top,chat.intranet.1sy.top,discovered
intranet.1sy.top,reader.intranet.1sy.top,discovered
intranet.1sy.top,testing.intranet.1sy.top,discovered
intranet.1sy.top,staging.intranet.1sy.top,discovered
intranet.1sy.top,session.intranet.1sy.top,discovered
intranet.1sy.top,upload.intranet.1sy.top,discovered
intranet.1sy.top,oss.intranet.1sy.top,discovered
intranet.1sy.top,home.intranet.1sy.top,discovered
intranet.1sy.top,webview.intranet.1sy.top,discovered
intranet.1sy.top,graphql.intranet.1sy.top,discovered
intranet.1sy.top,www.intranet.1sy.top,discovered
intranet.1sy.top,services.intranet.1sy.top,discovered
intranet.1sy.top,sftp.intranet.1sy.top,discovered
intranet.1sy.top,mail.intranet.1sy.top,discovered
intranet.1sy.top,uploads.intranet.1sy.top,discovered
intranet.1sy.top,gitlab.intranet.1sy.top,discovered
intranet.1sy.top,phpmyadmin.intranet.1sy.top,discovered
intranet.1sy.top,order2.intranet.1sy.top,discovered
intranet.1sy.top,apps.intranet.1sy.top,discovered
intranet.1sy.top,api-gateway.intranet.1sy.top,discovered
intranet.1sy.top,mobile.intranet.1sy.top,discovered
intranet.1sy.top,metrics.intranet.1sy.top,discovered
intranet.1sy.top,health.intranet.1sy.top,discovered
intranet.1sy.top,music.intranet.1sy.top,discovered
intranet.1sy.top,mobi.intranet.1sy.top,discovered
intranet.1sy.top,db.intranet.1sy.top,discovered
intranet.1sy.top,security.intranet.1sy.top,discovered
intranet.1sy.top,story.intranet.1sy.top,discovered
intranet.1sy.top,book.intranet.1sy.top,discovered
intranet.1sy.top,production.intranet.1sy.top,discovered
intranet.1sy.top,newsletter.intranet.1sy.top,discovered
intranet.1sy.top,openapi.intranet.1sy.top,discovered
intranet.1sy.top,sites.intranet.1sy.top,discovered
intranet.1sy.top,tmp.intranet.1sy.top,discovered
intranet.1sy.top,message.intranet.1sy.top,discovered
intranet.1sy.top,logs.intranet.1sy.top,discovered
intranet.1sy.top,public.intranet.1sy.top,discovered
intranet.1sy.top,download.intranet.1sy.top,discovered
intranet.1sy.top,news.intranet.1sy.top,discovered
intranet.1sy.top,api-prod.intranet.1sy.top,discovered
intranet.1sy.top,mx1.intranet.1sy.top,discovered
intranet.1sy.top,bucket.intranet.1sy.top,discovered
intranet.1sy.top,token.intranet.1sy.top,discovered
intranet.1sy.top,ftp.intranet.1sy.top,discovered
intranet.1sy.top,socket.intranet.1sy.top,discovered
intranet.1sy.top,smtp.intranet.1sy.top,discovered
intranet.1sy.top,preprod.intranet.1sy.top,discovered
intranet.1sy.top,contact.intranet.1sy.top,discovered
intranet.1sy.top,novel.intranet.1sy.top,discovered
intranet.1sy.top,wechat.intranet.1sy.top,discovered
intranet.1sy.top,open.intranet.1sy.top,discovered
intranet.1sy.top,static.intranet.1sy.top,discovered
intranet.1sy.top,read.intranet.1sy.top,discovered
intranet.1sy.top,test.intranet.1sy.top,discovered
intranet.1sy.top,app.intranet.1sy.top,discovered
intranet.1sy.top,products.intranet.1sy.top,discovered
intranet.1sy.top,sandbox.intranet.1sy.top,discovered
intranet.1sy.top,cms.intranet.1sy.top,discovered
intranet.1sy.top,elk.intranet.1sy.top,discovered
intranet.1sy.top,login.intranet.1sy.top,discovered
intranet.1sy.top,ns3.intranet.1sy.top,discovered
intranet.1sy.top,development.intranet.1sy.top,discovered
intranet.1sy.top,ssh.intranet.1sy.top,discovered
intranet.1sy.top,blog.intranet.1sy.top,discovered
intranet.1sy.top,svn.intranet.1sy.top,discovered
intranet.1sy.top,shop.intranet.1sy.top,discovered
intranet.1sy.top,cd.intranet.1sy.top,discovered
intranet.1sy.top,wechat2.intranet.1sy.top,discovered
intranet.1sy.top,h5.intranet.1sy.top,discovered
intranet.1sy.top,office.intranet.1sy.top,discovered
intranet.1sy.top,img2.intranet.1sy.top,discovered
intranet.1sy.top,buy.intranet.1sy.top,discovered
intranet.1sy.top,gw.intranet.1sy.top,discovered
intranet.1sy.top,console.intranet.1sy.top,discovered
intranet.1sy.top,mailchimp.intranet.1sy.top,discovered
intranet.1sy.top,about.intranet.1sy.top,discovered
intranet.1sy.top,lb.intranet.1sy.top,discovered
intranet.1sy.top,sale.intranet.1sy.top,discovered
intranet.1sy.top,sso2.intranet.1sy.top,discovered
intranet.1sy.top,preview.intranet.1sy.top,discovered
intranet.1sy.top,weixin.intranet.1sy.top,discovered
intranet.1sy.top,mx.intranet.1sy.top,discovered
intranet.1sy.top,monitor.intranet.1sy.top,discovered
intranet.1sy.top,elastic.intranet.1sy.top,discovered
intranet.1sy.top,main.intranet.1sy.top,discovered
intranet.1sy.top,api-test.intranet.1sy.top,discovered
intranet.1sy.top,api2.intranet.1sy.top,discovered
intranet.1sy.top,files.intranet.1sy.top,discovered
intranet.1sy.top,intranet.intranet.1sy.top,discovered
intranet.1sy.top,log.intranet.1sy.top,discovered
intranet.1sy.top,radius.intranet.1sy.top,discovered
intranet.1sy.top,push.intranet.1sy.top,discovered
intranet.1sy.top,test2.intranet.1sy.top,discovered
intranet.1sy.top,wap2.intranet.1sy.top,discovered
intranet.1sy.top,product.intranet.1sy.top,discovered
intranet.1sy.top,mall.intranet.1sy.top,discovered
intranet.1sy.top,saml.intranet.1sy.top,discovered
intranet.1sy.top,sse.intranet.1sy.top,discovered
intranet.1sy.top,temp.intranet.1sy.top,discovered
intranet.1sy.top,export.intranet.1sy.top,discovered
intranet.1sy.top,jobs.intranet.1sy.top,discovered
intranet.1sy.top,api-gw.intranet.1sy.top,discovered
intranet.1sy.top,bbs.intranet.1sy.top,discovered
intranet.1sy.top,bak.intranet.1sy.top,discovered
intranet.1sy.top,recruit.intranet.1sy.top,discovered
intranet.1sy.top,cart.intranet.1sy.top,discovered
intranet.1sy.top,dev.intranet.1sy.top,discovered
intranet.1sy.top,site.intranet.1sy.top,discovered
intranet.1sy.top,cas.intranet.1sy.top,discovered
intranet.1sy.top,m.intranet.1sy.top,discovered
intranet.1sy.top,build.intranet.1sy.top,discovered
intranet.1sy.top,unionpay.intranet.1sy.top,discovered
intranet.1sy.top,m2.intranet.1sy.top,discovered
intranet.1sy.top,live.intranet.1sy.top,discovered
intranet.1sy.top,api.intranet.1sy.top,discovered
intranet.1sy.top,prometheus.intranet.1sy.top,discovered
intranet.1sy.top,data.intranet.1sy.top,discovered
intranet.1sy.top,dev2.intranet.1sy.top,discovered
intranet.1sy.top,remote.intranet.1sy.top,discovered
intranet.1sy.top,sess.intranet.1sy.top,discovered
intranet.1sy.top,forum.intranet.1sy.top,discovered
intranet.1sy.top,cached.intranet.1sy.top,discovered
intranet.1sy.top,logging.intranet.1sy.top,discovered
intranet.1sy.top,oa.intranet.1sy.top,discovered
intranet.1sy.top,pop3.intranet.1sy.top,discovered
intranet.1sy.top,k8s.intranet.1sy.top,discovered
intranet.1sy.top,market.intranet.1sy.top,discovered
intranet.1sy.top,cache.intranet.1sy.top,discovered
intranet.1sy.top,beta.intranet.1sy.top,discovered
intranet.1sy.top,apis.intranet.1sy.top,discovered
intranet.1sy.top,auth.intranet.1sy.top,discovered
intranet.1sy.top,mail1.intranet.1sy.top,discovered
intranet.1sy.top,phpadmin.intranet.1sy.top,discovered
intranet.1sy.top,backup.intranet.1sy.top,discovered
intranet.1sy.top,pay2.intranet.1sy.top,discovered
intranet.1sy.top,support.intranet.1sy.top,discovered
intranet.1sy.top,git.intranet.1sy.top,discovered
intranet.1sy.top,internal.intranet.1sy.top,discovered
intranet.1sy.top,docs.intranet.1sy.top,discovered
intranet.1sy.top,reports.intranet.1sy.top,discovered
intranet.1sy.top,static3.intranet.1sy.top,discovered
intranet.1sy.top,books.intranet.1sy.top,discovered
intranet.1sy.top,grpc.intranet.1sy.top,discovered
intranet.1sy.top,ws.intranet.1sy.top,discovered
intranet.1sy.top,ns2.intranet.1sy.top,discovered
intranet.1sy.top,cos.intranet.1sy.top,discovered
intranet.1sy.top,image.intranet.1sy.top,discovered
intranet.1sy.top,pub.intranet.1sy.top,discovered
intranet.1sy.top,video.intranet.1sy.top,discovered
intranet.1sy.top,wss.intranet.1sy.top,discovered
intranet.1sy.top,wiki.intranet.1sy.top,discovered
intranet.1sy.top,gateway.intranet.1sy.top,discovered
intranet.1sy.top,assets.intranet.1sy.top,discovered
intranet.1sy.top,static2.intranet.1sy.top,discovered
intranet.1sy.top,miniapp.intranet.1sy.top,discovered
intranet.1sy.top,documents.intranet.1sy.top,discovered
intranet.1sy.top,ns1.intranet.1sy.top,discovered
intranet.1sy.top,report.intranet.1sy.top,discovered
intranet.1sy.top,gray.intranet.1sy.top,discovered
intranet.1sy.top,magazine.intranet.1sy.top,discovered
intranet.1sy.top,tv.intranet.1sy.top,discovered
intranet.1sy.top,ebook.intranet.1sy.top,discovered
intranet.1sy.top,android.intranet.1sy.top,discovered
intranet.1sy.top,help.intranet.1sy.top,discovered
intranet.1sy.top,web.intranet.1sy.top,discovered
intranet.1sy.top,database.intranet.1sy.top,discovered
intranet.1sy.top,status.intranet.1sy.top,discovered
intranet.1sy.top,auth2.intranet.1sy.top,discovered
intranet.1sy.top,notify.intranet.1sy.top,discovered
intranet.1sy.top,storage.intranet.1sy.top,discovered
intranet.1sy.top,api-dev.intranet.1sy.top,discovered
intranet.1sy.top,documentation.intranet.1sy.top,discovered
intranet.1sy.top,manage.intranet.1sy.top,discovered
intranet.1sy.top,game.intranet.1sy.top,discovered
intranet.1sy.top,career.intranet.1sy.top,discovered
intranet.1sy.top,mysql.intranet.1sy.top,discovered
intranet.1sy.top,prod.intranet.1sy.top,discovered
intranet.1sy.top,demo.intranet.1sy.top,discovered
intranet.1sy.top,oauth.intranet.1sy.top,discovered
intranet.1sy.top,file.intranet.1sy.top,discovered
intranet.1sy.top,analytics.intranet.1sy.top,discovered
intranet.1sy.top,erp.intranet.1sy.top,discovered
intranet.1sy.top,websocket.intranet.1sy.top,discovered
intranet.1sy.top,pop.intranet.1sy.top,discovered
intranet.1sy.top,index.intranet.1sy.top,discovered
intranet.1sy.top,keycloak.intranet.1sy.top,discovered
intranet.1sy.top,cdn2.intranet.1sy.top,discovered
intranet.1sy.top,proxy.intranet.1sy.top,discovered
intranet.1sy.top,payment.intranet.1sy.top,discovered
intranet.1sy.top,doc.intranet.1sy.top,discovered
intranet.1sy.top,paper.intranet.1sy.top,discovered
intranet.1sy.top,mysqladmin.intranet.1sy.top,discovered
intranet.1sy.top,job.intranet.1sy.top,discovered
intranet.1sy.top,mail2.intranet.1sy.top,discovered
intranet.1sy.top,dns.intranet.1sy.top,discovered
intranet.1sy.top,kubernetes.intranet.1sy.top,discovered
intranet.1sy.top,pre.intranet.1sy.top,discovered
intranet.1sy.top,canary.intranet.1sy.top,discovered
intranet.1sy.top,service.intranet.1sy.top,discovered
intranet.1sy.top,tracking.intranet.1sy.top,discovered
intranet.1sy.top,es.intranet.1sy.top,discovered
intranet.1sy.top,monitoring.intranet.1sy.top,discovered
intranet.1sy.top,wap.intranet.1sy.top,discovered
intranet.1sy.top,grafana.intranet.1sy.top,discovered
intranet.1sy.top,wx.intranet.1sy.top,discovered
intranet.1sy.top,vpn.intranet.1sy.top,discovered
intranet.1sy.top,sms.intranet.1sy.top,discovered
intranet.1sy.top,uat.intranet.1sy.top,discovered
intranet.1sy.top,img.intranet.1sy.top,discovered
intranet.1sy.top,comic.intranet.1sy.top,discovered
intranet.1sy.top,stats.intranet.1sy.top,discovered
intranet.1sy.top,homepage.intranet.1sy.top,discovered
intranet.1sy.top,portal.intranet.1sy.top,discovered
intranet.1sy.top,img3.intranet.1sy.top,discovered
intranet.1sy.top,manager.intranet.1sy.top,discovered
intranet.1sy.top,cdn.intranet.1sy.top,discovered
intranet.1sy.top,hr.intranet.1sy.top,discovered
intranet.1sy.top,docker.intranet.1sy.top,discovered
intranet.1sy.top,store.intranet.1sy.top,discovered
intranet.1sy.top,pay.intranet.1sy.top,discovered
intranet.1sy.top,webmail.intranet.1sy.top,discovered
intranet.1sy.top,images.intranet.1sy.top,discovered
intranet.1sy.top,nlb.intranet.1sy.top,discovered
intranet.1sy.top,ci.intranet.1sy.top,discovered
intranet.1sy.top,article.intranet.1sy.top,discovered
intranet.1sy.top,admin.intranet.1sy.top,discovered
intranet.1sy.top,games.intranet.1sy.top,discovered
intranet.1sy.top,faq.intranet.1sy.top,discovered
intranet.1sy.top,checkout.intranet.1sy.top,discovered
intranet.1sy.top,rest.intranet.1sy.top,discovered
intranet.1sy.top,notification.intranet.1sy.top,discovered
intranet.1sy.top,order.intranet.1sy.top,discovered
intranet.1sy.top,crm.intranet.1sy.top,discovered
intranet.1sy.top,radio.intranet.1sy.top,discovered
intranet.1sy.top,sso.intranet.1sy.top,discovered
intranet.1sy.top,im.intranet.1sy.top,discovered
intranet.1sy.top,hrm.intranet.1sy.top,discovered
intranet.1sy.top,cdn3.intranet.1sy.top,discovered
intranet.1sy.top,careers.intranet.1sy.top,discovered
intranet.1sy.top,zabbix.intranet.1sy.top,discovered
intranet.1sy.top,mini.intranet.1sy.top,discovered
intranet.1sy.top,webapp.intranet.1sy.top,discovered
intranet.1sy.top,stage.intranet.1sy.top,discovered
intranet.1sy.top,alipay.intranet.1sy.top,discovered
intranet.1sy.top,ldap.intranet.1sy.top,discovered
intranet.1sy.top,media.intranet.1sy.top,discovered
intranet.1sy.top,57.180.65.227,discovered
intranet.1sy.top,http://intranet.1sy.top/,discovered
intranet.1sy.top,https://intranet.1sy.top/,discovered
book.1sy.top,docker.book.1sy.top,discovered
book.1sy.top,github.book.1sy.top,discovered
book.1sy.top,staging.book.1sy.top,discovered
book.1sy.top,ns1.book.1sy.top,discovered
book.1sy.top,cd.book.1sy.top,discovered
book.1sy.top,kibana.book.1sy.top,discovered
book.1sy.top,novel.book.1sy.top,discovered
book.1sy.top,reader.book.1sy.top,discovered
book.1sy.top,websocket.book.1sy.top,discovered
book.1sy.top,app.book.1sy.top,discovered
book.1sy.top,download.book.1sy.top,discovered
book.1sy.top,graphql.book.1sy.top,discovered
book.1sy.top,contact.book.1sy.top,discovered
book.1sy.top,game.book.1sy.top,discovered
book.1sy.top,career.book.1sy.top,discovered
book.1sy.top,stage.book.1sy.top,discovered
book.1sy.top,report.book.1sy.top,discovered
book.1sy.top,sse.book.1sy.top,discovered
book.1sy.top,api-gw.book.1sy.top,discovered
book.1sy.top,notification.book.1sy.top,discovered
book.1sy.top,crm.book.1sy.top,discovered
book.1sy.top,backup.book.1sy.top,discovered
book.1sy.top,newsletter.book.1sy.top,discovered
book.1sy.top,dev.book.1sy.top,discovered
book.1sy.top,es.book.1sy.top,discovered
book.1sy.top,kubernetes.book.1sy.top,discovered
book.1sy.top,cached.book.1sy.top,discovered
book.1sy.top,gitlab.book.1sy.top,discovered
book.1sy.top,internal.book.1sy.top,discovered
book.1sy.top,ldap.book.1sy.top,discovered
book.1sy.top,webapp.book.1sy.top,discovered
book.1sy.top,remote.book.1sy.top,discovered
book.1sy.top,faq.book.1sy.top,discovered
book.1sy.top,nlb.book.1sy.top,discovered
book.1sy.top,health.book.1sy.top,discovered
book.1sy.top,web.book.1sy.top,discovered
book.1sy.top,index.book.1sy.top,discovered
book.1sy.top,sites.book.1sy.top,discovered
book.1sy.top,cdn3.book.1sy.top,discovered
book.1sy.top,order.book.1sy.top,discovered
book.1sy.top,android.book.1sy.top,discovered
book.1sy.top,api-internal.book.1sy.top,discovered
book.1sy.top,blog.book.1sy.top,discovered
book.1sy.top,manager.book.1sy.top,discovered
book.1sy.top,tracking.book.1sy.top,discovered
book.1sy.top,unionpay.book.1sy.top,discovered
book.1sy.top,portal.book.1sy.top,discovered
book.1sy.top,img.book.1sy.top,discovered
book.1sy.top,preprod.book.1sy.top,discovered
book.1sy.top,public.book.1sy.top,discovered
book.1sy.top,storage.book.1sy.top,discovered
book.1sy.top,socket.book.1sy.top,discovered
book.1sy.top,music.book.1sy.top,discovered
book.1sy.top,keycloak.book.1sy.top,discovered
book.1sy.top,pgadmin.book.1sy.top,discovered
book.1sy.top,api-test.book.1sy.top,discovered
book.1sy.top,dns.book.1sy.top,discovered
book.1sy.top,token.book.1sy.top,discovered
book.1sy.top,mail1.book.1sy.top,discovered
book.1sy.top,uat.book.1sy.top,discovered
book.1sy.top,video.book.1sy.top,discovered
book.1sy.top,documentation.book.1sy.top,discovered
book.1sy.top,bak.book.1sy.top,discovered
book.1sy.top,preview.book.1sy.top,discovered
book.1sy.top,homepage.book.1sy.top,discovered
book.1sy.top,mx.book.1sy.top,discovered
book.1sy.top,sess.book.1sy.top,discovered
book.1sy.top,api-staging.book.1sy.top,discovered
book.1sy.top,grafana.book.1sy.top,discovered
book.1sy.top,pop3.book.1sy.top,discovered
book.1sy.top,doc.book.1sy.top,discovered
book.1sy.top,pay.book.1sy.top,discovered
book.1sy.top,qa.book.1sy.top,discovered
book.1sy.top,api-dev.book.1sy.top,discovered
book.1sy.top,static3.book.1sy.top,discovered
book.1sy.top,h5.book.1sy.top,discovered
book.1sy.top,phpadmin.book.1sy.top,discovered
book.1sy.top,community.book.1sy.top,discovered
book.1sy.top,lb.book.1sy.top,discovered
book.1sy.top,ns3.book.1sy.top,discovered
book.1sy.top,stats.book.1sy.top,discovered
book.1sy.top,bucket.book.1sy.top,discovered
book.1sy.top,img3.book.1sy.top,discovered
book.1sy.top,book.book.1sy.top,discovered
book.1sy.top,story.book.1sy.top,discovered
book.1sy.top,pre.book.1sy.top,discovered
book.1sy.top,paper.book.1sy.top,discovered
book.1sy.top,beta.book.1sy.top,discovered
book.1sy.top,games.book.1sy.top,discovered
book.1sy.top,product.book.1sy.top,discovered
book.1sy.top,media.book.1sy.top,discovered
book.1sy.top,wap2.book.1sy.top,discovered
book.1sy.top,payment.book.1sy.top,discovered
book.1sy.top,ftp.book.1sy.top,discovered
book.1sy.top,proxy.book.1sy.top,discovered
book.1sy.top,oss.book.1sy.top,discovered
book.1sy.top,sandbox.book.1sy.top,discovered
book.1sy.top,administrator.book.1sy.top,discovered
book.1sy.top,files.book.1sy.top,discovered
book.1sy.top,buy.book.1sy.top,discovered
book.1sy.top,vpn.book.1sy.top,discovered
book.1sy.top,comic.book.1sy.top,discovered
book.1sy.top,sftp.book.1sy.top,discovered
book.1sy.top,cms.book.1sy.top,discovered
book.1sy.top,dev2.book.1sy.top,discovered
book.1sy.top,api2.book.1sy.top,discovered
book.1sy.top,news.book.1sy.top,discovered
book.1sy.top,session.book.1sy.top,discovered
book.1sy.top,ns2.book.1sy.top,discovered
book.1sy.top,development.book.1sy.top,discovered
book.1sy.top,live.book.1sy.top,discovered
book.1sy.top,hr.book.1sy.top,discovered
book.1sy.top,ws.book.1sy.top,discovered
book.1sy.top,upload.book.1sy.top,discovered
book.1sy.top,radius.book.1sy.top,discovered
book.1sy.top,api.book.1sy.top,discovered
book.1sy.top,monitoring.book.1sy.top,discovered
book.1sy.top,cart.book.1sy.top,discovered
book.1sy.top,wx.book.1sy.top,discovered
book.1sy.top,pub.book.1sy.top,discovered
book.1sy.top,gateway.book.1sy.top,discovered
book.1sy.top,market.book.1sy.top,discovered
book.1sy.top,mobi.book.1sy.top,discovered
book.1sy.top,assets.book.1sy.top,discovered
book.1sy.top,grpc.book.1sy.top,discovered
book.1sy.top,canary.book.1sy.top,discovered
book.1sy.top,checkout.book.1sy.top,discovered
book.1sy.top,temp.book.1sy.top,discovered
book.1sy.top,read.book.1sy.top,discovered
book.1sy.top,auth2.book.1sy.top,discovered
book.1sy.top,analytics.book.1sy.top,discovered
book.1sy.top,webview.book.1sy.top,discovered
book.1sy.top,data.book.1sy.top,discovered
book.1sy.top,cdn.book.1sy.top,discovered
book.1sy.top,reports.book.1sy.top,discovered
book.1sy.top,weixin.book.1sy.top,discovered
book.1sy.top,services.book.1sy.top,discovered
book.1sy.top,mx2.book.1sy.top,discovered
book.1sy.top,push.book.1sy.top,discovered
book.1sy.top,sale.book.1sy.top,discovered
book.1sy.top,cas.book.1sy.top,discovered
book.1sy.top,alipay.book.1sy.top,discovered
book.1sy.top,support.book.1sy.top,discovered
book.1sy.top,imap.book.1sy.top,discovered
book.1sy.top,metrics.book.1sy.top,discovered
book.1sy.top,job.book.1sy.top,discovered
book.1sy.top,mall.book.1sy.top,discovered
book.1sy.top,phpmyadmin.book.1sy.top,discovered
book.1sy.top,office.book.1sy.top,discovered
book.1sy.top,smtp.book.1sy.top,discovered
book.1sy.top,shop.book.1sy.top,discovered
book.1sy.top,login.book.1sy.top,discovered
book.1sy.top,tmp.book.1sy.top,discovered
book.1sy.top,elastic.book.1sy.top,discovered
book.1sy.top,rest.book.1sy.top,discovered
book.1sy.top,docs.book.1sy.top,discovered
book.1sy.top,auth.book.1sy.top,discovered
book.1sy.top,test2.book.1sy.top,discovered
book.1sy.top,image.book.1sy.top,discovered
book.1sy.top,order2.book.1sy.top,discovered
book.1sy.top,api-gateway.book.1sy.top,discovered
book.1sy.top,static2.book.1sy.top,discovered
book.1sy.top,open.book.1sy.top,discovered
book.1sy.top,database.book.1sy.top,discovered
book.1sy.top,sso2.book.1sy.top,discovered
book.1sy.top,redis.book.1sy.top,discovered
book.1sy.top,miniapp.book.1sy.top,discovered
book.1sy.top,saml.book.1sy.top,discovered
book.1sy.top,chat.book.1sy.top,discovered
book.1sy.top,message.book.1sy.top,discovered
book.1sy.top,console.book.1sy.top,discovered
book.1sy.top,mysql.book.1sy.top,discovered
book.1sy.top,cos.book.1sy.top,discovered
book.1sy.top,build.book.1sy.top,discovered
book.1sy.top,mailchimp.book.1sy.top,discovered
book.1sy.top,radio.book.1sy.top,discovered
book.1sy.top,help.book.1sy.top,discovered
book.1sy.top,test.book.1sy.top,discovered
book.1sy.top,db.book.1sy.top,discovered
book.1sy.top,ios.book.1sy.top,discovered
book.1sy.top,log.book.1sy.top,discovered
book.1sy.top,testing.book.1sy.top,discovered
book.1sy.top,monitor.book.1sy.top,discovered
book.1sy.top,gray.book.1sy.top,discovered
book.1sy.top,openapi.book.1sy.top,discovered
book.1sy.top,admin.book.1sy.top,discovered
book.1sy.top,service.book.1sy.top,discovered
book.1sy.top,mx1.book.1sy.top,discovered
book.1sy.top,svn.book.1sy.top,discovered
book.1sy.top,main.book.1sy.top,discovered
book.1sy.top,recruit.book.1sy.top,discovered
book.1sy.top,manage.book.1sy.top,discovered
book.1sy.top,ebook.book.1sy.top,discovered
book.1sy.top,products.book.1sy.top,discovered
book.1sy.top,apis.book.1sy.top,discovered
book.1sy.top,home.book.1sy.top,discovered
book.1sy.top,library.book.1sy.top,discovered
book.1sy.top,pay2.book.1sy.top,discovered
book.1sy.top,wechat.book.1sy.top,discovered
book.1sy.top,demo.book.1sy.top,discovered
book.1sy.top,forum.book.1sy.top,discovered
book.1sy.top,store.book.1sy.top,discovered
book.1sy.top,cdn2.book.1sy.top,discovered
book.1sy.top,gw.book.1sy.top,discovered
book.1sy.top,wiki.book.1sy.top,discovered
book.1sy.top,sso.book.1sy.top,discovered
book.1sy.top,mail.book.1sy.top,discovered
book.1sy.top,logging.book.1sy.top,discovered
book.1sy.top,registry.book.1sy.top,discovered
book.1sy.top,careers.book.1sy.top,discovered
book.1sy.top,notify.book.1sy.top,discovered
book.1sy.top,pop.book.1sy.top,discovered
book.1sy.top,production.book.1sy.top,discovered
book.1sy.top,prod.book.1sy.top,discovered
book.1sy.top,hrm.book.1sy.top,discovered
book.1sy.top,ssh.book.1sy.top,discovered
book.1sy.top,site.book.1sy.top,discovered
book.1sy.top,mysqladmin.book.1sy.top,discovered
book.1sy.top,zabbix.book.1sy.top,discovered
book.1sy.top,wss.book.1sy.top,discovered
book.1sy.top,mini.book.1sy.top,discovered
book.1sy.top,status.book.1sy.top,discovered
book.1sy.top,wap.book.1sy.top,discovered
book.1sy.top,api-prod.book.1sy.top,discovered
book.1sy.top,file.book.1sy.top,discovered
book.1sy.top,im.book.1sy.top,discovered
book.1sy.top,security.book.1sy.top,discovered
book.1sy.top,bbs.book.1sy.top,discovered
book.1sy.top,oauth.book.1sy.top,discovered
book.1sy.top,jenkins.book.1sy.top,discovered
book.1sy.top,img2.book.1sy.top,discovered
book.1sy.top,elk.book.1sy.top,discovered
book.1sy.top,mail2.book.1sy.top,discovered
book.1sy.top,git.book.1sy.top,discovered
book.1sy.top,webmail.book.1sy.top,discovered
book.1sy.top,about.book.1sy.top,discovered
book.1sy.top,prometheus.book.1sy.top,discovered
book.1sy.top,images.book.1sy.top,discovered
book.1sy.top,k8s.book.1sy.top,discovered
book.1sy.top,www.book.1sy.top,discovered
book.1sy.top,tv.book.1sy.top,discovered
book.1sy.top,intranet.book.1sy.top,discovered
book.1sy.top,logs.book.1sy.top,discovered
book.1sy.top,mobile.book.1sy.top,discovered
book.1sy.top,documents.book.1sy.top,discovered
book.1sy.top,oa.book.1sy.top,discovered
book.1sy.top,static.book.1sy.top,discovered
book.1sy.top,cache.book.1sy.top,discovered
book.1sy.top,erp.book.1sy.top,discovered
book.1sy.top,staging2.book.1sy.top,discovered
book.1sy.top,m.book.1sy.top,discovered
book.1sy.top,books.book.1sy.top,discovered
book.1sy.top,article.book.1sy.top,discovered
book.1sy.top,apps.book.1sy.top,discovered
book.1sy.top,m2.book.1sy.top,discovered
book.1sy.top,uploads.book.1sy.top,discovered
book.1sy.top,wechat2.book.1sy.top,discovered
book.1sy.top,magazine.book.1sy.top,discovered
book.1sy.top,jobs.book.1sy.top,discovered
book.1sy.top,export.book.1sy.top,discovered
book.1sy.top,13.159.144.37,discovered
book.1sy.top,http://book.1sy.top/,discovered
book.1sy.top,https://book.1sy.top/,discovered
www.1sy.top,57.180.65.227,discovered
git.1sy.top,home.git.1sy.top,discovered
git.1sy.top,mysql.git.1sy.top,discovered
git.1sy.top,storage.git.1sy.top,discovered
git.1sy.top,dev2.git.1sy.top,discovered
git.1sy.top,static2.git.1sy.top,discovered
git.1sy.top,pay2.git.1sy.top,discovered
git.1sy.top,registry.git.1sy.top,discovered
git.1sy.top,auth.git.1sy.top,discovered
git.1sy.top,img3.git.1sy.top,discovered
git.1sy.top,kibana.git.1sy.top,discovered
git.1sy.top,nlb.git.1sy.top,discovered
git.1sy.top,k8s.git.1sy.top,discovered
git.1sy.top,m.git.1sy.top,discovered
git.1sy.top,m2.git.1sy.top,discovered
git.1sy.top,login.git.1sy.top,discovered
git.1sy.top,git.git.1sy.top,discovered
git.1sy.top,service.git.1sy.top,discovered
git.1sy.top,oss.git.1sy.top,discovered
git.1sy.top,db.git.1sy.top,discovered
git.1sy.top,beta.git.1sy.top,discovered
git.1sy.top,ns1.git.1sy.top,discovered
git.1sy.top,file.git.1sy.top,discovered
git.1sy.top,monitor.git.1sy.top,discovered
git.1sy.top,miniapp.git.1sy.top,discovered
git.1sy.top,oa.git.1sy.top,discovered
git.1sy.top,www.git.1sy.top,discovered
git.1sy.top,career.git.1sy.top,discovered
git.1sy.top,bbs.git.1sy.top,discovered
git.1sy.top,hrm.git.1sy.top,discovered
git.1sy.top,stage.git.1sy.top,discovered
git.1sy.top,job.git.1sy.top,discovered
git.1sy.top,books.git.1sy.top,discovered
git.1sy.top,public.git.1sy.top,discovered
git.1sy.top,documentation.git.1sy.top,discovered
git.1sy.top,zabbix.git.1sy.top,discovered
git.1sy.top,wx.git.1sy.top,discovered
git.1sy.top,admin.git.1sy.top,discovered
git.1sy.top,games.git.1sy.top,discovered
git.1sy.top,pre.git.1sy.top,discovered
git.1sy.top,es.git.1sy.top,discovered
git.1sy.top,reader.git.1sy.top,discovered
git.1sy.top,lb.git.1sy.top,discovered
git.1sy.top,mail1.git.1sy.top,discovered
git.1sy.top,api.git.1sy.top,discovered
git.1sy.top,vpn.git.1sy.top,discovered
git.1sy.top,canary.git.1sy.top,discovered
git.1sy.top,article.git.1sy.top,discovered
git.1sy.top,keycloak.git.1sy.top,discovered
git.1sy.top,sso2.git.1sy.top,discovered
git.1sy.top,uat.git.1sy.top,discovered
git.1sy.top,cart.git.1sy.top,discovered
git.1sy.top,book.git.1sy.top,discovered
git.1sy.top,mysqladmin.git.1sy.top,discovered
git.1sy.top,static3.git.1sy.top,discovered
git.1sy.top,image.git.1sy.top,discovered
git.1sy.top,main.git.1sy.top,discovered
git.1sy.top,upload.git.1sy.top,discovered
git.1sy.top,test2.git.1sy.top,discovered
git.1sy.top,logs.git.1sy.top,discovered
git.1sy.top,notify.git.1sy.top,discovered
git.1sy.top,administrator.git.1sy.top,discovered
git.1sy.top,mobi.git.1sy.top,discovered
git.1sy.top,qa.git.1sy.top,discovered
git.1sy.top,wechat2.git.1sy.top,discovered
git.1sy.top,h5.git.1sy.top,discovered
git.1sy.top,forum.git.1sy.top,discovered
git.1sy.top,dns.git.1sy.top,discovered
git.1sy.top,order.git.1sy.top,discovered
git.1sy.top,app.git.1sy.top,discovered
git.1sy.top,im.git.1sy.top,discovered
git.1sy.top,ldap.git.1sy.top,discovered
git.1sy.top,mobile.git.1sy.top,discovered
git.1sy.top,docs.git.1sy.top,discovered
git.1sy.top,media.git.1sy.top,discovered
git.1sy.top,mx.git.1sy.top,discovered
git.1sy.top,cdn2.git.1sy.top,discovered
git.1sy.top,preview.git.1sy.top,discovered
git.1sy.top,github.git.1sy.top,discovered
git.1sy.top,tv.git.1sy.top,discovered
git.1sy.top,cached.git.1sy.top,discovered
git.1sy.top,wss.git.1sy.top,discovered
git.1sy.top,payment.git.1sy.top,discovered
git.1sy.top,saml.git.1sy.top,discovered
git.1sy.top,read.git.1sy.top,discovered
git.1sy.top,sso.git.1sy.top,discovered
git.1sy.top,sandbox.git.1sy.top,discovered
git.1sy.top,cdn.git.1sy.top,discovered
git.1sy.top,intranet.git.1sy.top,discovered
git.1sy.top,news.git.1sy.top,discovered
git.1sy.top,contact.git.1sy.top,discovered
git.1sy.top,sse.git.1sy.top,discovered
git.1sy.top,live.git.1sy.top,discovered
git.1sy.top,oauth.git.1sy.top,discovered
git.1sy.top,cdn3.git.1sy.top,discovered
git.1sy.top,wap.git.1sy.top,discovered
git.1sy.top,weixin.git.1sy.top,discovered
git.1sy.top,stats.git.1sy.top,discovered
git.1sy.top,webview.git.1sy.top,discovered
git.1sy.top,mail2.git.1sy.top,discovered
git.1sy.top,sites.git.1sy.top,discovered
git.1sy.top,webapp.git.1sy.top,discovered
git.1sy.top,token.git.1sy.top,discovered
git.1sy.top,ns3.git.1sy.top,discovered
git.1sy.top,elk.git.1sy.top,discovered
git.1sy.top,wap2.git.1sy.top,discovered
git.1sy.top,prometheus.git.1sy.top,discovered
git.1sy.top,mini.git.1sy.top,discovered
git.1sy.top,library.git.1sy.top,discovered
git.1sy.top,api-staging.git.1sy.top,discovered
git.1sy.top,analytics.git.1sy.top,discovered
git.1sy.top,comic.git.1sy.top,discovered
git.1sy.top,internal.git.1sy.top,discovered
git.1sy.top,ssh.git.1sy.top,discovered
git.1sy.top,index.git.1sy.top,discovered
git.1sy.top,build.git.1sy.top,discovered
git.1sy.top,ws.git.1sy.top,discovered
git.1sy.top,bucket.git.1sy.top,discovered
git.1sy.top,console.git.1sy.top,discovered
git.1sy.top,download.git.1sy.top,discovered
git.1sy.top,auth2.git.1sy.top,discovered
git.1sy.top,kubernetes.git.1sy.top,discovered
git.1sy.top,cd.git.1sy.top,discovered
git.1sy.top,cas.git.1sy.top,discovered
git.1sy.top,doc.git.1sy.top,discovered
git.1sy.top,blog.git.1sy.top,discovered
git.1sy.top,api-gateway.git.1sy.top,discovered
git.1sy.top,push.git.1sy.top,discovered
git.1sy.top,imap.git.1sy.top,discovered
git.1sy.top,graphql.git.1sy.top,discovered
git.1sy.top,api-prod.git.1sy.top,discovered
git.1sy.top,homepage.git.1sy.top,discovered
git.1sy.top,pay.git.1sy.top,discovered
git.1sy.top,api-internal.git.1sy.top,discovered
git.1sy.top,elastic.git.1sy.top,discovered
git.1sy.top,monitoring.git.1sy.top,discovered
git.1sy.top,log.git.1sy.top,discovered
git.1sy.top,preprod.git.1sy.top,discovered
git.1sy.top,cms.git.1sy.top,discovered
git.1sy.top,prod.git.1sy.top,discovered
git.1sy.top,phpmyadmin.git.1sy.top,discovered
git.1sy.top,mailchimp.git.1sy.top,discovered
git.1sy.top,buy.git.1sy.top,discovered
git.1sy.top,sftp.git.1sy.top,discovered
git.1sy.top,smtp.git.1sy.top,discovered
git.1sy.top,order2.git.1sy.top,discovered
git.1sy.top,paper.git.1sy.top,discovered
git.1sy.top,web.git.1sy.top,discovered
git.1sy.top,ci.git.1sy.top,discovered
git.1sy.top,recruit.git.1sy.top,discovered
git.1sy.top,services.git.1sy.top,discovered
git.1sy.top,img2.git.1sy.top,discovered
git.1sy.top,products.git.1sy.top,discovered
git.1sy.top,pop.git.1sy.top,discovered
git.1sy.top,about.git.1sy.top,discovered
git.1sy.top,api2.git.1sy.top,discovered
git.1sy.top,product.git.1sy.top,discovered
git.1sy.top,checkout.git.1sy.top,discovered
git.1sy.top,android.git.1sy.top,discovered
git.1sy.top,staging.git.1sy.top,discovered
git.1sy.top,production.git.1sy.top,discovered
git.1sy.top,health.git.1sy.top,discovered
git.1sy.top,staging2.git.1sy.top,discovered
git.1sy.top,tmp.git.1sy.top,discovered
git.1sy.top,help.git.1sy.top,discovered
git.1sy.top,reports.git.1sy.top,discovered
git.1sy.top,api-test.git.1sy.top,discovered
git.1sy.top,pgadmin.git.1sy.top,discovered
git.1sy.top,api-gw.git.1sy.top,discovered
git.1sy.top,files.git.1sy.top,discovered
git.1sy.top,database.git.1sy.top,discovered
git.1sy.top,docker.git.1sy.top,discovered
git.1sy.top,test.git.1sy.top,discovered
git.1sy.top,manage.git.1sy.top,discovered
git.1sy.top,hr.git.1sy.top,discovered
git.1sy.top,game.git.1sy.top,discovered
git.1sy.top,sale.git.1sy.top,discovered
git.1sy.top,careers.git.1sy.top,discovered
git.1sy.top,cos.git.1sy.top,discovered
git.1sy.top,community.git.1sy.top,discovered
git.1sy.top,report.git.1sy.top,discovered
git.1sy.top,remote.git.1sy.top,discovered
git.1sy.top,site.git.1sy.top,discovered
git.1sy.top,mx1.git.1sy.top,discovered
git.1sy.top,magazine.git.1sy.top,discovered
git.1sy.top,store.git.1sy.top,discovered
git.1sy.top,ftp.git.1sy.top,discovered
git.1sy.top,ios.git.1sy.top,discovered
git.1sy.top,newsletter.git.1sy.top,discovered
git.1sy.top,faq.git.1sy.top,discovered
git.1sy.top,phpadmin.git.1sy.top,discovered
git.1sy.top,story.git.1sy.top,discovered
git.1sy.top,alipay.git.1sy.top,discovered
git.1sy.top,shop.git.1sy.top,discovered
git.1sy.top,chat.git.1sy.top,discovered
git.1sy.top,demo.git.1sy.top,discovered
git.1sy.top,message.git.1sy.top,discovered
git.1sy.top,tracking.git.1sy.top,discovered
git.1sy.top,erp.git.1sy.top,discovered
git.1sy.top,bak.git.1sy.top,discovered
git.1sy.top,portal.git.1sy.top,discovered
git.1sy.top,webmail.git.1sy.top,discovered
git.1sy.top,jenkins.git.1sy.top,discovered
git.1sy.top,radio.git.1sy.top,discovered
git.1sy.top,radius.git.1sy.top,discovered
git.1sy.top,gateway.git.1sy.top,discovered
git.1sy.top,session.git.1sy.top,discovered
git.1sy.top,openapi.git.1sy.top,discovered
git.1sy.top,temp.git.1sy.top,discovered
git.1sy.top,images.git.1sy.top,discovered
git.1sy.top,img.git.1sy.top,discovered
git.1sy.top,crm.git.1sy.top,discovered
git.1sy.top,ebook.git.1sy.top,discovered
git.1sy.top,api-dev.git.1sy.top,discovered
git.1sy.top,apps.git.1sy.top,discovered
git.1sy.top,manager.git.1sy.top,discovered
git.1sy.top,assets.git.1sy.top,discovered
git.1sy.top,uploads.git.1sy.top,discovered
git.1sy.top,data.git.1sy.top,discovered
git.1sy.top,office.git.1sy.top,discovered
git.1sy.top,sms.git.1sy.top,discovered
git.1sy.top,rest.git.1sy.top,discovered
git.1sy.top,dev.git.1sy.top,discovered
git.1sy.top,svn.git.1sy.top,discovered
git.1sy.top,jobs.git.1sy.top,discovered
git.1sy.top,security.git.1sy.top,discovered
git.1sy.top,testing.git.1sy.top,discovered
git.1sy.top,wechat.git.1sy.top,discovered
git.1sy.top,music.git.1sy.top,discovered
git.1sy.top,status.git.1sy.top,discovered
git.1sy.top,gw.git.1sy.top,discovered
git.1sy.top,novel.git.1sy.top,discovered
git.1sy.top,mall.git.1sy.top,discovered
git.1sy.top,wiki.git.1sy.top,discovered
git.1sy.top,cache.git.1sy.top,discovered
git.1sy.top,development.git.1sy.top,discovered
git.1sy.top,socket.git.1sy.top,discovered
git.1sy.top,support.git.1sy.top,discovered
git.1sy.top,backup.git.1sy.top,discovered
git.1sy.top,static.git.1sy.top,discovered
git.1sy.top,market.git.1sy.top,discovered
git.1sy.top,sess.git.1sy.top,discovered
git.1sy.top,proxy.git.1sy.top,discovered
git.1sy.top,export.git.1sy.top,discovered
git.1sy.top,gitlab.git.1sy.top,discovered
git.1sy.top,logging.git.1sy.top,discovered
git.1sy.top,grpc.git.1sy.top,discovered
git.1sy.top,open.git.1sy.top,discovered
git.1sy.top,apis.git.1sy.top,discovered
git.1sy.top,notification.git.1sy.top,discovered
git.1sy.top,mail.git.1sy.top,discovered
git.1sy.top,documents.git.1sy.top,discovered
git.1sy.top,websocket.git.1sy.top,discovered
git.1sy.top,redis.git.1sy.top,discovered
git.1sy.top,metrics.git.1sy.top,discovered
git.1sy.top,ns2.git.1sy.top,discovered
git.1sy.top,gray.git.1sy.top,discovered
git.1sy.top,unionpay.git.1sy.top,discovered
git.1sy.top,mx2.git.1sy.top,discovered
git.1sy.top,grafana.git.1sy.top,discovered
git.1sy.top,video.git.1sy.top,discovered
git.1sy.top,pop3.git.1sy.top,discovered
git.1sy.top,178.236.38.1,discovered
im.1sy.top,analytics.im.1sy.top,discovered
im.1sy.top,contact.im.1sy.top,discovered
im.1sy.top,gitlab.im.1sy.top,discovered
im.1sy.top,cached.im.1sy.top,discovered
im.1sy.top,sftp.im.1sy.top,discovered
im.1sy.top,dev2.im.1sy.top,discovered
im.1sy.top,preprod.im.1sy.top,discovered
im.1sy.top,sse.im.1sy.top,discovered
im.1sy.top,magazine.im.1sy.top,discovered
im.1sy.top,static2.im.1sy.top,discovered
im.1sy.top,ns2.im.1sy.top,discovered
im.1sy.top,kibana.im.1sy.top,discovered
im.1sy.top,gateway.im.1sy.top,discovered
im.1sy.top,canary.im.1sy.top,discovered
im.1sy.top,chat.im.1sy.top,discovered
im.1sy.top,video.im.1sy.top,discovered
im.1sy.top,stage.im.1sy.top,discovered
im.1sy.top,status.im.1sy.top,discovered
im.1sy.top,api.im.1sy.top,discovered
im.1sy.top,proxy.im.1sy.top,discovered
im.1sy.top,reports.im.1sy.top,discovered
im.1sy.top,crm.im.1sy.top,discovered
im.1sy.top,mysqladmin.im.1sy.top,discovered
im.1sy.top,cdn2.im.1sy.top,discovered
im.1sy.top,phpadmin.im.1sy.top,discovered
im.1sy.top,socket.im.1sy.top,discovered
im.1sy.top,beta.im.1sy.top,discovered
im.1sy.top,monitor.im.1sy.top,discovered
im.1sy.top,doc.im.1sy.top,discovered
im.1sy.top,test.im.1sy.top,discovered
im.1sy.top,static3.im.1sy.top,discovered
im.1sy.top,music.im.1sy.top,discovered
im.1sy.top,sso.im.1sy.top,discovered
im.1sy.top,development.im.1sy.top,discovered
im.1sy.top,image.im.1sy.top,discovered
im.1sy.top,metrics.im.1sy.top,discovered
im.1sy.top,redis.im.1sy.top,discovered
im.1sy.top,notification.im.1sy.top,discovered
im.1sy.top,jobs.im.1sy.top,discovered
im.1sy.top,career.im.1sy.top,discovered
im.1sy.top,homepage.im.1sy.top,discovered
im.1sy.top,gray.im.1sy.top,discovered
im.1sy.top,story.im.1sy.top,discovered
im.1sy.top,market.im.1sy.top,discovered
im.1sy.top,api-gw.im.1sy.top,discovered
im.1sy.top,build.im.1sy.top,discovered
im.1sy.top,oss.im.1sy.top,discovered
im.1sy.top,community.im.1sy.top,discovered
im.1sy.top,office.im.1sy.top,discovered
im.1sy.top,careers.im.1sy.top,discovered
im.1sy.top,cms.im.1sy.top,discovered
im.1sy.top,staging2.im.1sy.top,discovered
im.1sy.top,webview.im.1sy.top,discovered
im.1sy.top,m.im.1sy.top,discovered
im.1sy.top,prod.im.1sy.top,discovered
im.1sy.top,intranet.im.1sy.top,discovered
im.1sy.top,documentation.im.1sy.top,discovered
im.1sy.top,weixin.im.1sy.top,discovered
im.1sy.top,shop.im.1sy.top,discovered
im.1sy.top,ci.im.1sy.top,discovered
im.1sy.top,games.im.1sy.top,discovered
im.1sy.top,services.im.1sy.top,discovered
im.1sy.top,www.im.1sy.top,discovered
im.1sy.top,webmail.im.1sy.top,discovered
im.1sy.top,mobile.im.1sy.top,discovered
im.1sy.top,mx2.im.1sy.top,discovered
im.1sy.top,api-gateway.im.1sy.top,discovered
im.1sy.top,assets.im.1sy.top,discovered
im.1sy.top,nlb.im.1sy.top,discovered
im.1sy.top,zabbix.im.1sy.top,discovered
im.1sy.top,cart.im.1sy.top,discovered
im.1sy.top,cos.im.1sy.top,discovered
im.1sy.top,main.im.1sy.top,discovered
im.1sy.top,pgadmin.im.1sy.top,discovered
im.1sy.top,qa.im.1sy.top,discovered
im.1sy.top,ftp.im.1sy.top,discovered
im.1sy.top,logging.im.1sy.top,discovered
im.1sy.top,forum.im.1sy.top,discovered
im.1sy.top,message.im.1sy.top,discovered
im.1sy.top,paper.im.1sy.top,discovered
im.1sy.top,img2.im.1sy.top,discovered
im.1sy.top,ldap.im.1sy.top,discovered
im.1sy.top,administrator.im.1sy.top,discovered
im.1sy.top,erp.im.1sy.top,discovered
im.1sy.top,im.im.1sy.top,discovered
im.1sy.top,docs.im.1sy.top,discovered
im.1sy.top,kubernetes.im.1sy.top,discovered
im.1sy.top,service.im.1sy.top,discovered
im.1sy.top,files.im.1sy.top,discovered
im.1sy.top,cd.im.1sy.top,discovered
im.1sy.top,pre.im.1sy.top,discovered
im.1sy.top,k8s.im.1sy.top,discovered
im.1sy.top,storage.im.1sy.top,discovered
im.1sy.top,buy.im.1sy.top,discovered
im.1sy.top,wap2.im.1sy.top,discovered
im.1sy.top,wx.im.1sy.top,discovered
im.1sy.top,api-internal.im.1sy.top,discovered
im.1sy.top,news.im.1sy.top,discovered
im.1sy.top,vpn.im.1sy.top,discovered
im.1sy.top,token.im.1sy.top,discovered
im.1sy.top,pop3.im.1sy.top,discovered
im.1sy.top,hrm.im.1sy.top,discovered
im.1sy.top,oauth.im.1sy.top,discovered
im.1sy.top,elk.im.1sy.top,discovered
im.1sy.top,ios.im.1sy.top,discovered
im.1sy.top,h5.im.1sy.top,discovered
im.1sy.top,saml.im.1sy.top,discovered
im.1sy.top,monitoring.im.1sy.top,discovered
im.1sy.top,api-staging.im.1sy.top,discovered
im.1sy.top,site.im.1sy.top,discovered
im.1sy.top,temp.im.1sy.top,discovered
im.1sy.top,api-dev.im.1sy.top,discovered
im.1sy.top,github.im.1sy.top,discovered
im.1sy.top,rest.im.1sy.top,discovered
im.1sy.top,mx.im.1sy.top,discovered
im.1sy.top,demo.im.1sy.top,discovered
im.1sy.top,session.im.1sy.top,discovered
im.1sy.top,order2.im.1sy.top,discovered
im.1sy.top,sandbox.im.1sy.top,discovered
im.1sy.top,images.im.1sy.top,discovered
im.1sy.top,wechat.im.1sy.top,discovered
im.1sy.top,wechat2.im.1sy.top,discovered
im.1sy.top,uat.im.1sy.top,discovered
im.1sy.top,mail.im.1sy.top,discovered
im.1sy.top,smtp.im.1sy.top,discovered
im.1sy.top,novel.im.1sy.top,discovered
im.1sy.top,graphql.im.1sy.top,discovered
im.1sy.top,bbs.im.1sy.top,discovered
im.1sy.top,cdn.im.1sy.top,discovered
im.1sy.top,cdn3.im.1sy.top,discovered
im.1sy.top,websocket.im.1sy.top,discovered
im.1sy.top,static.im.1sy.top,discovered
im.1sy.top,api-test.im.1sy.top,discovered
im.1sy.top,stats.im.1sy.top,discovered
im.1sy.top,mini.im.1sy.top,discovered
im.1sy.top,img.im.1sy.top,discovered
im.1sy.top,bak.im.1sy.top,discovered
im.1sy.top,upload.im.1sy.top,discovered
im.1sy.top,health.im.1sy.top,discovered
im.1sy.top,sso2.im.1sy.top,discovered
im.1sy.top,phpmyadmin.im.1sy.top,discovered
im.1sy.top,sites.im.1sy.top,discovered
im.1sy.top,internal.im.1sy.top,discovered
im.1sy.top,ws.im.1sy.top,discovered
im.1sy.top,game.im.1sy.top,discovered
im.1sy.top,newsletter.im.1sy.top,discovered
im.1sy.top,export.im.1sy.top,discovered
im.1sy.top,cache.im.1sy.top,discovered
im.1sy.top,keycloak.im.1sy.top,discovered
im.1sy.top,index.im.1sy.top,discovered
im.1sy.top,pub.im.1sy.top,discovered
im.1sy.top,console.im.1sy.top,discovered
im.1sy.top,article.im.1sy.top,discovered
im.1sy.top,img3.im.1sy.top,discovered
im.1sy.top,media.im.1sy.top,discovered
im.1sy.top,radius.im.1sy.top,discovered
im.1sy.top,read.im.1sy.top,discovered
im.1sy.top,unionpay.im.1sy.top,discovered
im.1sy.top,home.im.1sy.top,discovered
im.1sy.top,bucket.im.1sy.top,discovered
im.1sy.top,auth2.im.1sy.top,discovered
im.1sy.top,grafana.im.1sy.top,discovered
im.1sy.top,security.im.1sy.top,discovered
im.1sy.top,admin.im.1sy.top,discovered
im.1sy.top,mobi.im.1sy.top,discovered
im.1sy.top,apis.im.1sy.top,discovered
im.1sy.top,sess.im.1sy.top,discovered
im.1sy.top,notify.im.1sy.top,discovered
im.1sy.top,staging.im.1sy.top,discovered
im.1sy.top,recruit.im.1sy.top,discovered
im.1sy.top,mx1.im.1sy.top,discovered
im.1sy.top,radio.im.1sy.top,discovered
im.1sy.top,production.im.1sy.top,discovered
im.1sy.top,jenkins.im.1sy.top,discovered
im.1sy.top,lb.im.1sy.top,discovered
im.1sy.top,api2.im.1sy.top,discovered
im.1sy.top,checkout.im.1sy.top,discovered
im.1sy.top,auth.im.1sy.top,discovered
im.1sy.top,ns1.im.1sy.top,discovered
im.1sy.top,imap.im.1sy.top,discovered
im.1sy.top,about.im.1sy.top,discovered
im.1sy.top,elastic.im.1sy.top,discovered
im.1sy.top,tmp.im.1sy.top,discovered
im.1sy.top,download.im.1sy.top,discovered
im.1sy.top,registry.im.1sy.top,discovered
im.1sy.top,wiki.im.1sy.top,discovered
im.1sy.top,manager.im.1sy.top,discovered
im.1sy.top,support.im.1sy.top,discovered
im.1sy.top,prometheus.im.1sy.top,discovered
im.1sy.top,blog.im.1sy.top,discovered
im.1sy.top,cas.im.1sy.top,discovered
im.1sy.top,wss.im.1sy.top,discovered
im.1sy.top,ebook.im.1sy.top,discovered
im.1sy.top,reader.im.1sy.top,discovered
im.1sy.top,grpc.im.1sy.top,discovered
im.1sy.top,live.im.1sy.top,discovered
im.1sy.top,data.im.1sy.top,discovered
im.1sy.top,app.im.1sy.top,discovered
im.1sy.top,portal.im.1sy.top,discovered
im.1sy.top,miniapp.im.1sy.top,discovered
im.1sy.top,ns3.im.1sy.top,discovered
im.1sy.top,uploads.im.1sy.top,discovered
im.1sy.top,mailchimp.im.1sy.top,discovered
im.1sy.top,mall.im.1sy.top,discovered
im.1sy.top,test2.im.1sy.top,discovered
im.1sy.top,products.im.1sy.top,discovered
im.1sy.top,library.im.1sy.top,discovered
im.1sy.top,pay.im.1sy.top,discovered
im.1sy.top,db.im.1sy.top,discovered
im.1sy.top,es.im.1sy.top,discovered
im.1sy.top,alipay.im.1sy.top,discovered
im.1sy.top,faq.im.1sy.top,discovered
im.1sy.top,public.im.1sy.top,discovered
im.1sy.top,hr.im.1sy.top,discovered
im.1sy.top,pop.im.1sy.top,discovered
im.1sy.top,job.im.1sy.top,discovered
im.1sy.top,mail2.im.1sy.top,discovered
im.1sy.top,preview.im.1sy.top,discovered
im.1sy.top,tracking.im.1sy.top,discovered
im.1sy.top,logs.im.1sy.top,discovered
im.1sy.top,oa.im.1sy.top,discovered
im.1sy.top,push.im.1sy.top,discovered
im.1sy.top,wap.im.1sy.top,discovered
im.1sy.top,svn.im.1sy.top,discovered
im.1sy.top,sale.im.1sy.top,discovered
im.1sy.top,comic.im.1sy.top,discovered
im.1sy.top,mail1.im.1sy.top,discovered
im.1sy.top,testing.im.1sy.top,discovered
im.1sy.top,book.im.1sy.top,discovered
im.1sy.top,file.im.1sy.top,discovered
im.1sy.top,ssh.im.1sy.top,discovered
im.1sy.top,help.im.1sy.top,discovered
im.1sy.top,tv.im.1sy.top,discovered
im.1sy.top,log.im.1sy.top,discovered
im.1sy.top,login.im.1sy.top,discovered
im.1sy.top,m2.im.1sy.top,discovered
im.1sy.top,documents.im.1sy.top,discovered
im.1sy.top,database.im.1sy.top,discovered
im.1sy.top,pay2.im.1sy.top,discovered
im.1sy.top,sms.im.1sy.top,discovered
im.1sy.top,mysql.im.1sy.top,discovered
im.1sy.top,api-prod.im.1sy.top,discovered
im.1sy.top,remote.im.1sy.top,discovered
im.1sy.top,backup.im.1sy.top,discovered
im.1sy.top,product.im.1sy.top,discovered
im.1sy.top,openapi.im.1sy.top,discovered
im.1sy.top,android.im.1sy.top,discovered
im.1sy.top,dns.im.1sy.top,discovered
im.1sy.top,webapp.im.1sy.top,discovered
im.1sy.top,manage.im.1sy.top,discovered
im.1sy.top,payment.im.1sy.top,discovered
im.1sy.top,gw.im.1sy.top,discovered
im.1sy.top,books.im.1sy.top,discovered
im.1sy.top,apps.im.1sy.top,discovered
im.1sy.top,open.im.1sy.top,discovered
im.1sy.top,report.im.1sy.top,discovered
im.1sy.top,order.im.1sy.top,discovered
im.1sy.top,web.im.1sy.top,discovered
im.1sy.top,dev.im.1sy.top,discovered
im.1sy.top,git.im.1sy.top,discovered
im.1sy.top,store.im.1sy.top,discovered
im.1sy.top,54.238.47.134,discovered
wechat.1sy.top,miniapp.wechat.1sy.top,discovered
wechat.1sy.top,cas.wechat.1sy.top,discovered
wechat.1sy.top,mx1.wechat.1sy.top,discovered
wechat.1sy.top,static3.wechat.1sy.top,discovered
wechat.1sy.top,faq.wechat.1sy.top,discovered
wechat.1sy.top,sso2.wechat.1sy.top,discovered
wechat.1sy.top,mx.wechat.1sy.top,discovered
wechat.1sy.top,build.wechat.1sy.top,discovered
wechat.1sy.top,db.wechat.1sy.top,discovered
wechat.1sy.top,kibana.wechat.1sy.top,discovered
wechat.1sy.top,testing.wechat.1sy.top,discovered
wechat.1sy.top,file.wechat.1sy.top,discovered
wechat.1sy.top,mail1.wechat.1sy.top,discovered
wechat.1sy.top,k8s.wechat.1sy.top,discovered
wechat.1sy.top,token.wechat.1sy.top,discovered
wechat.1sy.top,graphql.wechat.1sy.top,discovered
wechat.1sy.top,logs.wechat.1sy.top,discovered
wechat.1sy.top,www.wechat.1sy.top,discovered
wechat.1sy.top,crm.wechat.1sy.top,discovered
wechat.1sy.top,tmp.wechat.1sy.top,discovered
wechat.1sy.top,saml.wechat.1sy.top,discovered
wechat.1sy.top,buy.wechat.1sy.top,discovered
wechat.1sy.top,files.wechat.1sy.top,discovered
wechat.1sy.top,bucket.wechat.1sy.top,discovered
wechat.1sy.top,ftp.wechat.1sy.top,discovered
wechat.1sy.top,grafana.wechat.1sy.top,discovered
wechat.1sy.top,mobile.wechat.1sy.top,discovered
wechat.1sy.top,pop.wechat.1sy.top,discovered
wechat.1sy.top,open.wechat.1sy.top,discovered
wechat.1sy.top,health.wechat.1sy.top,discovered
wechat.1sy.top,tracking.wechat.1sy.top,discovered
wechat.1sy.top,gw.wechat.1sy.top,discovered
wechat.1sy.top,administrator.wechat.1sy.top,discovered
wechat.1sy.top,weixin.wechat.1sy.top,discovered
wechat.1sy.top,ebook.wechat.1sy.top,discovered
wechat.1sy.top,pub.wechat.1sy.top,discovered
wechat.1sy.top,zabbix.wechat.1sy.top,discovered
wechat.1sy.top,mobi.wechat.1sy.top,discovered
wechat.1sy.top,download.wechat.1sy.top,discovered
wechat.1sy.top,dev.wechat.1sy.top,discovered
wechat.1sy.top,magazine.wechat.1sy.top,discovered
wechat.1sy.top,sandbox.wechat.1sy.top,discovered
wechat.1sy.top,uat.wechat.1sy.top,discovered
wechat.1sy.top,sale.wechat.1sy.top,discovered
wechat.1sy.top,unionpay.wechat.1sy.top,discovered
wechat.1sy.top,openapi.wechat.1sy.top,discovered
wechat.1sy.top,story.wechat.1sy.top,discovered
wechat.1sy.top,monitoring.wechat.1sy.top,discovered
wechat.1sy.top,wechat2.wechat.1sy.top,discovered
wechat.1sy.top,live.wechat.1sy.top,discovered
wechat.1sy.top,manager.wechat.1sy.top,discovered
wechat.1sy.top,admin.wechat.1sy.top,discovered
wechat.1sy.top,documentation.wechat.1sy.top,discovered
wechat.1sy.top,preprod.wechat.1sy.top,discovered
wechat.1sy.top,sess.wechat.1sy.top,discovered
wechat.1sy.top,about.wechat.1sy.top,discovered
wechat.1sy.top,careers.wechat.1sy.top,discovered
wechat.1sy.top,sms.wechat.1sy.top,discovered
wechat.1sy.top,app.wechat.1sy.top,discovered
wechat.1sy.top,websocket.wechat.1sy.top,discovered
wechat.1sy.top,pgadmin.wechat.1sy.top,discovered
wechat.1sy.top,session.wechat.1sy.top,discovered
wechat.1sy.top,git.wechat.1sy.top,discovered
wechat.1sy.top,keycloak.wechat.1sy.top,discovered
wechat.1sy.top,nlb.wechat.1sy.top,discovered
wechat.1sy.top,internal.wechat.1sy.top,discovered
wechat.1sy.top,contact.wechat.1sy.top,discovered
wechat.1sy.top,ns1.wechat.1sy.top,discovered
wechat.1sy.top,shop.wechat.1sy.top,discovered
wechat.1sy.top,office.wechat.1sy.top,discovered
wechat.1sy.top,image.wechat.1sy.top,discovered
wechat.1sy.top,support.wechat.1sy.top,discovered
wechat.1sy.top,alipay.wechat.1sy.top,discovered
wechat.1sy.top,socket.wechat.1sy.top,discovered
wechat.1sy.top,cart.wechat.1sy.top,discovered
wechat.1sy.top,intranet.wechat.1sy.top,discovered
wechat.1sy.top,img2.wechat.1sy.top,discovered
wechat.1sy.top,product.wechat.1sy.top,discovered
wechat.1sy.top,img.wechat.1sy.top,discovered
wechat.1sy.top,cd.wechat.1sy.top,discovered
wechat.1sy.top,api2.wechat.1sy.top,discovered
wechat.1sy.top,logging.wechat.1sy.top,discovered
wechat.1sy.top,games.wechat.1sy.top,discovered
wechat.1sy.top,tv.wechat.1sy.top,discovered
wechat.1sy.top,wap2.wechat.1sy.top,discovered
wechat.1sy.top,book.wechat.1sy.top,discovered
wechat.1sy.top,gitlab.wechat.1sy.top,discovered
wechat.1sy.top,demo.wechat.1sy.top,discovered
wechat.1sy.top,oa.wechat.1sy.top,discovered
wechat.1sy.top,gray.wechat.1sy.top,discovered
wechat.1sy.top,dns.wechat.1sy.top,discovered
wechat.1sy.top,wiki.wechat.1sy.top,discovered
wechat.1sy.top,stats.wechat.1sy.top,discovered
wechat.1sy.top,pre.wechat.1sy.top,discovered
wechat.1sy.top,paper.wechat.1sy.top,discovered
wechat.1sy.top,wx.wechat.1sy.top,discovered
wechat.1sy.top,notification.wechat.1sy.top,discovered
wechat.1sy.top,remote.wechat.1sy.top,discovered
wechat.1sy.top,cdn2.wechat.1sy.top,discovered
wechat.1sy.top,cached.wechat.1sy.top,discovered
wechat.1sy.top,test.wechat.1sy.top,discovered
wechat.1sy.top,metrics.wechat.1sy.top,discovered
wechat.1sy.top,wechat.wechat.1sy.top,discovered
wechat.1sy.top,ns2.wechat.1sy.top,discovered
wechat.1sy.top,mx2.wechat.1sy.top,discovered
wechat.1sy.top,wap.wechat.1sy.top,discovered
wechat.1sy.top,products.wechat.1sy.top,discovered
wechat.1sy.top,kubernetes.wechat.1sy.top,discovered
wechat.1sy.top,api-internal.wechat.1sy.top,discovered
wechat.1sy.top,ci.wechat.1sy.top,discovered
wechat.1sy.top,radio.wechat.1sy.top,discovered
wechat.1sy.top,prometheus.wechat.1sy.top,discovered
wechat.1sy.top,comic.wechat.1sy.top,discovered
wechat.1sy.top,dev2.wechat.1sy.top,discovered
wechat.1sy.top,m2.wechat.1sy.top,discovered
wechat.1sy.top,prod.wechat.1sy.top,discovered
wechat.1sy.top,lb.wechat.1sy.top,discovered
wechat.1sy.top,rest.wechat.1sy.top,discovered
wechat.1sy.top,github.wechat.1sy.top,discovered
wechat.1sy.top,market.wechat.1sy.top,discovered
wechat.1sy.top,doc.wechat.1sy.top,discovered
wechat.1sy.top,preview.wechat.1sy.top,discovered
wechat.1sy.top,music.wechat.1sy.top,discovered
wechat.1sy.top,ios.wechat.1sy.top,discovered
wechat.1sy.top,ws.wechat.1sy.top,discovered
wechat.1sy.top,images.wechat.1sy.top,discovered
wechat.1sy.top,job.wechat.1sy.top,discovered
wechat.1sy.top,login.wechat.1sy.top,discovered
wechat.1sy.top,portal.wechat.1sy.top,discovered
wechat.1sy.top,mysqladmin.wechat.1sy.top,discovered
wechat.1sy.top,log.wechat.1sy.top,discovered
wechat.1sy.top,order.wechat.1sy.top,discovered
wechat.1sy.top,imap.wechat.1sy.top,discovered
wechat.1sy.top,newsletter.wechat.1sy.top,discovered
wechat.1sy.top,forum.wechat.1sy.top,discovered
wechat.1sy.top,bak.wechat.1sy.top,discovered
wechat.1sy.top,pay2.wechat.1sy.top,discovered
wechat.1sy.top,phpmyadmin.wechat.1sy.top,discovered
wechat.1sy.top,analytics.wechat.1sy.top,discovered
wechat.1sy.top,sftp.wechat.1sy.top,discovered
wechat.1sy.top,mall.wechat.1sy.top,discovered
wechat.1sy.top,docker.wechat.1sy.top,discovered
wechat.1sy.top,uploads.wechat.1sy.top,discovered
wechat.1sy.top,qa.wechat.1sy.top,discovered
wechat.1sy.top,export.wechat.1sy.top,discovered
wechat.1sy.top,push.wechat.1sy.top,discovered
wechat.1sy.top,checkout.wechat.1sy.top,discovered
wechat.1sy.top,public.wechat.1sy.top,discovered
wechat.1sy.top,beta.wechat.1sy.top,discovered
wechat.1sy.top,home.wechat.1sy.top,discovered
wechat.1sy.top,ldap.wechat.1sy.top,discovered
wechat.1sy.top,ns3.wechat.1sy.top,discovered
wechat.1sy.top,static.wechat.1sy.top,discovered
wechat.1sy.top,store.wechat.1sy.top,discovered
wechat.1sy.top,mail2.wechat.1sy.top,discovered
wechat.1sy.top,recruit.wechat.1sy.top,discovered
wechat.1sy.top,security.wechat.1sy.top,discovered
wechat.1sy.top,documents.wechat.1sy.top,discovered
wechat.1sy.top,webapp.wechat.1sy.top,discovered
wechat.1sy.top,pay.wechat.1sy.top,discovered
wechat.1sy.top,vpn.wechat.1sy.top,discovered
wechat.1sy.top,article.wechat.1sy.top,discovered
wechat.1sy.top,manage.wechat.1sy.top,discovered
wechat.1sy.top,erp.wechat.1sy.top,discovered
wechat.1sy.top,main.wechat.1sy.top,discovered
wechat.1sy.top,auth2.wechat.1sy.top,discovered
wechat.1sy.top,monitor.wechat.1sy.top,discovered
wechat.1sy.top,canary.wechat.1sy.top,discovered
wechat.1sy.top,temp.wechat.1sy.top,discovered
wechat.1sy.top,elk.wechat.1sy.top,discovered
wechat.1sy.top,api.wechat.1sy.top,discovered
wechat.1sy.top,media.wechat.1sy.top,discovered
wechat.1sy.top,help.wechat.1sy.top,discovered
wechat.1sy.top,test2.wechat.1sy.top,discovered
wechat.1sy.top,backup.wechat.1sy.top,discovered
wechat.1sy.top,api-dev.wechat.1sy.top,discovered
wechat.1sy.top,api-gateway.wechat.1sy.top,discovered
wechat.1sy.top,upload.wechat.1sy.top,discovered
wechat.1sy.top,api-gw.wechat.1sy.top,discovered
wechat.1sy.top,report.wechat.1sy.top,discovered
wechat.1sy.top,gateway.wechat.1sy.top,discovered
wechat.1sy.top,data.wechat.1sy.top,discovered
wechat.1sy.top,database.wechat.1sy.top,discovered
wechat.1sy.top,game.wechat.1sy.top,discovered
wechat.1sy.top,sso.wechat.1sy.top,discovered
wechat.1sy.top,mysql.wechat.1sy.top,discovered
wechat.1sy.top,android.wechat.1sy.top,discovered
wechat.1sy.top,bbs.wechat.1sy.top,discovered
wechat.1sy.top,phpadmin.wechat.1sy.top,discovered
wechat.1sy.top,news.wechat.1sy.top,discovered
wechat.1sy.top,chat.wechat.1sy.top,discovered
wechat.1sy.top,staging2.wechat.1sy.top,discovered
wechat.1sy.top,mailchimp.wechat.1sy.top,discovered
wechat.1sy.top,oauth.wechat.1sy.top,discovered
wechat.1sy.top,cos.wechat.1sy.top,discovered
wechat.1sy.top,img3.wechat.1sy.top,discovered
wechat.1sy.top,development.wechat.1sy.top,discovered
wechat.1sy.top,console.wechat.1sy.top,discovered
wechat.1sy.top,radius.wechat.1sy.top,discovered
wechat.1sy.top,grpc.wechat.1sy.top,discovered
wechat.1sy.top,smtp.wechat.1sy.top,discovered
wechat.1sy.top,staging.wechat.1sy.top,discovered
wechat.1sy.top,cdn3.wechat.1sy.top,discovered
wechat.1sy.top,jobs.wechat.1sy.top,discovered
wechat.1sy.top,cms.wechat.1sy.top,discovered
wechat.1sy.top,jenkins.wechat.1sy.top,discovered
wechat.1sy.top,production.wechat.1sy.top,discovered
wechat.1sy.top,webmail.wechat.1sy.top,discovered
wechat.1sy.top,oss.wechat.1sy.top,discovered
wechat.1sy.top,payment.wechat.1sy.top,discovered
wechat.1sy.top,storage.wechat.1sy.top,discovered
wechat.1sy.top,api-staging.wechat.1sy.top,discovered
wechat.1sy.top,video.wechat.1sy.top,discovered
wechat.1sy.top,proxy.wechat.1sy.top,discovered
wechat.1sy.top,stage.wechat.1sy.top,discovered
wechat.1sy.top,reports.wechat.1sy.top,discovered
wechat.1sy.top,auth.wechat.1sy.top,discovered
wechat.1sy.top,books.wechat.1sy.top,discovered
wechat.1sy.top,sites.wechat.1sy.top,discovered
wechat.1sy.top,apis.wechat.1sy.top,discovered
wechat.1sy.top,m.wechat.1sy.top,discovered
wechat.1sy.top,wss.wechat.1sy.top,discovered
wechat.1sy.top,service.wechat.1sy.top,discovered
wechat.1sy.top,elastic.wechat.1sy.top,discovered
wechat.1sy.top,hr.wechat.1sy.top,discovered
wechat.1sy.top,web.wechat.1sy.top,discovered
wechat.1sy.top,webview.wechat.1sy.top,discovered
wechat.1sy.top,hrm.wechat.1sy.top,discovered
wechat.1sy.top,pop3.wechat.1sy.top,discovered
wechat.1sy.top,index.wechat.1sy.top,discovered
wechat.1sy.top,read.wechat.1sy.top,discovered
wechat.1sy.top,notify.wechat.1sy.top,discovered
wechat.1sy.top,api-test.wechat.1sy.top,discovered
wechat.1sy.top,redis.wechat.1sy.top,discovered
wechat.1sy.top,es.wechat.1sy.top,discovered
wechat.1sy.top,svn.wechat.1sy.top,discovered
wechat.1sy.top,sse.wechat.1sy.top,discovered
wechat.1sy.top,novel.wechat.1sy.top,discovered
wechat.1sy.top,static2.wechat.1sy.top,discovered
wechat.1sy.top,mail.wechat.1sy.top,discovered
wechat.1sy.top,library.wechat.1sy.top,discovered
wechat.1sy.top,services.wechat.1sy.top,discovered
wechat.1sy.top,h5.wechat.1sy.top,discovered
wechat.1sy.top,cache.wechat.1sy.top,discovered
wechat.1sy.top,reader.wechat.1sy.top,discovered
wechat.1sy.top,site.wechat.1sy.top,discovered
wechat.1sy.top,career.wechat.1sy.top,discovered
wechat.1sy.top,message.wechat.1sy.top,discovered
wechat.1sy.top,cdn.wechat.1sy.top,discovered
wechat.1sy.top,community.wechat.1sy.top,discovered
wechat.1sy.top,homepage.wechat.1sy.top,discovered
wechat.1sy.top,api-prod.wechat.1sy.top,discovered
wechat.1sy.top,mini.wechat.1sy.top,discovered
wechat.1sy.top,im.wechat.1sy.top,discovered
wechat.1sy.top,status.wechat.1sy.top,discovered
wechat.1sy.top,blog.wechat.1sy.top,discovered
wechat.1sy.top,assets.wechat.1sy.top,discovered
wechat.1sy.top,docs.wechat.1sy.top,discovered
wechat.1sy.top,apps.wechat.1sy.top,discovered
wechat.1sy.top,order2.wechat.1sy.top,discovered
wechat.1sy.top,registry.wechat.1sy.top,discovered
wechat.1sy.top,18.181.195.252,discovered
www.1sy.top,http://www.1sy.top/,discovered
www.1sy.top,https://www.1sy.top/,discovered
im.1sy.top,http://im.1sy.top/,discovered
im.1sy.top,https://im.1sy.top/,discovered
wechat.1sy.top,http://wechat.1sy.top/,discovered
wechat.1sy.top,https://wechat.1sy.top/,discovered
api-gateway.1sy.top,apis.api-gateway.1sy.top,discovered
api-gateway.1sy.top,status.api-gateway.1sy.top,discovered
api-gateway.1sy.top,service.api-gateway.1sy.top,discovered
api-gateway.1sy.top,report.api-gateway.1sy.top,discovered
api-gateway.1sy.top,notification.api-gateway.1sy.top,discovered
api-gateway.1sy.top,redis.api-gateway.1sy.top,discovered
api-gateway.1sy.top,m.api-gateway.1sy.top,discovered
api-gateway.1sy.top,git.api-gateway.1sy.top,discovered
api-gateway.1sy.top,api.api-gateway.1sy.top,discovered
api-gateway.1sy.top,order.api-gateway.1sy.top,discovered
api-gateway.1sy.top,build.api-gateway.1sy.top,discovered
api-gateway.1sy.top,apps.api-gateway.1sy.top,discovered
api-gateway.1sy.top,wss.api-gateway.1sy.top,discovered
api-gateway.1sy.top,notify.api-gateway.1sy.top,discovered
api-gateway.1sy.top,api-internal.api-gateway.1sy.top,discovered
api-gateway.1sy.top,kibana.api-gateway.1sy.top,discovered
api-gateway.1sy.top,cdn2.api-gateway.1sy.top,discovered
api-gateway.1sy.top,administrator.api-gateway.1sy.top,discovered
api-gateway.1sy.top,music.api-gateway.1sy.top,discovered
api-gateway.1sy.top,cms.api-gateway.1sy.top,discovered
api-gateway.1sy.top,mail2.api-gateway.1sy.top,discovered
api-gateway.1sy.top,saml.api-gateway.1sy.top,discovered
api-gateway.1sy.top,ws.api-gateway.1sy.top,discovered
api-gateway.1sy.top,h5.api-gateway.1sy.top,discovered
api-gateway.1sy.top,console.api-gateway.1sy.top,discovered
api-gateway.1sy.top,erp.api-gateway.1sy.top,discovered
api-gateway.1sy.top,novel.api-gateway.1sy.top,discovered
api-gateway.1sy.top,testing.api-gateway.1sy.top,discovered
api-gateway.1sy.top,auth.api-gateway.1sy.top,discovered
api-gateway.1sy.top,pay.api-gateway.1sy.top,discovered
api-gateway.1sy.top,web.api-gateway.1sy.top,discovered
api-gateway.1sy.top,contact.api-gateway.1sy.top,discovered
api-gateway.1sy.top,kubernetes.api-gateway.1sy.top,discovered
api-gateway.1sy.top,unionpay.api-gateway.1sy.top,discovered
api-gateway.1sy.top,jenkins.api-gateway.1sy.top,discovered
api-gateway.1sy.top,grpc.api-gateway.1sy.top,discovered
api-gateway.1sy.top,bak.api-gateway.1sy.top,discovered
api-gateway.1sy.top,mini.api-gateway.1sy.top,discovered
api-gateway.1sy.top,api-staging.api-gateway.1sy.top,discovered
api-gateway.1sy.top,wap.api-gateway.1sy.top,discovered
api-gateway.1sy.top,manager.api-gateway.1sy.top,discovered
api-gateway.1sy.top,games.api-gateway.1sy.top,discovered
api-gateway.1sy.top,wiki.api-gateway.1sy.top,discovered
api-gateway.1sy.top,mail.api-gateway.1sy.top,discovered
api-gateway.1sy.top,ns1.api-gateway.1sy.top,discovered
api-gateway.1sy.top,static3.api-gateway.1sy.top,discovered
api-gateway.1sy.top,im.api-gateway.1sy.top,discovered
api-gateway.1sy.top,alipay.api-gateway.1sy.top,discovered
api-gateway.1sy.top,production.api-gateway.1sy.top,discovered
api-gateway.1sy.top,hrm.api-gateway.1sy.top,discovered
api-gateway.1sy.top,grafana.api-gateway.1sy.top,discovered
api-gateway.1sy.top,ns3.api-gateway.1sy.top,discovered
api-gateway.1sy.top,lb.api-gateway.1sy.top,discovered
api-gateway.1sy.top,img3.api-gateway.1sy.top,discovered
api-gateway.1sy.top,buy.api-gateway.1sy.top,discovered
api-gateway.1sy.top,cache.api-gateway.1sy.top,discovered
api-gateway.1sy.top,mx2.api-gateway.1sy.top,discovered
api-gateway.1sy.top,bbs.api-gateway.1sy.top,discovered
api-gateway.1sy.top,logging.api-gateway.1sy.top,discovered
api-gateway.1sy.top,tmp.api-gateway.1sy.top,discovered
api-gateway.1sy.top,phpadmin.api-gateway.1sy.top,discovered
api-gateway.1sy.top,sale.api-gateway.1sy.top,discovered
api-gateway.1sy.top,cdn3.api-gateway.1sy.top,discovered
api-gateway.1sy.top,test2.api-gateway.1sy.top,discovered
api-gateway.1sy.top,cart.api-gateway.1sy.top,discovered
api-gateway.1sy.top,services.api-gateway.1sy.top,discovered
api-gateway.1sy.top,mysqladmin.api-gateway.1sy.top,discovered
api-gateway.1sy.top,webview.api-gateway.1sy.top,discovered
api-gateway.1sy.top,sso.api-gateway.1sy.top,discovered
api-gateway.1sy.top,mx1.api-gateway.1sy.top,discovered
api-gateway.1sy.top,careers.api-gateway.1sy.top,discovered
api-gateway.1sy.top,docker.api-gateway.1sy.top,discovered
api-gateway.1sy.top,img.api-gateway.1sy.top,discovered
api-gateway.1sy.top,keycloak.api-gateway.1sy.top,discovered
api-gateway.1sy.top,stage.api-gateway.1sy.top,discovered
api-gateway.1sy.top,webmail.api-gateway.1sy.top,discovered
api-gateway.1sy.top,github.api-gateway.1sy.top,discovered
api-gateway.1sy.top,radio.api-gateway.1sy.top,discovered
api-gateway.1sy.top,paper.api-gateway.1sy.top,discovered
api-gateway.1sy.top,staging2.api-gateway.1sy.top,discovered
api-gateway.1sy.top,nlb.api-gateway.1sy.top,discovered
api-gateway.1sy.top,media.api-gateway.1sy.top,discovered
api-gateway.1sy.top,market.api-gateway.1sy.top,discovered
api-gateway.1sy.top,db.api-gateway.1sy.top,discovered
api-gateway.1sy.top,rest.api-gateway.1sy.top,discovered
api-gateway.1sy.top,es.api-gateway.1sy.top,discovered
api-gateway.1sy.top,log.api-gateway.1sy.top,discovered
api-gateway.1sy.top,wechat.api-gateway.1sy.top,discovered
api-gateway.1sy.top,pay2.api-gateway.1sy.top,discovered
api-gateway.1sy.top,registry.api-gateway.1sy.top,discovered
api-gateway.1sy.top,mobile.api-gateway.1sy.top,discovered
api-gateway.1sy.top,wx.api-gateway.1sy.top,discovered
api-gateway.1sy.top,cdn.api-gateway.1sy.top,discovered
api-gateway.1sy.top,job.api-gateway.1sy.top,discovered
api-gateway.1sy.top,development.api-gateway.1sy.top,discovered
api-gateway.1sy.top,session.api-gateway.1sy.top,discovered
api-gateway.1sy.top,site.api-gateway.1sy.top,discovered
api-gateway.1sy.top,elk.api-gateway.1sy.top,discovered
api-gateway.1sy.top,upload.api-gateway.1sy.top,discovered
api-gateway.1sy.top,export.api-gateway.1sy.top,discovered
api-gateway.1sy.top,jobs.api-gateway.1sy.top,discovered
api-gateway.1sy.top,magazine.api-gateway.1sy.top,discovered
api-gateway.1sy.top,community.api-gateway.1sy.top,discovered
api-gateway.1sy.top,store.api-gateway.1sy.top,discovered
api-gateway.1sy.top,crm.api-gateway.1sy.top,discovered
api-gateway.1sy.top,api2.api-gateway.1sy.top,discovered
api-gateway.1sy.top,books.api-gateway.1sy.top,discovered
api-gateway.1sy.top,manage.api-gateway.1sy.top,discovered
api-gateway.1sy.top,shop.api-gateway.1sy.top,discovered
api-gateway.1sy.top,ios.api-gateway.1sy.top,discovered
api-gateway.1sy.top,database.api-gateway.1sy.top,discovered
api-gateway.1sy.top,sse.api-gateway.1sy.top,discovered
api-gateway.1sy.top,mail1.api-gateway.1sy.top,discovered
api-gateway.1sy.top,push.api-gateway.1sy.top,discovered
api-gateway.1sy.top,newsletter.api-gateway.1sy.top,discovered
api-gateway.1sy.top,sso2.api-gateway.1sy.top,discovered
api-gateway.1sy.top,image.api-gateway.1sy.top,discovered
api-gateway.1sy.top,images.api-gateway.1sy.top,discovered
api-gateway.1sy.top,oa.api-gateway.1sy.top,discovered
api-gateway.1sy.top,office.api-gateway.1sy.top,discovered
api-gateway.1sy.top,openapi.api-gateway.1sy.top,discovered
api-gateway.1sy.top,admin.api-gateway.1sy.top,discovered
api-gateway.1sy.top,svn.api-gateway.1sy.top,discovered
api-gateway.1sy.top,hr.api-gateway.1sy.top,discovered
api-gateway.1sy.top,k8s.api-gateway.1sy.top,discovered
api-gateway.1sy.top,book.api-gateway.1sy.top,discovered
api-gateway.1sy.top,dev.api-gateway.1sy.top,discovered
api-gateway.1sy.top,documents.api-gateway.1sy.top,discovered
api-gateway.1sy.top,forum.api-gateway.1sy.top,discovered
api-gateway.1sy.top,ftp.api-gateway.1sy.top,discovered
api-gateway.1sy.top,health.api-gateway.1sy.top,discovered
api-gateway.1sy.top,www.api-gateway.1sy.top,discovered
api-gateway.1sy.top,home.api-gateway.1sy.top,discovered
api-gateway.1sy.top,temp.api-gateway.1sy.top,discovered
api-gateway.1sy.top,token.api-gateway.1sy.top,discovered
api-gateway.1sy.top,library.api-gateway.1sy.top,discovered
api-gateway.1sy.top,comic.api-gateway.1sy.top,discovered
api-gateway.1sy.top,wechat2.api-gateway.1sy.top,discovered
api-gateway.1sy.top,test.api-gateway.1sy.top,discovered
api-gateway.1sy.top,proxy.api-gateway.1sy.top,discovered
api-gateway.1sy.top,radius.api-gateway.1sy.top,discovered
api-gateway.1sy.top,websocket.api-gateway.1sy.top,discovered
api-gateway.1sy.top,video.api-gateway.1sy.top,discovered
api-gateway.1sy.top,ldap.api-gateway.1sy.top,discovered
api-gateway.1sy.top,img2.api-gateway.1sy.top,discovered
api-gateway.1sy.top,cos.api-gateway.1sy.top,discovered
api-gateway.1sy.top,preprod.api-gateway.1sy.top,discovered
api-gateway.1sy.top,game.api-gateway.1sy.top,discovered
api-gateway.1sy.top,socket.api-gateway.1sy.top,discovered
api-gateway.1sy.top,qa.api-gateway.1sy.top,discovered
api-gateway.1sy.top,payment.api-gateway.1sy.top,discovered
api-gateway.1sy.top,app.api-gateway.1sy.top,discovered
api-gateway.1sy.top,ebook.api-gateway.1sy.top,discovered
api-gateway.1sy.top,checkout.api-gateway.1sy.top,discovered
api-gateway.1sy.top,gateway.api-gateway.1sy.top,discovered
api-gateway.1sy.top,file.api-gateway.1sy.top,discovered
api-gateway.1sy.top,vpn.api-gateway.1sy.top,discovered
api-gateway.1sy.top,main.api-gateway.1sy.top,discovered
api-gateway.1sy.top,reader.api-gateway.1sy.top,discovered
api-gateway.1sy.top,help.api-gateway.1sy.top,discovered
api-gateway.1sy.top,tracking.api-gateway.1sy.top,discovered
api-gateway.1sy.top,news.api-gateway.1sy.top,discovered
api-gateway.1sy.top,internal.api-gateway.1sy.top,discovered
api-gateway.1sy.top,android.api-gateway.1sy.top,discovered
api-gateway.1sy.top,gitlab.api-gateway.1sy.top,discovered
api-gateway.1sy.top,ci.api-gateway.1sy.top,discovered
api-gateway.1sy.top,homepage.api-gateway.1sy.top,discovered
api-gateway.1sy.top,logs.api-gateway.1sy.top,discovered
api-gateway.1sy.top,open.api-gateway.1sy.top,discovered
api-gateway.1sy.top,static2.api-gateway.1sy.top,discovered
api-gateway.1sy.top,api-gateway.api-gateway.1sy.top,discovered
api-gateway.1sy.top,wap2.api-gateway.1sy.top,discovered
api-gateway.1sy.top,docs.api-gateway.1sy.top,discovered
api-gateway.1sy.top,support.api-gateway.1sy.top,discovered
api-gateway.1sy.top,zabbix.api-gateway.1sy.top,discovered
api-gateway.1sy.top,read.api-gateway.1sy.top,discovered
api-gateway.1sy.top,sandbox.api-gateway.1sy.top,discovered
api-gateway.1sy.top,cached.api-gateway.1sy.top,discovered
api-gateway.1sy.top,storage.api-gateway.1sy.top,discovered
api-gateway.1sy.top,live.api-gateway.1sy.top,discovered
api-gateway.1sy.top,recruit.api-gateway.1sy.top,discovered
api-gateway.1sy.top,pub.api-gateway.1sy.top,discovered
api-gateway.1sy.top,uploads.api-gateway.1sy.top,discovered
api-gateway.1sy.top,security.api-gateway.1sy.top,discovered
api-gateway.1sy.top,staging.api-gateway.1sy.top,discovered
api-gateway.1sy.top,reports.api-gateway.1sy.top,discovered
api-gateway.1sy.top,sms.api-gateway.1sy.top,discovered
api-gateway.1sy.top,api-dev.api-gateway.1sy.top,discovered
api-gateway.1sy.top,api-gw.api-gateway.1sy.top,discovered
api-gateway.1sy.top,cas.api-gateway.1sy.top,discovered
api-gateway.1sy.top,prometheus.api-gateway.1sy.top,discovered
api-gateway.1sy.top,dns.api-gateway.1sy.top,discovered
api-gateway.1sy.top,webapp.api-gateway.1sy.top,discovered
api-gateway.1sy.top,chat.api-gateway.1sy.top,discovered
api-gateway.1sy.top,files.api-gateway.1sy.top,discovered
api-gateway.1sy.top,demo.api-gateway.1sy.top,discovered
api-gateway.1sy.top,cd.api-gateway.1sy.top,discovered
api-gateway.1sy.top,metrics.api-gateway.1sy.top,discovered
api-gateway.1sy.top,tv.api-gateway.1sy.top,discovered
api-gateway.1sy.top,prod.api-gateway.1sy.top,discovered
api-gateway.1sy.top,ssh.api-gateway.1sy.top,discovered
api-gateway.1sy.top,mobi.api-gateway.1sy.top,discovered
api-gateway.1sy.top,oauth.api-gateway.1sy.top,discovered
api-gateway.1sy.top,article.api-gateway.1sy.top,discovered
api-gateway.1sy.top,dev2.api-gateway.1sy.top,discovered
api-gateway.1sy.top,uat.api-gateway.1sy.top,discovered
api-gateway.1sy.top,bucket.api-gateway.1sy.top,discovered
api-gateway.1sy.top,mailchimp.api-gateway.1sy.top,discovered
api-gateway.1sy.top,miniapp.api-gateway.1sy.top,discovered
api-gateway.1sy.top,monitoring.api-gateway.1sy.top,discovered
api-gateway.1sy.top,story.api-gateway.1sy.top,discovered
api-gateway.1sy.top,pgadmin.api-gateway.1sy.top,discovered
api-gateway.1sy.top,public.api-gateway.1sy.top,discovered
api-gateway.1sy.top,oss.api-gateway.1sy.top,discovered
api-gateway.1sy.top,static.api-gateway.1sy.top,discovered
api-gateway.1sy.top,phpmyadmin.api-gateway.1sy.top,discovered
api-gateway.1sy.top,index.api-gateway.1sy.top,discovered
api-gateway.1sy.top,portal.api-gateway.1sy.top,discovered
api-gateway.1sy.top,sftp.api-gateway.1sy.top,discovered
api-gateway.1sy.top,smtp.api-gateway.1sy.top,discovered
api-gateway.1sy.top,mx.api-gateway.1sy.top,discovered
api-gateway.1sy.top,data.api-gateway.1sy.top,discovered
api-gateway.1sy.top,pop.api-gateway.1sy.top,discovered
api-gateway.1sy.top,product.api-gateway.1sy.top,discovered
api-gateway.1sy.top,graphql.api-gateway.1sy.top,discovered
api-gateway.1sy.top,mall.api-gateway.1sy.top,discovered
api-gateway.1sy.top,sess.api-gateway.1sy.top,discovered
api-gateway.1sy.top,remote.api-gateway.1sy.top,discovered
api-gateway.1sy.top,sites.api-gateway.1sy.top,discovered
api-gateway.1sy.top,ns2.api-gateway.1sy.top,discovered
api-gateway.1sy.top,message.api-gateway.1sy.top,discovered
api-gateway.1sy.top,m2.api-gateway.1sy.top,discovered
api-gateway.1sy.top,auth2.api-gateway.1sy.top,discovered
api-gateway.1sy.top,canary.api-gateway.1sy.top,discovered
api-gateway.1sy.top,stats.api-gateway.1sy.top,discovered
api-gateway.1sy.top,preview.api-gateway.1sy.top,discovered
api-gateway.1sy.top,pop3.api-gateway.1sy.top,discovered
api-gateway.1sy.top,api-test.api-gateway.1sy.top,discovered
api-gateway.1sy.top,backup.api-gateway.1sy.top,discovered
api-gateway.1sy.top,products.api-gateway.1sy.top,discovered
api-gateway.1sy.top,analytics.api-gateway.1sy.top,discovered
api-gateway.1sy.top,monitor.api-gateway.1sy.top,discovered
api-gateway.1sy.top,intranet.api-gateway.1sy.top,discovered
api-gateway.1sy.top,beta.api-gateway.1sy.top,discovered
api-gateway.1sy.top,faq.api-gateway.1sy.top,discovered
api-gateway.1sy.top,elastic.api-gateway.1sy.top,discovered
api-gateway.1sy.top,order2.api-gateway.1sy.top,discovered
api-gateway.1sy.top,assets.api-gateway.1sy.top,discovered
api-gateway.1sy.top,about.api-gateway.1sy.top,discovered
api-gateway.1sy.top,login.api-gateway.1sy.top,discovered
api-gateway.1sy.top,download.api-gateway.1sy.top,discovered
api-gateway.1sy.top,gw.api-gateway.1sy.top,discovered
api-gateway.1sy.top,documentation.api-gateway.1sy.top,discovered
api-gateway.1sy.top,career.api-gateway.1sy.top,discovered
api-gateway.1sy.top,imap.api-gateway.1sy.top,discovered
api-gateway.1sy.top,blog.api-gateway.1sy.top,discovered
api-gateway.1sy.top,weixin.api-gateway.1sy.top,discovered
api-gateway.1sy.top,gray.api-gateway.1sy.top,discovered
api-gateway.1sy.top,pre.api-gateway.1sy.top,discovered
api-gateway.1sy.top,doc.api-gateway.1sy.top,discovered
api-gateway.1sy.top,mysql.api-gateway.1sy.top,discovered
api-gateway.1sy.top,api-prod.api-gateway.1sy.top,discovered
api-gateway.1sy.top,52.199.24.216,discovered
git.1sy.top,http://git.1sy.top/,discovered
git.1sy.top,https://git.1sy.top/,discovered
sftp.1sy.top,radius.sftp.1sy.top,discovered
sftp.1sy.top,book.sftp.1sy.top,discovered
sftp.1sy.top,alipay.sftp.1sy.top,discovered
sftp.1sy.top,test.sftp.1sy.top,discovered
sftp.1sy.top,notify.sftp.1sy.top,discovered
sftp.1sy.top,mail1.sftp.1sy.top,discovered
sftp.1sy.top,books.sftp.1sy.top,discovered
sftp.1sy.top,mail.sftp.1sy.top,discovered
sftp.1sy.top,mysqladmin.sftp.1sy.top,discovered
sftp.1sy.top,mail2.sftp.1sy.top,discovered
sftp.1sy.top,sess.sftp.1sy.top,discovered
sftp.1sy.top,monitor.sftp.1sy.top,discovered
sftp.1sy.top,dev.sftp.1sy.top,discovered
sftp.1sy.top,mx.sftp.1sy.top,discovered
sftp.1sy.top,novel.sftp.1sy.top,discovered
sftp.1sy.top,staging2.sftp.1sy.top,discovered
sftp.1sy.top,tracking.sftp.1sy.top,discovered
sftp.1sy.top,logging.sftp.1sy.top,discovered
sftp.1sy.top,api-gw.sftp.1sy.top,discovered
sftp.1sy.top,order2.sftp.1sy.top,discovered
sftp.1sy.top,health.sftp.1sy.top,discovered
sftp.1sy.top,unionpay.sftp.1sy.top,discovered
sftp.1sy.top,cache.sftp.1sy.top,discovered
sftp.1sy.top,prod.sftp.1sy.top,discovered
sftp.1sy.top,checkout.sftp.1sy.top,discovered
sftp.1sy.top,wechat.sftp.1sy.top,discovered
sftp.1sy.top,sites.sftp.1sy.top,discovered
sftp.1sy.top,story.sftp.1sy.top,discovered
sftp.1sy.top,career.sftp.1sy.top,discovered
sftp.1sy.top,crm.sftp.1sy.top,discovered
sftp.1sy.top,api-gateway.sftp.1sy.top,discovered
sftp.1sy.top,auth2.sftp.1sy.top,discovered
sftp.1sy.top,tv.sftp.1sy.top,discovered
sftp.1sy.top,office.sftp.1sy.top,discovered
sftp.1sy.top,chat.sftp.1sy.top,discovered
sftp.1sy.top,upload.sftp.1sy.top,discovered
sftp.1sy.top,webview.sftp.1sy.top,discovered
sftp.1sy.top,api-staging.sftp.1sy.top,discovered
sftp.1sy.top,oauth.sftp.1sy.top,discovered
sftp.1sy.top,main.sftp.1sy.top,discovered
sftp.1sy.top,status.sftp.1sy.top,discovered
sftp.1sy.top,android.sftp.1sy.top,discovered
sftp.1sy.top,mx1.sftp.1sy.top,discovered
sftp.1sy.top,jenkins.sftp.1sy.top,discovered
sftp.1sy.top,ios.sftp.1sy.top,discovered
sftp.1sy.top,pop.sftp.1sy.top,discovered
sftp.1sy.top,api-dev.sftp.1sy.top,discovered
sftp.1sy.top,market.sftp.1sy.top,discovered
sftp.1sy.top,internal.sftp.1sy.top,discovered
sftp.1sy.top,bucket.sftp.1sy.top,discovered
sftp.1sy.top,blog.sftp.1sy.top,discovered
sftp.1sy.top,dev2.sftp.1sy.top,discovered
sftp.1sy.top,documentation.sftp.1sy.top,discovered
sftp.1sy.top,api-test.sftp.1sy.top,discovered
sftp.1sy.top,prometheus.sftp.1sy.top,discovered
sftp.1sy.top,article.sftp.1sy.top,discovered
sftp.1sy.top,websocket.sftp.1sy.top,discovered
sftp.1sy.top,lb.sftp.1sy.top,discovered
sftp.1sy.top,service.sftp.1sy.top,discovered
sftp.1sy.top,mini.sftp.1sy.top,discovered
sftp.1sy.top,mobile.sftp.1sy.top,discovered
sftp.1sy.top,video.sftp.1sy.top,discovered
sftp.1sy.top,mx2.sftp.1sy.top,discovered
sftp.1sy.top,recruit.sftp.1sy.top,discovered
sftp.1sy.top,session.sftp.1sy.top,discovered
sftp.1sy.top,sso2.sftp.1sy.top,discovered
sftp.1sy.top,github.sftp.1sy.top,discovered
sftp.1sy.top,administrator.sftp.1sy.top,discovered
sftp.1sy.top,wap2.sftp.1sy.top,discovered
sftp.1sy.top,read.sftp.1sy.top,discovered
sftp.1sy.top,login.sftp.1sy.top,discovered
sftp.1sy.top,remote.sftp.1sy.top,discovered
sftp.1sy.top,keycloak.sftp.1sy.top,discovered
sftp.1sy.top,storage.sftp.1sy.top,discovered
sftp.1sy.top,demo.sftp.1sy.top,discovered
sftp.1sy.top,openapi.sftp.1sy.top,discovered
sftp.1sy.top,redis.sftp.1sy.top,discovered
sftp.1sy.top,database.sftp.1sy.top,discovered
sftp.1sy.top,security.sftp.1sy.top,discovered
sftp.1sy.top,pay2.sftp.1sy.top,discovered
sftp.1sy.top,newsletter.sftp.1sy.top,discovered
sftp.1sy.top,api-internal.sftp.1sy.top,discovered
sftp.1sy.top,gray.sftp.1sy.top,discovered
sftp.1sy.top,services.sftp.1sy.top,discovered
sftp.1sy.top,graphql.sftp.1sy.top,discovered
sftp.1sy.top,bbs.sftp.1sy.top,discovered
sftp.1sy.top,static.sftp.1sy.top,discovered
sftp.1sy.top,im.sftp.1sy.top,discovered
sftp.1sy.top,contact.sftp.1sy.top,discovered
sftp.1sy.top,sso.sftp.1sy.top,discovered
sftp.1sy.top,pgadmin.sftp.1sy.top,discovered
sftp.1sy.top,radio.sftp.1sy.top,discovered
sftp.1sy.top,data.sftp.1sy.top,discovered
sftp.1sy.top,tmp.sftp.1sy.top,discovered
sftp.1sy.top,ns3.sftp.1sy.top,discovered
sftp.1sy.top,docker.sftp.1sy.top,discovered
sftp.1sy.top,ftp.sftp.1sy.top,discovered
sftp.1sy.top,phpmyadmin.sftp.1sy.top,discovered
sftp.1sy.top,shop.sftp.1sy.top,discovered
sftp.1sy.top,product.sftp.1sy.top,discovered
sftp.1sy.top,cdn2.sftp.1sy.top,discovered
sftp.1sy.top,db.sftp.1sy.top,discovered
sftp.1sy.top,test2.sftp.1sy.top,discovered
sftp.1sy.top,sftp.sftp.1sy.top,discovered
sftp.1sy.top,oss.sftp.1sy.top,discovered
sftp.1sy.top,docs.sftp.1sy.top,discovered
sftp.1sy.top,products.sftp.1sy.top,discovered
sftp.1sy.top,console.sftp.1sy.top,discovered
sftp.1sy.top,mysql.sftp.1sy.top,discovered
sftp.1sy.top,webmail.sftp.1sy.top,discovered
sftp.1sy.top,site.sftp.1sy.top,discovered
sftp.1sy.top,nlb.sftp.1sy.top,discovered
sftp.1sy.top,registry.sftp.1sy.top,discovered
sftp.1sy.top,elastic.sftp.1sy.top,discovered
sftp.1sy.top,wechat2.sftp.1sy.top,discovered
sftp.1sy.top,about.sftp.1sy.top,discovered
sftp.1sy.top,grpc.sftp.1sy.top,discovered
sftp.1sy.top,buy.sftp.1sy.top,discovered
sftp.1sy.top,backup.sftp.1sy.top,discovered
sftp.1sy.top,index.sftp.1sy.top,discovered
sftp.1sy.top,canary.sftp.1sy.top,discovered
sftp.1sy.top,comic.sftp.1sy.top,discovered
sftp.1sy.top,job.sftp.1sy.top,discovered
sftp.1sy.top,open.sftp.1sy.top,discovered
sftp.1sy.top,k8s.sftp.1sy.top,discovered
sftp.1sy.top,saml.sftp.1sy.top,discovered
sftp.1sy.top,pre.sftp.1sy.top,discovered
sftp.1sy.top,preprod.sftp.1sy.top,discovered
sftp.1sy.top,store.sftp.1sy.top,discovered
sftp.1sy.top,manage.sftp.1sy.top,discovered
sftp.1sy.top,forum.sftp.1sy.top,discovered
sftp.1sy.top,testing.sftp.1sy.top,discovered
sftp.1sy.top,proxy.sftp.1sy.top,discovered
sftp.1sy.top,erp.sftp.1sy.top,discovered
sftp.1sy.top,images.sftp.1sy.top,discovered
sftp.1sy.top,order.sftp.1sy.top,discovered
sftp.1sy.top,report.sftp.1sy.top,discovered
sftp.1sy.top,img.sftp.1sy.top,discovered
sftp.1sy.top,stage.sftp.1sy.top,discovered
sftp.1sy.top,library.sftp.1sy.top,discovered
sftp.1sy.top,push.sftp.1sy.top,discovered
sftp.1sy.top,grafana.sftp.1sy.top,discovered
sftp.1sy.top,cos.sftp.1sy.top,discovered
sftp.1sy.top,h5.sftp.1sy.top,discovered
sftp.1sy.top,file.sftp.1sy.top,discovered
sftp.1sy.top,export.sftp.1sy.top,discovered
sftp.1sy.top,qa.sftp.1sy.top,discovered
sftp.1sy.top,wss.sftp.1sy.top,discovered
sftp.1sy.top,kubernetes.sftp.1sy.top,discovered
sftp.1sy.top,manager.sftp.1sy.top,discovered
sftp.1sy.top,build.sftp.1sy.top,discovered
sftp.1sy.top,elk.sftp.1sy.top,discovered
sftp.1sy.top,public.sftp.1sy.top,discovered
sftp.1sy.top,help.sftp.1sy.top,discovered
sftp.1sy.top,download.sftp.1sy.top,discovered
sftp.1sy.top,178.236.38.1,discovered
sftp.1sy.top,http://sftp.1sy.top/,discovered
sftp.1sy.top,https://sftp.1sy.top/,discovered
api-gateway.1sy.top,http://api-gateway.1sy.top/,discovered
api-gateway.1sy.top,https://api-gateway.1sy.top/,discovered
metrics.1sy.top,13.159.144.37,discovered
uat.1sy.top,178.236.38.1,discovered
lb.1sy.top,178.236.38.1,discovered
uat.1sy.top,http://uat.1sy.top/,discovered
uat.1sy.top,https://uat.1sy.top/,discovered
cart.1sy.top,178.236.38.1,discovered
lb.1sy.top,http://lb.1sy.top/,discovered
lb.1sy.top,https://lb.1sy.top/,discovered
webmail.1sy.top,18.179.196.144,discovered
cart.1sy.top,http://cart.1sy.top/,discovered
cart.1sy.top,https://cart.1sy.top/,discovered
metrics.1sy.top,http://metrics.1sy.top/,discovered
metrics.1sy.top,https://metrics.1sy.top/,discovered
webmail.1sy.top,http://webmail.1sy.top/,discovered
webmail.1sy.top,https://webmail.1sy.top/,discovered
uploads.1sy.top,3.112.202.171,discovered
chat.1sy.top,178.236.38.1,discovered
proxy.1sy.top,18.181.195.252,discovered
jobs.1sy.top,54.64.212.29,discovered
uploads.1sy.top,http://uploads.1sy.top/,discovered
uploads.1sy.top,https://uploads.1sy.top/,discovered
chat.1sy.top,http://chat.1sy.top/,discovered
chat.1sy.top,https://chat.1sy.top/,discovered
ssh.1sy.top,18.181.195.252,discovered
jobs.1sy.top,http://jobs.1sy.top/,discovered
jobs.1sy.top,https://jobs.1sy.top/,discovered
proxy.1sy.top,http://proxy.1sy.top/,discovered
proxy.1sy.top,https://proxy.1sy.top/,discovered
pgadmin.1sy.top,52.192.166.22,discovered
pgadmin.1sy.top,http://pgadmin.1sy.top/,discovered
pgadmin.1sy.top,https://pgadmin.1sy.top/,discovered
github.1sy.top,3.113.7.49,discovered
tmp.1sy.top,43.207.112.80,discovered
cdn2.1sy.top,178.236.38.1,discovered
career.1sy.top,13.231.143.44,discovered
ssh.1sy.top,http://ssh.1sy.top/,discovered
ssh.1sy.top,https://ssh.1sy.top/,discovered
tmp.1sy.top,http://tmp.1sy.top/,discovered
tmp.1sy.top,https://tmp.1sy.top/,discovered
oss.1sy.top,3.112.245.183,discovered
cdn2.1sy.top,http://cdn2.1sy.top/,discovered
cdn2.1sy.top,https://cdn2.1sy.top/,discovered
oss.1sy.top,http://oss.1sy.top/,discovered
oss.1sy.top,https://oss.1sy.top/,discovered
career.1sy.top,http://career.1sy.top/,discovered
career.1sy.top,https://career.1sy.top/,discovered
github.1sy.top,http://github.1sy.top/,discovered
github.1sy.top,https://github.1sy.top/,discovered
session.git.1sy.top,wechat2.session.git.1sy.top,discovered
session.git.1sy.top,careers.session.git.1sy.top,discovered
session.git.1sy.top,dev.session.git.1sy.top,discovered
session.git.1sy.top,session.session.git.1sy.top,discovered
session.git.1sy.top,media.session.git.1sy.top,discovered
session.git.1sy.top,gitlab.session.git.1sy.top,discovered
session.git.1sy.top,wap2.session.git.1sy.top,discovered
session.git.1sy.top,auth.session.git.1sy.top,discovered
session.git.1sy.top,office.session.git.1sy.top,discovered
session.git.1sy.top,index.session.git.1sy.top,discovered
session.git.1sy.top,console.session.git.1sy.top,discovered
session.git.1sy.top,alipay.session.git.1sy.top,discovered
session.git.1sy.top,m2.session.git.1sy.top,discovered
session.git.1sy.top,music.session.git.1sy.top,discovered
session.git.1sy.top,bak.session.git.1sy.top,discovered
session.git.1sy.top,wx.session.git.1sy.top,discovered
session.git.1sy.top,payment.session.git.1sy.top,discovered
session.git.1sy.top,community.session.git.1sy.top,discovered
session.git.1sy.top,qa.session.git.1sy.top,discovered
session.git.1sy.top,pop.session.git.1sy.top,discovered
session.git.1sy.top,career.session.git.1sy.top,discovered
session.git.1sy.top,openapi.session.git.1sy.top,discovered
session.git.1sy.top,shop.session.git.1sy.top,discovered
session.git.1sy.top,pre.session.git.1sy.top,discovered
session.git.1sy.top,miniapp.session.git.1sy.top,discovered
session.git.1sy.top,k8s.session.git.1sy.top,discovered
session.git.1sy.top,remote.session.git.1sy.top,discovered
session.git.1sy.top,img2.session.git.1sy.top,discovered
session.git.1sy.top,crm.session.git.1sy.top,discovered
session.git.1sy.top,kibana.session.git.1sy.top,discovered
session.git.1sy.top,kubernetes.session.git.1sy.top,discovered
session.git.1sy.top,game.session.git.1sy.top,discovered
session.git.1sy.top,faq.session.git.1sy.top,discovered
session.git.1sy.top,homepage.session.git.1sy.top,discovered
session.git.1sy.top,sites.session.git.1sy.top,discovered
session.git.1sy.top,gw.session.git.1sy.top,discovered
session.git.1sy.top,webapp.session.git.1sy.top,discovered
session.git.1sy.top,read.session.git.1sy.top,discovered
session.git.1sy.top,pgadmin.session.git.1sy.top,discovered
session.git.1sy.top,api-dev.session.git.1sy.top,discovered
session.git.1sy.top,uploads.session.git.1sy.top,discovered
session.git.1sy.top,mobi.session.git.1sy.top,discovered
session.git.1sy.top,docs.session.git.1sy.top,discovered
session.git.1sy.top,support.session.git.1sy.top,discovered
session.git.1sy.top,imap.session.git.1sy.top,discovered
session.git.1sy.top,svn.session.git.1sy.top,discovered
session.git.1sy.top,public.session.git.1sy.top,discovered
session.git.1sy.top,mini.session.git.1sy.top,discovered
session.git.1sy.top,administrator.session.git.1sy.top,discovered
session.git.1sy.top,comic.session.git.1sy.top,discovered
session.git.1sy.top,novel.session.git.1sy.top,discovered
session.git.1sy.top,assets.session.git.1sy.top,discovered
session.git.1sy.top,magazine.session.git.1sy.top,discovered
session.git.1sy.top,bucket.session.git.1sy.top,discovered
session.git.1sy.top,db.session.git.1sy.top,discovered
session.git.1sy.top,recruit.session.git.1sy.top,discovered
session.git.1sy.top,ns2.session.git.1sy.top,discovered
session.git.1sy.top,development.session.git.1sy.top,discovered
session.git.1sy.top,pub.session.git.1sy.top,discovered
session.git.1sy.top,login.session.git.1sy.top,discovered
session.git.1sy.top,jobs.session.git.1sy.top,discovered
session.git.1sy.top,beta.session.git.1sy.top,discovered
session.git.1sy.top,unionpay.session.git.1sy.top,discovered
session.git.1sy.top,rest.session.git.1sy.top,discovered
session.git.1sy.top,mysql.session.git.1sy.top,discovered
session.git.1sy.top,smtp.session.git.1sy.top,discovered
session.git.1sy.top,pay.session.git.1sy.top,discovered
session.git.1sy.top,webmail.session.git.1sy.top,discovered
session.git.1sy.top,static2.session.git.1sy.top,discovered
session.git.1sy.top,api2.session.git.1sy.top,discovered
session.git.1sy.top,cd.session.git.1sy.top,discovered
session.git.1sy.top,m.session.git.1sy.top,discovered
session.git.1sy.top,apis.session.git.1sy.top,discovered
session.git.1sy.top,upload.session.git.1sy.top,discovered
session.git.1sy.top,api.session.git.1sy.top,discovered
session.git.1sy.top,apps.session.git.1sy.top,discovered
session.git.1sy.top,ebook.session.git.1sy.top,discovered
session.git.1sy.top,token.session.git.1sy.top,discovered
session.git.1sy.top,static3.session.git.1sy.top,discovered
session.git.1sy.top,sale.session.git.1sy.top,discovered
session.git.1sy.top,phpadmin.session.git.1sy.top,discovered
session.git.1sy.top,products.session.git.1sy.top,discovered
session.git.1sy.top,bbs.session.git.1sy.top,discovered
session.git.1sy.top,cas.session.git.1sy.top,discovered
session.git.1sy.top,uat.session.git.1sy.top,discovered
session.git.1sy.top,cms.session.git.1sy.top,discovered
session.git.1sy.top,store.session.git.1sy.top,discovered
session.git.1sy.top,api-test.session.git.1sy.top,discovered
session.git.1sy.top,file.session.git.1sy.top,discovered
session.git.1sy.top,sftp.session.git.1sy.top,discovered
session.git.1sy.top,cart.session.git.1sy.top,discovered
session.git.1sy.top,wechat.session.git.1sy.top,discovered
session.git.1sy.top,websocket.session.git.1sy.top,discovered
session.git.1sy.top,sess.session.git.1sy.top,discovered
session.git.1sy.top,sso2.session.git.1sy.top,discovered
session.git.1sy.top,intranet.session.git.1sy.top,discovered
session.git.1sy.top,www.session.git.1sy.top,discovered
session.git.1sy.top,sse.session.git.1sy.top,discovered
session.git.1sy.top,order2.session.git.1sy.top,discovered
session.git.1sy.top,manager.session.git.1sy.top,discovered
session.git.1sy.top,docker.session.git.1sy.top,discovered
session.git.1sy.top,img.session.git.1sy.top,discovered
session.git.1sy.top,book.session.git.1sy.top,discovered
session.git.1sy.top,reports.session.git.1sy.top,discovered
session.git.1sy.top,grpc.session.git.1sy.top,discovered
session.git.1sy.top,backup.session.git.1sy.top,discovered
session.git.1sy.top,cos.session.git.1sy.top,discovered
session.git.1sy.top,vpn.session.git.1sy.top,discovered
session.git.1sy.top,prometheus.session.git.1sy.top,discovered
session.git.1sy.top,ssh.session.git.1sy.top,discovered
session.git.1sy.top,demo.session.git.1sy.top,discovered
session.git.1sy.top,redis.session.git.1sy.top,discovered
session.git.1sy.top,ci.session.git.1sy.top,discovered
session.git.1sy.top,static.session.git.1sy.top,discovered
session.git.1sy.top,radius.session.git.1sy.top,discovered
session.git.1sy.top,health.session.git.1sy.top,discovered
session.git.1sy.top,pop3.session.git.1sy.top,discovered
session.git.1sy.top,jenkins.session.git.1sy.top,discovered
session.git.1sy.top,story.session.git.1sy.top,discovered
session.git.1sy.top,notification.session.git.1sy.top,discovered
session.git.1sy.top,blog.session.git.1sy.top,discovered
session.git.1sy.top,gray.session.git.1sy.top,discovered
session.git.1sy.top,saml.session.git.1sy.top,discovered
session.git.1sy.top,hr.session.git.1sy.top,discovered
session.git.1sy.top,wss.session.git.1sy.top,discovered
session.git.1sy.top,job.session.git.1sy.top,discovered
session.git.1sy.top,about.session.git.1sy.top,discovered
session.git.1sy.top,documentation.session.git.1sy.top,discovered
session.git.1sy.top,export.session.git.1sy.top,discovered
session.git.1sy.top,news.session.git.1sy.top,discovered
session.git.1sy.top,product.session.git.1sy.top,discovered
session.git.1sy.top,testing.session.git.1sy.top,discovered
session.git.1sy.top,market.session.git.1sy.top,discovered
session.git.1sy.top,dev2.session.git.1sy.top,discovered
session.git.1sy.top,cdn2.session.git.1sy.top,discovered
session.git.1sy.top,video.session.git.1sy.top,discovered
session.git.1sy.top,erp.session.git.1sy.top,discovered
session.git.1sy.top,metrics.session.git.1sy.top,discovered
session.git.1sy.top,tv.session.git.1sy.top,discovered
session.git.1sy.top,monitor.session.git.1sy.top,discovered
session.git.1sy.top,services.session.git.1sy.top,discovered
session.git.1sy.top,newsletter.session.git.1sy.top,discovered
session.git.1sy.top,cdn.session.git.1sy.top,discovered
session.git.1sy.top,build.session.git.1sy.top,discovered
session.git.1sy.top,mobile.session.git.1sy.top,discovered
session.git.1sy.top,weixin.session.git.1sy.top,discovered
session.git.1sy.top,home.session.git.1sy.top,discovered
session.git.1sy.top,oss.session.git.1sy.top,discovered
session.git.1sy.top,git.session.git.1sy.top,discovered
session.git.1sy.top,article.session.git.1sy.top,discovered
session.git.1sy.top,tracking.session.git.1sy.top,discovered
session.git.1sy.top,notify.session.git.1sy.top,discovered
session.git.1sy.top,image.session.git.1sy.top,discovered
session.git.1sy.top,status.session.git.1sy.top,discovered
session.git.1sy.top,phpmyadmin.session.git.1sy.top,discovered
session.git.1sy.top,hrm.session.git.1sy.top,discovered
session.git.1sy.top,ns3.session.git.1sy.top,discovered
session.git.1sy.top,message.session.git.1sy.top,discovered
session.git.1sy.top,tmp.session.git.1sy.top,discovered
session.git.1sy.top,es.session.git.1sy.top,discovered
session.git.1sy.top,storage.session.git.1sy.top,discovered
session.git.1sy.top,push.session.git.1sy.top,discovered
session.git.1sy.top,games.session.git.1sy.top,discovered
session.git.1sy.top,ldap.session.git.1sy.top,discovered
session.git.1sy.top,api-internal.session.git.1sy.top,discovered
session.git.1sy.top,report.session.git.1sy.top,discovered
session.git.1sy.top,files.session.git.1sy.top,discovered
session.git.1sy.top,test2.session.git.1sy.top,discovered
session.git.1sy.top,main.session.git.1sy.top,discovered
session.git.1sy.top,oa.session.git.1sy.top,discovered
session.git.1sy.top,checkout.session.git.1sy.top,discovered
session.git.1sy.top,production.session.git.1sy.top,discovered
session.git.1sy.top,preview.session.git.1sy.top,discovered
session.git.1sy.top,api-gw.session.git.1sy.top,discovered
session.git.1sy.top,doc.session.git.1sy.top,discovered
session.git.1sy.top,mysqladmin.session.git.1sy.top,discovered
session.git.1sy.top,staging.session.git.1sy.top,discovered
session.git.1sy.top,api-prod.session.git.1sy.top,discovered
session.git.1sy.top,sms.session.git.1sy.top,discovered
session.git.1sy.top,radio.session.git.1sy.top,discovered
session.git.1sy.top,manage.session.git.1sy.top,discovered
session.git.1sy.top,mx.session.git.1sy.top,discovered
session.git.1sy.top,log.session.git.1sy.top,discovered
session.git.1sy.top,service.session.git.1sy.top,discovered
session.git.1sy.top,order.session.git.1sy.top,discovered
session.git.1sy.top,android.session.git.1sy.top,discovered
session.git.1sy.top,mail2.session.git.1sy.top,discovered
session.git.1sy.top,github.session.git.1sy.top,discovered
session.git.1sy.top,api-staging.session.git.1sy.top,discovered
session.git.1sy.top,pay2.session.git.1sy.top,discovered
session.git.1sy.top,ios.session.git.1sy.top,discovered
session.git.1sy.top,h5.session.git.1sy.top,discovered
session.git.1sy.top,test.session.git.1sy.top,discovered
session.git.1sy.top,elk.session.git.1sy.top,discovered
session.git.1sy.top,documents.session.git.1sy.top,discovered
session.git.1sy.top,images.session.git.1sy.top,discovered
session.git.1sy.top,logging.session.git.1sy.top,discovered
session.git.1sy.top,ftp.session.git.1sy.top,discovered
session.git.1sy.top,mx2.session.git.1sy.top,discovered
session.git.1sy.top,graphql.session.git.1sy.top,discovered
session.git.1sy.top,forum.session.git.1sy.top,discovered
session.git.1sy.top,library.session.git.1sy.top,discovered
session.git.1sy.top,cache.session.git.1sy.top,discovered
session.git.1sy.top,lb.session.git.1sy.top,discovered
session.git.1sy.top,stats.session.git.1sy.top,discovered
session.git.1sy.top,wap.session.git.1sy.top,discovered
session.git.1sy.top,ws.session.git.1sy.top,discovered
session.git.1sy.top,elastic.session.git.1sy.top,discovered
session.git.1sy.top,dns.session.git.1sy.top,discovered
session.git.1sy.top,chat.session.git.1sy.top,discovered
session.git.1sy.top,img3.session.git.1sy.top,discovered
session.git.1sy.top,open.session.git.1sy.top,discovered
session.git.1sy.top,analytics.session.git.1sy.top,discovered
session.git.1sy.top,wiki.session.git.1sy.top,discovered
session.git.1sy.top,webview.session.git.1sy.top,discovered
session.git.1sy.top,mailchimp.session.git.1sy.top,discovered
session.git.1sy.top,staging2.session.git.1sy.top,discovered
session.git.1sy.top,sso.session.git.1sy.top,discovered
session.git.1sy.top,cached.session.git.1sy.top,discovered
session.git.1sy.top,stage.session.git.1sy.top,discovered
session.git.1sy.top,prod.session.git.1sy.top,discovered
session.git.1sy.top,oauth.session.git.1sy.top,discovered
session.git.1sy.top,books.session.git.1sy.top,discovered
session.git.1sy.top,live.session.git.1sy.top,discovered
session.git.1sy.top,reader.session.git.1sy.top,discovered
session.git.1sy.top,contact.session.git.1sy.top,discovered
session.git.1sy.top,proxy.session.git.1sy.top,discovered
session.git.1sy.top,app.session.git.1sy.top,discovered
session.git.1sy.top,download.session.git.1sy.top,discovered
session.git.1sy.top,mail.session.git.1sy.top,discovered
session.git.1sy.top,preprod.session.git.1sy.top,discovered
session.git.1sy.top,mx1.session.git.1sy.top,discovered
session.git.1sy.top,api-gateway.session.git.1sy.top,discovered
session.git.1sy.top,nlb.session.git.1sy.top,discovered
session.git.1sy.top,zabbix.session.git.1sy.top,discovered
session.git.1sy.top,security.session.git.1sy.top,discovered
session.git.1sy.top,logs.session.git.1sy.top,discovered
session.git.1sy.top,cdn3.session.git.1sy.top,discovered
session.git.1sy.top,socket.session.git.1sy.top,discovered
session.git.1sy.top,im.session.git.1sy.top,discovered
session.git.1sy.top,mail1.session.git.1sy.top,discovered
session.git.1sy.top,data.session.git.1sy.top,discovered
session.git.1sy.top,ns1.session.git.1sy.top,discovered
session.git.1sy.top,auth2.session.git.1sy.top,discovered
session.git.1sy.top,help.session.git.1sy.top,discovered
session.git.1sy.top,site.session.git.1sy.top,discovered
session.git.1sy.top,database.session.git.1sy.top,discovered
session.git.1sy.top,internal.session.git.1sy.top,discovered
session.git.1sy.top,registry.session.git.1sy.top,discovered
session.git.1sy.top,canary.session.git.1sy.top,discovered
session.git.1sy.top,admin.session.git.1sy.top,discovered
session.git.1sy.top,grafana.session.git.1sy.top,discovered
session.git.1sy.top,keycloak.session.git.1sy.top,discovered
session.git.1sy.top,portal.session.git.1sy.top,discovered
session.git.1sy.top,sandbox.session.git.1sy.top,discovered
session.git.1sy.top,monitoring.session.git.1sy.top,discovered
session.git.1sy.top,gateway.session.git.1sy.top,discovered
session.git.1sy.top,temp.session.git.1sy.top,discovered
session.git.1sy.top,buy.session.git.1sy.top,discovered
session.git.1sy.top,paper.session.git.1sy.top,discovered
session.git.1sy.top,web.session.git.1sy.top,discovered
session.git.1sy.top,mall.session.git.1sy.top,discovered
session.git.1sy.top,52.68.214.152,discovered
message.git.1sy.top,intranet.message.git.1sy.top,discovered
message.git.1sy.top,mail2.message.git.1sy.top,discovered
message.git.1sy.top,book.message.git.1sy.top,discovered
message.git.1sy.top,webapp.message.git.1sy.top,discovered
message.git.1sy.top,bbs.message.git.1sy.top,discovered
message.git.1sy.top,api-gw.message.git.1sy.top,discovered
message.git.1sy.top,career.message.git.1sy.top,discovered
message.git.1sy.top,public.message.git.1sy.top,discovered
message.git.1sy.top,index.message.git.1sy.top,discovered
message.git.1sy.top,sse.message.git.1sy.top,discovered
message.git.1sy.top,comic.message.git.1sy.top,discovered
message.git.1sy.top,logging.message.git.1sy.top,discovered
message.git.1sy.top,preprod.message.git.1sy.top,discovered
message.git.1sy.top,ssh.message.git.1sy.top,discovered
message.git.1sy.top,file.message.git.1sy.top,discovered
message.git.1sy.top,community.message.git.1sy.top,discovered
message.git.1sy.top,www.message.git.1sy.top,discovered
message.git.1sy.top,magazine.message.git.1sy.top,discovered
message.git.1sy.top,reader.message.git.1sy.top,discovered
message.git.1sy.top,cached.message.git.1sy.top,discovered
message.git.1sy.top,open.message.git.1sy.top,discovered
message.git.1sy.top,library.message.git.1sy.top,discovered
message.git.1sy.top,product.message.git.1sy.top,discovered
message.git.1sy.top,internal.message.git.1sy.top,discovered
message.git.1sy.top,office.message.git.1sy.top,discovered
message.git.1sy.top,jenkins.message.git.1sy.top,discovered
message.git.1sy.top,assets.message.git.1sy.top,discovered
message.git.1sy.top,cd.message.git.1sy.top,discovered
message.git.1sy.top,ci.message.git.1sy.top,discovered
message.git.1sy.top,preview.message.git.1sy.top,discovered
message.git.1sy.top,registry.message.git.1sy.top,discovered
message.git.1sy.top,h5.message.git.1sy.top,discovered
message.git.1sy.top,grafana.message.git.1sy.top,discovered
message.git.1sy.top,reports.message.git.1sy.top,discovered
message.git.1sy.top,graphql.message.git.1sy.top,discovered
message.git.1sy.top,pop3.message.git.1sy.top,discovered
message.git.1sy.top,stats.message.git.1sy.top,discovered
message.git.1sy.top,data.message.git.1sy.top,discovered
message.git.1sy.top,log.message.git.1sy.top,discovered
message.git.1sy.top,tracking.message.git.1sy.top,discovered
message.git.1sy.top,vpn.message.git.1sy.top,discovered
message.git.1sy.top,ebook.message.git.1sy.top,discovered
message.git.1sy.top,mobi.message.git.1sy.top,discovered
message.git.1sy.top,support.message.git.1sy.top,discovered
message.git.1sy.top,production.message.git.1sy.top,discovered
message.git.1sy.top,db.message.git.1sy.top,discovered
message.git.1sy.top,download.message.git.1sy.top,discovered
message.git.1sy.top,chat.message.git.1sy.top,discovered
message.git.1sy.top,mailchimp.message.git.1sy.top,discovered
message.git.1sy.top,sess.message.git.1sy.top,discovered
message.git.1sy.top,wap.message.git.1sy.top,discovered
message.git.1sy.top,bak.message.git.1sy.top,discovered
message.git.1sy.top,wechat.message.git.1sy.top,discovered
message.git.1sy.top,openapi.message.git.1sy.top,discovered
message.git.1sy.top,unionpay.message.git.1sy.top,discovered
message.git.1sy.top,logs.message.git.1sy.top,discovered
message.git.1sy.top,ns2.message.git.1sy.top,discovered
message.git.1sy.top,story.message.git.1sy.top,discovered
message.git.1sy.top,read.message.git.1sy.top,discovered
message.git.1sy.top,gitlab.message.git.1sy.top,discovered
message.git.1sy.top,mail1.message.git.1sy.top,discovered
message.git.1sy.top,docker.message.git.1sy.top,discovered
message.git.1sy.top,crm.message.git.1sy.top,discovered
message.git.1sy.top,ldap.message.git.1sy.top,discovered
message.git.1sy.top,main.message.git.1sy.top,discovered
message.git.1sy.top,lb.message.git.1sy.top,discovered
message.git.1sy.top,order.message.git.1sy.top,discovered
message.git.1sy.top,recruit.message.git.1sy.top,discovered
message.git.1sy.top,static2.message.git.1sy.top,discovered
message.git.1sy.top,buy.message.git.1sy.top,discovered
message.git.1sy.top,api-test.message.git.1sy.top,discovered
message.git.1sy.top,grpc.message.git.1sy.top,discovered
message.git.1sy.top,documents.message.git.1sy.top,discovered
message.git.1sy.top,payment.message.git.1sy.top,discovered
message.git.1sy.top,zabbix.message.git.1sy.top,discovered
message.git.1sy.top,backup.message.git.1sy.top,discovered
message.git.1sy.top,websocket.message.git.1sy.top,discovered
message.git.1sy.top,canary.message.git.1sy.top,discovered
message.git.1sy.top,dev.message.git.1sy.top,discovered
message.git.1sy.top,docs.message.git.1sy.top,discovered
message.git.1sy.top,video.message.git.1sy.top,discovered
message.git.1sy.top,session.message.git.1sy.top,discovered
message.git.1sy.top,service.message.git.1sy.top,discovered
message.git.1sy.top,wap2.message.git.1sy.top,discovered
message.git.1sy.top,games.message.git.1sy.top,discovered
message.git.1sy.top,manage.message.git.1sy.top,discovered
message.git.1sy.top,keycloak.message.git.1sy.top,discovered
message.git.1sy.top,mysqladmin.message.git.1sy.top,discovered
message.git.1sy.top,job.message.git.1sy.top,discovered
message.git.1sy.top,novel.message.git.1sy.top,discovered
message.git.1sy.top,mini.message.git.1sy.top,discovered
message.git.1sy.top,products.message.git.1sy.top,discovered
message.git.1sy.top,faq.message.git.1sy.top,discovered
message.git.1sy.top,staging.message.git.1sy.top,discovered
message.git.1sy.top,api-prod.message.git.1sy.top,discovered
message.git.1sy.top,documentation.message.git.1sy.top,discovered
message.git.1sy.top,wiki.message.git.1sy.top,discovered
message.git.1sy.top,elastic.message.git.1sy.top,discovered
message.git.1sy.top,socket.message.git.1sy.top,discovered
message.git.1sy.top,help.message.git.1sy.top,discovered
message.git.1sy.top,pgadmin.message.git.1sy.top,discovered
message.git.1sy.top,sso2.message.git.1sy.top,discovered
message.git.1sy.top,ns1.message.git.1sy.top,discovered
message.git.1sy.top,tv.message.git.1sy.top,discovered
message.git.1sy.top,pub.message.git.1sy.top,discovered
message.git.1sy.top,ns3.message.git.1sy.top,discovered
message.git.1sy.top,oss.message.git.1sy.top,discovered
message.git.1sy.top,gateway.message.git.1sy.top,discovered
message.git.1sy.top,checkout.message.git.1sy.top,discovered
message.git.1sy.top,pay.message.git.1sy.top,discovered
message.git.1sy.top,game.message.git.1sy.top,discovered
message.git.1sy.top,mobile.message.git.1sy.top,discovered
message.git.1sy.top,uploads.message.git.1sy.top,discovered
message.git.1sy.top,erp.message.git.1sy.top,discovered
message.git.1sy.top,api-gateway.message.git.1sy.top,discovered
message.git.1sy.top,doc.message.git.1sy.top,discovered
message.git.1sy.top,es.message.git.1sy.top,discovered
message.git.1sy.top,contact.message.git.1sy.top,discovered
message.git.1sy.top,sftp.message.git.1sy.top,discovered
message.git.1sy.top,apps.message.git.1sy.top,discovered
message.git.1sy.top,metrics.message.git.1sy.top,discovered
message.git.1sy.top,sms.message.git.1sy.top,discovered
message.git.1sy.top,paper.message.git.1sy.top,discovered
message.git.1sy.top,apis.message.git.1sy.top,discovered
message.git.1sy.top,ftp.message.git.1sy.top,discovered
message.git.1sy.top,auth.message.git.1sy.top,discovered
message.git.1sy.top,sale.message.git.1sy.top,discovered
message.git.1sy.top,bucket.message.git.1sy.top,discovered
message.git.1sy.top,imap.message.git.1sy.top,discovered
message.git.1sy.top,ws.message.git.1sy.top,discovered
message.git.1sy.top,cdn2.message.git.1sy.top,discovered
message.git.1sy.top,api2.message.git.1sy.top,discovered
message.git.1sy.top,webview.message.git.1sy.top,discovered
message.git.1sy.top,svn.message.git.1sy.top,discovered
message.git.1sy.top,img2.message.git.1sy.top,discovered
message.git.1sy.top,music.message.git.1sy.top,discovered
message.git.1sy.top,article.message.git.1sy.top,discovered
message.git.1sy.top,auth2.message.git.1sy.top,discovered
message.git.1sy.top,wx.message.git.1sy.top,discovered
message.git.1sy.top,message.message.git.1sy.top,discovered
message.git.1sy.top,prod.message.git.1sy.top,discovered
message.git.1sy.top,rest.message.git.1sy.top,discovered
message.git.1sy.top,images.message.git.1sy.top,discovered
message.git.1sy.top,static3.message.git.1sy.top,discovered
message.git.1sy.top,nlb.message.git.1sy.top,discovered
message.git.1sy.top,store.message.git.1sy.top,discovered
message.git.1sy.top,gw.message.git.1sy.top,discovered
message.git.1sy.top,oauth.message.git.1sy.top,discovered
message.git.1sy.top,live.message.git.1sy.top,discovered
message.git.1sy.top,jobs.message.git.1sy.top,discovered
message.git.1sy.top,test2.message.git.1sy.top,discovered
message.git.1sy.top,api-staging.message.git.1sy.top,discovered
message.git.1sy.top,img.message.git.1sy.top,discovered
message.git.1sy.top,qa.message.git.1sy.top,discovered
message.git.1sy.top,analytics.message.git.1sy.top,discovered
message.git.1sy.top,careers.message.git.1sy.top,discovered
message.git.1sy.top,smtp.message.git.1sy.top,discovered
message.git.1sy.top,prometheus.message.git.1sy.top,discovered
message.git.1sy.top,kibana.message.git.1sy.top,discovered
message.git.1sy.top,cache.message.git.1sy.top,discovered
message.git.1sy.top,pre.message.git.1sy.top,discovered
message.git.1sy.top,stage.message.git.1sy.top,discovered
message.git.1sy.top,beta.message.git.1sy.top,discovered
message.git.1sy.top,news.message.git.1sy.top,discovered
message.git.1sy.top,git.message.git.1sy.top,discovered
message.git.1sy.top,dns.message.git.1sy.top,discovered
message.git.1sy.top,redis.message.git.1sy.top,discovered
message.git.1sy.top,wechat2.message.git.1sy.top,discovered
message.git.1sy.top,upload.message.git.1sy.top,discovered
message.git.1sy.top,kubernetes.message.git.1sy.top,discovered
message.git.1sy.top,notification.message.git.1sy.top,discovered
message.git.1sy.top,login.message.git.1sy.top,discovered
message.git.1sy.top,test.message.git.1sy.top,discovered
message.git.1sy.top,manager.message.git.1sy.top,discovered
message.git.1sy.top,testing.message.git.1sy.top,discovered
message.git.1sy.top,m.message.git.1sy.top,discovered
message.git.1sy.top,files.message.git.1sy.top,discovered
message.git.1sy.top,cart.message.git.1sy.top,discovered
message.git.1sy.top,export.message.git.1sy.top,discovered
message.git.1sy.top,temp.message.git.1sy.top,discovered
message.git.1sy.top,uat.message.git.1sy.top,discovered
message.git.1sy.top,mx1.message.git.1sy.top,discovered
message.git.1sy.top,security.message.git.1sy.top,discovered
message.git.1sy.top,media.message.git.1sy.top,discovered
message.git.1sy.top,push.message.git.1sy.top,discovered
message.git.1sy.top,forum.message.git.1sy.top,discovered
message.git.1sy.top,mall.message.git.1sy.top,discovered
message.git.1sy.top,blog.message.git.1sy.top,discovered
message.git.1sy.top,console.message.git.1sy.top,discovered
message.git.1sy.top,staging2.message.git.1sy.top,discovered
message.git.1sy.top,proxy.message.git.1sy.top,discovered
message.git.1sy.top,weixin.message.git.1sy.top,discovered
message.git.1sy.top,radius.message.git.1sy.top,discovered
message.git.1sy.top,api.message.git.1sy.top,discovered
message.git.1sy.top,app.message.git.1sy.top,discovered
message.git.1sy.top,pay2.message.git.1sy.top,discovered
message.git.1sy.top,image.message.git.1sy.top,discovered
message.git.1sy.top,mx2.message.git.1sy.top,discovered
message.git.1sy.top,about.message.git.1sy.top,discovered
message.git.1sy.top,home.message.git.1sy.top,discovered
message.git.1sy.top,im.message.git.1sy.top,discovered
message.git.1sy.top,api-dev.message.git.1sy.top,discovered
message.git.1sy.top,phpadmin.message.git.1sy.top,discovered
message.git.1sy.top,hr.message.git.1sy.top,discovered
message.git.1sy.top,admin.message.git.1sy.top,discovered
message.git.1sy.top,books.message.git.1sy.top,discovered
message.git.1sy.top,newsletter.message.git.1sy.top,discovered
message.git.1sy.top,static.message.git.1sy.top,discovered
message.git.1sy.top,administrator.message.git.1sy.top,discovered
message.git.1sy.top,hrm.message.git.1sy.top,discovered
message.git.1sy.top,sso.message.git.1sy.top,discovered
message.git.1sy.top,homepage.message.git.1sy.top,discovered
message.git.1sy.top,phpmyadmin.message.git.1sy.top,discovered
message.git.1sy.top,github.message.git.1sy.top,discovered
message.git.1sy.top,android.message.git.1sy.top,discovered
message.git.1sy.top,cos.message.git.1sy.top,discovered
message.git.1sy.top,order2.message.git.1sy.top,discovered
message.git.1sy.top,report.message.git.1sy.top,discovered
message.git.1sy.top,webmail.message.git.1sy.top,discovered
message.git.1sy.top,img3.message.git.1sy.top,discovered
message.git.1sy.top,tmp.message.git.1sy.top,discovered
message.git.1sy.top,mysql.message.git.1sy.top,discovered
message.git.1sy.top,notify.message.git.1sy.top,discovered
message.git.1sy.top,monitor.message.git.1sy.top,discovered
message.git.1sy.top,demo.message.git.1sy.top,discovered
message.git.1sy.top,remote.message.git.1sy.top,discovered
message.git.1sy.top,dev2.message.git.1sy.top,discovered
message.git.1sy.top,cdn3.message.git.1sy.top,discovered
message.git.1sy.top,cms.message.git.1sy.top,discovered
message.git.1sy.top,token.message.git.1sy.top,discovered
message.git.1sy.top,storage.message.git.1sy.top,discovered
message.git.1sy.top,site.message.git.1sy.top,discovered
message.git.1sy.top,alipay.message.git.1sy.top,discovered
message.git.1sy.top,sites.message.git.1sy.top,discovered
message.git.1sy.top,sandbox.message.git.1sy.top,discovered
message.git.1sy.top,miniapp.message.git.1sy.top,discovered
message.git.1sy.top,radio.message.git.1sy.top,discovered
message.git.1sy.top,cdn.message.git.1sy.top,discovered
message.git.1sy.top,mail.message.git.1sy.top,discovered
message.git.1sy.top,build.message.git.1sy.top,discovered
message.git.1sy.top,oa.message.git.1sy.top,discovered
message.git.1sy.top,shop.message.git.1sy.top,discovered
message.git.1sy.top,web.message.git.1sy.top,discovered
message.git.1sy.top,gray.message.git.1sy.top,discovered
message.git.1sy.top,development.message.git.1sy.top,discovered
message.git.1sy.top,saml.message.git.1sy.top,discovered
message.git.1sy.top,m2.message.git.1sy.top,discovered
message.git.1sy.top,services.message.git.1sy.top,discovered
message.git.1sy.top,cas.message.git.1sy.top,discovered
message.git.1sy.top,pop.message.git.1sy.top,discovered
message.git.1sy.top,monitoring.message.git.1sy.top,discovered
message.git.1sy.top,market.message.git.1sy.top,discovered
message.git.1sy.top,mx.message.git.1sy.top,discovered
message.git.1sy.top,ios.message.git.1sy.top,discovered
message.git.1sy.top,database.message.git.1sy.top,discovered
message.git.1sy.top,portal.message.git.1sy.top,discovered
message.git.1sy.top,k8s.message.git.1sy.top,discovered
message.git.1sy.top,api-internal.message.git.1sy.top,discovered
message.git.1sy.top,status.message.git.1sy.top,discovered
message.git.1sy.top,elk.message.git.1sy.top,discovered
message.git.1sy.top,wss.message.git.1sy.top,discovered
message.git.1sy.top,52.192.166.22,discovered
portal.git.1sy.top,sso.portal.git.1sy.top,discovered
portal.git.1sy.top,mailchimp.portal.git.1sy.top,discovered
portal.git.1sy.top,live.portal.git.1sy.top,discovered
portal.git.1sy.top,img.portal.git.1sy.top,discovered
portal.git.1sy.top,wechat2.portal.git.1sy.top,discovered
portal.git.1sy.top,gray.portal.git.1sy.top,discovered
portal.git.1sy.top,mail.portal.git.1sy.top,discovered
portal.git.1sy.top,api-staging.portal.git.1sy.top,discovered
portal.git.1sy.top,products.portal.git.1sy.top,discovered
portal.git.1sy.top,apis.portal.git.1sy.top,discovered
portal.git.1sy.top,wss.portal.git.1sy.top,discovered
portal.git.1sy.top,sso2.portal.git.1sy.top,discovered
portal.git.1sy.top,jobs.portal.git.1sy.top,discovered
portal.git.1sy.top,image.portal.git.1sy.top,discovered
portal.git.1sy.top,mail1.portal.git.1sy.top,discovered
portal.git.1sy.top,build.portal.git.1sy.top,discovered
portal.git.1sy.top,notify.portal.git.1sy.top,discovered
portal.git.1sy.top,buy.portal.git.1sy.top,discovered
portal.git.1sy.top,qa.portal.git.1sy.top,discovered
portal.git.1sy.top,assets.portal.git.1sy.top,discovered
portal.git.1sy.top,beta.portal.git.1sy.top,discovered
portal.git.1sy.top,cart.portal.git.1sy.top,discovered
portal.git.1sy.top,oa.portal.git.1sy.top,discovered
portal.git.1sy.top,index.portal.git.1sy.top,discovered
portal.git.1sy.top,test.portal.git.1sy.top,discovered
portal.git.1sy.top,book.portal.git.1sy.top,discovered
portal.git.1sy.top,support.portal.git.1sy.top,discovered
portal.git.1sy.top,sms.portal.git.1sy.top,discovered
portal.git.1sy.top,music.portal.git.1sy.top,discovered
portal.git.1sy.top,crm.portal.git.1sy.top,discovered
portal.git.1sy.top,unionpay.portal.git.1sy.top,discovered
portal.git.1sy.top,webapp.portal.git.1sy.top,discovered
portal.git.1sy.top,session.portal.git.1sy.top,discovered
portal.git.1sy.top,open.portal.git.1sy.top,discovered
portal.git.1sy.top,download.portal.git.1sy.top,discovered
portal.git.1sy.top,monitor.portal.git.1sy.top,discovered
portal.git.1sy.top,staging2.portal.git.1sy.top,discovered
portal.git.1sy.top,api-gateway.portal.git.1sy.top,discovered
portal.git.1sy.top,upload.portal.git.1sy.top,discovered
portal.git.1sy.top,mx1.portal.git.1sy.top,discovered
portal.git.1sy.top,gateway.portal.git.1sy.top,discovered
portal.git.1sy.top,websocket.portal.git.1sy.top,discovered
portal.git.1sy.top,auth2.portal.git.1sy.top,discovered
portal.git.1sy.top,staging.portal.git.1sy.top,discovered
portal.git.1sy.top,elk.portal.git.1sy.top,discovered
portal.git.1sy.top,paper.portal.git.1sy.top,discovered
portal.git.1sy.top,site.portal.git.1sy.top,discovered
portal.git.1sy.top,sess.portal.git.1sy.top,discovered
portal.git.1sy.top,sftp.portal.git.1sy.top,discovered
portal.git.1sy.top,file.portal.git.1sy.top,discovered
portal.git.1sy.top,proxy.portal.git.1sy.top,discovered
portal.git.1sy.top,files.portal.git.1sy.top,discovered
portal.git.1sy.top,hr.portal.git.1sy.top,discovered
portal.git.1sy.top,log.portal.git.1sy.top,discovered
portal.git.1sy.top,graphql.portal.git.1sy.top,discovered
portal.git.1sy.top,gw.portal.git.1sy.top,discovered
portal.git.1sy.top,ci.portal.git.1sy.top,discovered
portal.git.1sy.top,temp.portal.git.1sy.top,discovered
portal.git.1sy.top,prod.portal.git.1sy.top,discovered
portal.git.1sy.top,testing.portal.git.1sy.top,discovered
portal.git.1sy.top,ios.portal.git.1sy.top,discovered
portal.git.1sy.top,library.portal.git.1sy.top,discovered
portal.git.1sy.top,contact.portal.git.1sy.top,discovered
portal.git.1sy.top,img3.portal.git.1sy.top,discovered
portal.git.1sy.top,newsletter.portal.git.1sy.top,discovered
portal.git.1sy.top,blog.portal.git.1sy.top,discovered
portal.git.1sy.top,prometheus.portal.git.1sy.top,discovered
portal.git.1sy.top,career.portal.git.1sy.top,discovered
portal.git.1sy.top,ns2.portal.git.1sy.top,discovered
portal.git.1sy.top,dns.portal.git.1sy.top,discovered
portal.git.1sy.top,radius.portal.git.1sy.top,discovered
portal.git.1sy.top,help.portal.git.1sy.top,discovered
portal.git.1sy.top,smtp.portal.git.1sy.top,discovered
portal.git.1sy.top,ftp.portal.git.1sy.top,discovered
portal.git.1sy.top,mobi.portal.git.1sy.top,discovered
portal.git.1sy.top,auth.portal.git.1sy.top,discovered
portal.git.1sy.top,homepage.portal.git.1sy.top,discovered
portal.git.1sy.top,m2.portal.git.1sy.top,discovered
portal.git.1sy.top,office.portal.git.1sy.top,discovered
portal.git.1sy.top,console.portal.git.1sy.top,discovered
portal.git.1sy.top,main.portal.git.1sy.top,discovered
portal.git.1sy.top,notification.portal.git.1sy.top,discovered
portal.git.1sy.top,cached.portal.git.1sy.top,discovered
portal.git.1sy.top,magazine.portal.git.1sy.top,discovered
portal.git.1sy.top,saml.portal.git.1sy.top,discovered
portal.git.1sy.top,message.portal.git.1sy.top,discovered
portal.git.1sy.top,health.portal.git.1sy.top,discovered
portal.git.1sy.top,erp.portal.git.1sy.top,discovered
portal.git.1sy.top,imap.portal.git.1sy.top,discovered
portal.git.1sy.top,database.portal.git.1sy.top,discovered
portal.git.1sy.top,pop3.portal.git.1sy.top,discovered
portal.git.1sy.top,k8s.portal.git.1sy.top,discovered
portal.git.1sy.top,mysqladmin.portal.git.1sy.top,discovered
portal.git.1sy.top,news.portal.git.1sy.top,discovered
portal.git.1sy.top,logs.portal.git.1sy.top,discovered
portal.git.1sy.top,wiki.portal.git.1sy.top,discovered
portal.git.1sy.top,tracking.portal.git.1sy.top,discovered
portal.git.1sy.top,demo.portal.git.1sy.top,discovered
portal.git.1sy.top,mysql.portal.git.1sy.top,discovered
portal.git.1sy.top,comic.portal.git.1sy.top,discovered
portal.git.1sy.top,bucket.portal.git.1sy.top,discovered
portal.git.1sy.top,cdn2.portal.git.1sy.top,discovered
portal.git.1sy.top,apps.portal.git.1sy.top,discovered
portal.git.1sy.top,cos.portal.git.1sy.top,discovered
portal.git.1sy.top,static2.portal.git.1sy.top,discovered
portal.git.1sy.top,static3.portal.git.1sy.top,discovered
portal.git.1sy.top,metrics.portal.git.1sy.top,discovered
portal.git.1sy.top,uploads.portal.git.1sy.top,discovered
portal.git.1sy.top,svn.portal.git.1sy.top,discovered
portal.git.1sy.top,recruit.portal.git.1sy.top,discovered
portal.git.1sy.top,sites.portal.git.1sy.top,discovered
portal.git.1sy.top,login.portal.git.1sy.top,discovered
portal.git.1sy.top,ns1.portal.git.1sy.top,discovered
portal.git.1sy.top,monitoring.portal.git.1sy.top,discovered
portal.git.1sy.top,security.portal.git.1sy.top,discovered
portal.git.1sy.top,public.portal.git.1sy.top,discovered
portal.git.1sy.top,mini.portal.git.1sy.top,discovered
portal.git.1sy.top,cd.portal.git.1sy.top,discovered
portal.git.1sy.top,weixin.portal.git.1sy.top,discovered
portal.git.1sy.top,order.portal.git.1sy.top,discovered
portal.git.1sy.top,static.portal.git.1sy.top,discovered
portal.git.1sy.top,ldap.portal.git.1sy.top,discovered
portal.git.1sy.top,socket.portal.git.1sy.top,discovered
portal.git.1sy.top,cdn3.portal.git.1sy.top,discovered
portal.git.1sy.top,payment.portal.git.1sy.top,discovered
portal.git.1sy.top,canary.portal.git.1sy.top,discovered
portal.git.1sy.top,lb.portal.git.1sy.top,discovered
portal.git.1sy.top,game.portal.git.1sy.top,discovered
portal.git.1sy.top,logging.portal.git.1sy.top,discovered
portal.git.1sy.top,zabbix.portal.git.1sy.top,discovered
portal.git.1sy.top,m.portal.git.1sy.top,discovered
portal.git.1sy.top,dev.portal.git.1sy.top,discovered
portal.git.1sy.top,im.portal.git.1sy.top,discovered
portal.git.1sy.top,db.portal.git.1sy.top,discovered
portal.git.1sy.top,hrm.portal.git.1sy.top,discovered
portal.git.1sy.top,story.portal.git.1sy.top,discovered
portal.git.1sy.top,preprod.portal.git.1sy.top,discovered
portal.git.1sy.top,stats.portal.git.1sy.top,discovered
portal.git.1sy.top,alipay.portal.git.1sy.top,discovered
portal.git.1sy.top,documentation.portal.git.1sy.top,discovered
portal.git.1sy.top,docs.portal.git.1sy.top,discovered
portal.git.1sy.top,mx2.portal.git.1sy.top,discovered
portal.git.1sy.top,wap2.portal.git.1sy.top,discovered
portal.git.1sy.top,novel.portal.git.1sy.top,discovered
portal.git.1sy.top,development.portal.git.1sy.top,discovered
portal.git.1sy.top,wap.portal.git.1sy.top,discovered
portal.git.1sy.top,openapi.portal.git.1sy.top,discovered
portal.git.1sy.top,manager.portal.git.1sy.top,discovered
portal.git.1sy.top,status.portal.git.1sy.top,discovered
portal.git.1sy.top,market.portal.git.1sy.top,discovered
portal.git.1sy.top,token.portal.git.1sy.top,discovered
portal.git.1sy.top,cache.portal.git.1sy.top,discovered
portal.git.1sy.top,doc.portal.git.1sy.top,discovered
portal.git.1sy.top,gitlab.portal.git.1sy.top,discovered
portal.git.1sy.top,export.portal.git.1sy.top,discovered
portal.git.1sy.top,bak.portal.git.1sy.top,discovered
portal.git.1sy.top,grafana.portal.git.1sy.top,discovered
portal.git.1sy.top,phpadmin.portal.git.1sy.top,discovered
portal.git.1sy.top,analytics.portal.git.1sy.top,discovered
portal.git.1sy.top,elastic.portal.git.1sy.top,discovered
portal.git.1sy.top,web.portal.git.1sy.top,discovered
portal.git.1sy.top,backup.portal.git.1sy.top,discovered
portal.git.1sy.top,pay.portal.git.1sy.top,discovered
portal.git.1sy.top,storage.portal.git.1sy.top,discovered
portal.git.1sy.top,service.portal.git.1sy.top,discovered
portal.git.1sy.top,git.portal.git.1sy.top,discovered
portal.git.1sy.top,webmail.portal.git.1sy.top,discovered
portal.git.1sy.top,reports.portal.git.1sy.top,discovered
portal.git.1sy.top,product.portal.git.1sy.top,discovered
portal.git.1sy.top,grpc.portal.git.1sy.top,discovered
portal.git.1sy.top,api-prod.portal.git.1sy.top,discovered
portal.git.1sy.top,tv.portal.git.1sy.top,discovered
portal.git.1sy.top,oss.portal.git.1sy.top,discovered
portal.git.1sy.top,jenkins.portal.git.1sy.top,discovered
portal.git.1sy.top,cas.portal.git.1sy.top,discovered
portal.git.1sy.top,forum.portal.git.1sy.top,discovered
portal.git.1sy.top,keycloak.portal.git.1sy.top,discovered
portal.git.1sy.top,mall.portal.git.1sy.top,discovered
portal.git.1sy.top,sale.portal.git.1sy.top,discovered
portal.git.1sy.top,data.portal.git.1sy.top,discovered
portal.git.1sy.top,report.portal.git.1sy.top,discovered
portal.git.1sy.top,docker.portal.git.1sy.top,discovered
portal.git.1sy.top,ebook.portal.git.1sy.top,discovered
portal.git.1sy.top,admin.portal.git.1sy.top,discovered
portal.git.1sy.top,api.portal.git.1sy.top,discovered
portal.git.1sy.top,api-test.portal.git.1sy.top,discovered
portal.git.1sy.top,redis.portal.git.1sy.top,discovered
portal.git.1sy.top,job.portal.git.1sy.top,discovered
portal.git.1sy.top,h5.portal.git.1sy.top,discovered
portal.git.1sy.top,administrator.portal.git.1sy.top,discovered
portal.git.1sy.top,mobile.portal.git.1sy.top,discovered
portal.git.1sy.top,webview.portal.git.1sy.top,discovered
portal.git.1sy.top,about.portal.git.1sy.top,discovered
portal.git.1sy.top,portal.portal.git.1sy.top,discovered
portal.git.1sy.top,pre.portal.git.1sy.top,discovered
portal.git.1sy.top,shop.portal.git.1sy.top,discovered
portal.git.1sy.top,mx.portal.git.1sy.top,discovered
portal.git.1sy.top,push.portal.git.1sy.top,discovered
portal.git.1sy.top,android.portal.git.1sy.top,discovered
portal.git.1sy.top,services.portal.git.1sy.top,discovered
portal.git.1sy.top,vpn.portal.git.1sy.top,discovered
portal.git.1sy.top,api2.portal.git.1sy.top,discovered
portal.git.1sy.top,pgadmin.portal.git.1sy.top,discovered
portal.git.1sy.top,sandbox.portal.git.1sy.top,discovered
portal.git.1sy.top,manage.portal.git.1sy.top,discovered
portal.git.1sy.top,reader.portal.git.1sy.top,discovered
portal.git.1sy.top,bbs.portal.git.1sy.top,discovered
portal.git.1sy.top,ws.portal.git.1sy.top,discovered
portal.git.1sy.top,media.portal.git.1sy.top,discovered
portal.git.1sy.top,api-dev.portal.git.1sy.top,discovered
portal.git.1sy.top,chat.portal.git.1sy.top,discovered
portal.git.1sy.top,oauth.portal.git.1sy.top,discovered
portal.git.1sy.top,img2.portal.git.1sy.top,discovered
portal.git.1sy.top,documents.portal.git.1sy.top,discovered
portal.git.1sy.top,pub.portal.git.1sy.top,discovered
portal.git.1sy.top,phpmyadmin.portal.git.1sy.top,discovered
portal.git.1sy.top,store.portal.git.1sy.top,discovered
portal.git.1sy.top,mail2.portal.git.1sy.top,discovered
portal.git.1sy.top,kibana.portal.git.1sy.top,discovered
portal.git.1sy.top,registry.portal.git.1sy.top,discovered
portal.git.1sy.top,article.portal.git.1sy.top,discovered
portal.git.1sy.top,order2.portal.git.1sy.top,discovered
portal.git.1sy.top,nlb.portal.git.1sy.top,discovered
portal.git.1sy.top,sse.portal.git.1sy.top,discovered
portal.git.1sy.top,kubernetes.portal.git.1sy.top,discovered
portal.git.1sy.top,faq.portal.git.1sy.top,discovered
portal.git.1sy.top,cdn.portal.git.1sy.top,discovered
portal.git.1sy.top,preview.portal.git.1sy.top,discovered
portal.git.1sy.top,stage.portal.git.1sy.top,discovered
portal.git.1sy.top,ssh.portal.git.1sy.top,discovered
portal.git.1sy.top,es.portal.git.1sy.top,discovered
portal.git.1sy.top,video.portal.git.1sy.top,discovered
portal.git.1sy.top,app.portal.git.1sy.top,discovered
portal.git.1sy.top,checkout.portal.git.1sy.top,discovered
portal.git.1sy.top,careers.portal.git.1sy.top,discovered
portal.git.1sy.top,wx.portal.git.1sy.top,discovered
portal.git.1sy.top,pay2.portal.git.1sy.top,discovered
portal.git.1sy.top,miniapp.portal.git.1sy.top,discovered
portal.git.1sy.top,rest.portal.git.1sy.top,discovered
portal.git.1sy.top,games.portal.git.1sy.top,discovered
portal.git.1sy.top,api-gw.portal.git.1sy.top,discovered
portal.git.1sy.top,cms.portal.git.1sy.top,discovered
portal.git.1sy.top,uat.portal.git.1sy.top,discovered
portal.git.1sy.top,www.portal.git.1sy.top,discovered
portal.git.1sy.top,internal.portal.git.1sy.top,discovered
portal.git.1sy.top,images.portal.git.1sy.top,discovered
portal.git.1sy.top,read.portal.git.1sy.top,discovered
portal.git.1sy.top,test2.portal.git.1sy.top,discovered
portal.git.1sy.top,community.portal.git.1sy.top,discovered
portal.git.1sy.top,ns3.portal.git.1sy.top,discovered
portal.git.1sy.top,wechat.portal.git.1sy.top,discovered
portal.git.1sy.top,pop.portal.git.1sy.top,discovered
portal.git.1sy.top,home.portal.git.1sy.top,discovered
portal.git.1sy.top,github.portal.git.1sy.top,discovered
portal.git.1sy.top,tmp.portal.git.1sy.top,discovered
portal.git.1sy.top,remote.portal.git.1sy.top,discovered
portal.git.1sy.top,radio.portal.git.1sy.top,discovered
portal.git.1sy.top,api-internal.portal.git.1sy.top,discovered
portal.git.1sy.top,dev2.portal.git.1sy.top,discovered
portal.git.1sy.top,production.portal.git.1sy.top,discovered
portal.git.1sy.top,intranet.portal.git.1sy.top,discovered
portal.git.1sy.top,books.portal.git.1sy.top,discovered
portal.git.1sy.top,52.192.142.148,discovered
jenkins.git.1sy.top,stage.jenkins.git.1sy.top,discovered
jenkins.git.1sy.top,docs.jenkins.git.1sy.top,discovered
jenkins.git.1sy.top,wap2.jenkins.git.1sy.top,discovered
jenkins.git.1sy.top,mall.jenkins.git.1sy.top,discovered
jenkins.git.1sy.top,graphql.jenkins.git.1sy.top,discovered
jenkins.git.1sy.top,qa.jenkins.git.1sy.top,discovered
jenkins.git.1sy.top,github.jenkins.git.1sy.top,discovered
jenkins.git.1sy.top,mobile.jenkins.git.1sy.top,discovered
jenkins.git.1sy.top,games.jenkins.git.1sy.top,discovered
jenkins.git.1sy.top,support.jenkins.git.1sy.top,discovered
jenkins.git.1sy.top,git.jenkins.git.1sy.top,discovered
jenkins.git.1sy.top,log.jenkins.git.1sy.top,discovered
jenkins.git.1sy.top,ssh.jenkins.git.1sy.top,discovered
jenkins.git.1sy.top,erp.jenkins.git.1sy.top,discovered
jenkins.git.1sy.top,download.jenkins.git.1sy.top,discovered
jenkins.git.1sy.top,novel.jenkins.git.1sy.top,discovered
jenkins.git.1sy.top,doc.jenkins.git.1sy.top,discovered
jenkins.git.1sy.top,pay.jenkins.git.1sy.top,discovered
jenkins.git.1sy.top,api-gateway.jenkins.git.1sy.top,discovered
jenkins.git.1sy.top,mysqladmin.jenkins.git.1sy.top,discovered
jenkins.git.1sy.top,web.jenkins.git.1sy.top,discovered
jenkins.git.1sy.top,sess.jenkins.git.1sy.top,discovered
jenkins.git.1sy.top,bbs.jenkins.git.1sy.top,discovered
jenkins.git.1sy.top,newsletter.jenkins.git.1sy.top,discovered
jenkins.git.1sy.top,h5.jenkins.git.1sy.top,discovered
jenkins.git.1sy.top,magazine.jenkins.git.1sy.top,discovered
jenkins.git.1sy.top,services.jenkins.git.1sy.top,discovered
jenkins.git.1sy.top,uploads.jenkins.git.1sy.top,discovered
jenkins.git.1sy.top,recruit.jenkins.git.1sy.top,discovered
jenkins.git.1sy.top,forum.jenkins.git.1sy.top,discovered
jenkins.git.1sy.top,m.jenkins.git.1sy.top,discovered
jenkins.git.1sy.top,files.jenkins.git.1sy.top,discovered
jenkins.git.1sy.top,office.jenkins.git.1sy.top,discovered
jenkins.git.1sy.top,order.jenkins.git.1sy.top,discovered
jenkins.git.1sy.top,reports.jenkins.git.1sy.top,discovered
jenkins.git.1sy.top,export.jenkins.git.1sy.top,discovered
jenkins.git.1sy.top,homepage.jenkins.git.1sy.top,discovered
jenkins.git.1sy.top,token.jenkins.git.1sy.top,discovered
jenkins.git.1sy.top,redis.jenkins.git.1sy.top,discovered
jenkins.git.1sy.top,docker.jenkins.git.1sy.top,discovered
jenkins.git.1sy.top,intranet.jenkins.git.1sy.top,discovered
jenkins.git.1sy.top,order2.jenkins.git.1sy.top,discovered
jenkins.git.1sy.top,cms.jenkins.git.1sy.top,discovered
jenkins.git.1sy.top,portal.jenkins.git.1sy.top,discovered
jenkins.git.1sy.top,mx1.jenkins.git.1sy.top,discovered
jenkins.git.1sy.top,dev2.jenkins.git.1sy.top,discovered
jenkins.git.1sy.top,dns.jenkins.git.1sy.top,discovered
jenkins.git.1sy.top,production.jenkins.git.1sy.top,discovered
jenkins.git.1sy.top,help.jenkins.git.1sy.top,discovered
jenkins.git.1sy.top,registry.jenkins.git.1sy.top,discovered
jenkins.git.1sy.top,apis.jenkins.git.1sy.top,discovered
jenkins.git.1sy.top,cdn.jenkins.git.1sy.top,discovered
jenkins.git.1sy.top,ws.jenkins.git.1sy.top,discovered
jenkins.git.1sy.top,metrics.jenkins.git.1sy.top,discovered
jenkins.git.1sy.top,development.jenkins.git.1sy.top,discovered
jenkins.git.1sy.top,uat.jenkins.git.1sy.top,discovered
jenkins.git.1sy.top,app.jenkins.git.1sy.top,discovered
jenkins.git.1sy.top,websocket.jenkins.git.1sy.top,discovered
jenkins.git.1sy.top,music.jenkins.git.1sy.top,discovered
jenkins.git.1sy.top,logs.jenkins.git.1sy.top,discovered
jenkins.git.1sy.top,sse.jenkins.git.1sy.top,discovered
jenkins.git.1sy.top,auth2.jenkins.git.1sy.top,discovered
jenkins.git.1sy.top,android.jenkins.git.1sy.top,discovered
jenkins.git.1sy.top,login.jenkins.git.1sy.top,discovered
jenkins.git.1sy.top,main.jenkins.git.1sy.top,discovered
jenkins.git.1sy.top,blog.jenkins.git.1sy.top,discovered
jenkins.git.1sy.top,canary.jenkins.git.1sy.top,discovered
jenkins.git.1sy.top,grafana.jenkins.git.1sy.top,discovered
jenkins.git.1sy.top,smtp.jenkins.git.1sy.top,discovered
jenkins.git.1sy.top,mysql.jenkins.git.1sy.top,discovered
jenkins.git.1sy.top,m2.jenkins.git.1sy.top,discovered
jenkins.git.1sy.top,weixin.jenkins.git.1sy.top,discovered
jenkins.git.1sy.top,crm.jenkins.git.1sy.top,discovered
jenkins.git.1sy.top,ns1.jenkins.git.1sy.top,discovered
jenkins.git.1sy.top,comic.jenkins.git.1sy.top,discovered
jenkins.git.1sy.top,image.jenkins.git.1sy.top,discovered
jenkins.git.1sy.top,monitor.jenkins.git.1sy.top,discovered
jenkins.git.1sy.top,ldap.jenkins.git.1sy.top,discovered
jenkins.git.1sy.top,community.jenkins.git.1sy.top,discovered
jenkins.git.1sy.top,career.jenkins.git.1sy.top,discovered
jenkins.git.1sy.top,game.jenkins.git.1sy.top,discovered
jenkins.git.1sy.top,svn.jenkins.git.1sy.top,discovered
jenkins.git.1sy.top,oss.jenkins.git.1sy.top,discovered
jenkins.git.1sy.top,console.jenkins.git.1sy.top,discovered
jenkins.git.1sy.top,sandbox.jenkins.git.1sy.top,discovered
jenkins.git.1sy.top,api-prod.jenkins.git.1sy.top,discovered
jenkins.git.1sy.top,remote.jenkins.git.1sy.top,discovered
jenkins.git.1sy.top,nlb.jenkins.git.1sy.top,discovered
jenkins.git.1sy.top,auth.jenkins.git.1sy.top,discovered
jenkins.git.1sy.top,radio.jenkins.git.1sy.top,discovered
jenkins.git.1sy.top,img3.jenkins.git.1sy.top,discovered
jenkins.git.1sy.top,kubernetes.jenkins.git.1sy.top,discovered
jenkins.git.1sy.top,article.jenkins.git.1sy.top,discovered
jenkins.git.1sy.top,api-gw.jenkins.git.1sy.top,discovered
jenkins.git.1sy.top,internal.jenkins.git.1sy.top,discovered
jenkins.git.1sy.top,documentation.jenkins.git.1sy.top,discovered
jenkins.git.1sy.top,testing.jenkins.git.1sy.top,discovered
jenkins.git.1sy.top,ns3.jenkins.git.1sy.top,discovered
jenkins.git.1sy.top,elk.jenkins.git.1sy.top,discovered
jenkins.git.1sy.top,prod.jenkins.git.1sy.top,discovered
jenkins.git.1sy.top,db.jenkins.git.1sy.top,discovered
jenkins.git.1sy.top,market.jenkins.git.1sy.top,discovered
jenkins.git.1sy.top,books.jenkins.git.1sy.top,discovered
jenkins.git.1sy.top,wechat2.jenkins.git.1sy.top,discovered
jenkins.git.1sy.top,ebook.jenkins.git.1sy.top,discovered
jenkins.git.1sy.top,webview.jenkins.git.1sy.top,discovered
jenkins.git.1sy.top,documents.jenkins.git.1sy.top,discovered
jenkins.git.1sy.top,sale.jenkins.git.1sy.top,discovered
jenkins.git.1sy.top,cd.jenkins.git.1sy.top,discovered
jenkins.git.1sy.top,service.jenkins.git.1sy.top,discovered
jenkins.git.1sy.top,data.jenkins.git.1sy.top,discovered
jenkins.git.1sy.top,temp.jenkins.git.1sy.top,discovered
jenkins.git.1sy.top,prometheus.jenkins.git.1sy.top,discovered
jenkins.git.1sy.top,saml.jenkins.git.1sy.top,discovered
jenkins.git.1sy.top,preview.jenkins.git.1sy.top,discovered
jenkins.git.1sy.top,cart.jenkins.git.1sy.top,discovered
jenkins.git.1sy.top,gw.jenkins.git.1sy.top,discovered
jenkins.git.1sy.top,cdn3.jenkins.git.1sy.top,discovered
jenkins.git.1sy.top,wechat.jenkins.git.1sy.top,discovered
jenkins.git.1sy.top,video.jenkins.git.1sy.top,discovered
jenkins.git.1sy.top,gitlab.jenkins.git.1sy.top,discovered
jenkins.git.1sy.top,es.jenkins.git.1sy.top,discovered
jenkins.git.1sy.top,stats.jenkins.git.1sy.top,discovered
jenkins.git.1sy.top,www.jenkins.git.1sy.top,discovered
jenkins.git.1sy.top,openapi.jenkins.git.1sy.top,discovered
jenkins.git.1sy.top,api.jenkins.git.1sy.top,discovered
jenkins.git.1sy.top,job.jenkins.git.1sy.top,discovered
jenkins.git.1sy.top,mx.jenkins.git.1sy.top,discovered
jenkins.git.1sy.top,static3.jenkins.git.1sy.top,discovered
jenkins.git.1sy.top,wss.jenkins.git.1sy.top,discovered
jenkins.git.1sy.top,pre.jenkins.git.1sy.top,discovered
jenkins.git.1sy.top,database.jenkins.git.1sy.top,discovered
jenkins.git.1sy.top,pub.jenkins.git.1sy.top,discovered
jenkins.git.1sy.top,sftp.jenkins.git.1sy.top,discovered
jenkins.git.1sy.top,message.jenkins.git.1sy.top,discovered
jenkins.git.1sy.top,build.jenkins.git.1sy.top,discovered
jenkins.git.1sy.top,images.jenkins.git.1sy.top,discovered
jenkins.git.1sy.top,ci.jenkins.git.1sy.top,discovered
jenkins.git.1sy.top,keycloak.jenkins.git.1sy.top,discovered
jenkins.git.1sy.top,products.jenkins.git.1sy.top,discovered
jenkins.git.1sy.top,sso2.jenkins.git.1sy.top,discovered
jenkins.git.1sy.top,pay2.jenkins.git.1sy.top,discovered
jenkins.git.1sy.top,kibana.jenkins.git.1sy.top,discovered
jenkins.git.1sy.top,ftp.jenkins.git.1sy.top,discovered
jenkins.git.1sy.top,wx.jenkins.git.1sy.top,discovered
jenkins.git.1sy.top,hrm.jenkins.git.1sy.top,discovered
jenkins.git.1sy.top,mail1.jenkins.git.1sy.top,discovered
jenkins.git.1sy.top,jobs.jenkins.git.1sy.top,discovered
jenkins.git.1sy.top,api-dev.jenkins.git.1sy.top,discovered
jenkins.git.1sy.top,elastic.jenkins.git.1sy.top,discovered
jenkins.git.1sy.top,logging.jenkins.git.1sy.top,discovered
jenkins.git.1sy.top,webmail.jenkins.git.1sy.top,discovered
jenkins.git.1sy.top,zabbix.jenkins.git.1sy.top,discovered
jenkins.git.1sy.top,lb.jenkins.git.1sy.top,discovered
jenkins.git.1sy.top,manager.jenkins.git.1sy.top,discovered
jenkins.git.1sy.top,wap.jenkins.git.1sy.top,discovered
jenkins.git.1sy.top,library.jenkins.git.1sy.top,discovered
jenkins.git.1sy.top,oauth.jenkins.git.1sy.top,discovered
jenkins.git.1sy.top,mailchimp.jenkins.git.1sy.top,discovered
jenkins.git.1sy.top,monitoring.jenkins.git.1sy.top,discovered
jenkins.git.1sy.top,public.jenkins.git.1sy.top,discovered
jenkins.git.1sy.top,ns2.jenkins.git.1sy.top,discovered
jenkins.git.1sy.top,jenkins.jenkins.git.1sy.top,discovered
jenkins.git.1sy.top,sso.jenkins.git.1sy.top,discovered
jenkins.git.1sy.top,administrator.jenkins.git.1sy.top,discovered
jenkins.git.1sy.top,beta.jenkins.git.1sy.top,discovered
jenkins.git.1sy.top,health.jenkins.git.1sy.top,discovered
jenkins.git.1sy.top,wiki.jenkins.git.1sy.top,discovered
jenkins.git.1sy.top,session.jenkins.git.1sy.top,discovered
jenkins.git.1sy.top,paper.jenkins.git.1sy.top,discovered
jenkins.git.1sy.top,status.jenkins.git.1sy.top,discovered
jenkins.git.1sy.top,index.jenkins.git.1sy.top,discovered
jenkins.git.1sy.top,static.jenkins.git.1sy.top,discovered
jenkins.git.1sy.top,phpmyadmin.jenkins.git.1sy.top,discovered
jenkins.git.1sy.top,mx2.jenkins.git.1sy.top,discovered
jenkins.git.1sy.top,sites.jenkins.git.1sy.top,discovered
jenkins.git.1sy.top,careers.jenkins.git.1sy.top,discovered
jenkins.git.1sy.top,gateway.jenkins.git.1sy.top,discovered
jenkins.git.1sy.top,static2.jenkins.git.1sy.top,discovered
jenkins.git.1sy.top,miniapp.jenkins.git.1sy.top,discovered
jenkins.git.1sy.top,oa.jenkins.git.1sy.top,discovered
jenkins.git.1sy.top,chat.jenkins.git.1sy.top,discovered
jenkins.git.1sy.top,tmp.jenkins.git.1sy.top,discovered
jenkins.git.1sy.top,upload.jenkins.git.1sy.top,discovered
jenkins.git.1sy.top,radius.jenkins.git.1sy.top,discovered
jenkins.git.1sy.top,assets.jenkins.git.1sy.top,discovered
jenkins.git.1sy.top,security.jenkins.git.1sy.top,discovered
jenkins.git.1sy.top,phpadmin.jenkins.git.1sy.top,discovered
jenkins.git.1sy.top,unionpay.jenkins.git.1sy.top,discovered
jenkins.git.1sy.top,cos.jenkins.git.1sy.top,discovered
jenkins.git.1sy.top,socket.jenkins.git.1sy.top,discovered
jenkins.git.1sy.top,product.jenkins.git.1sy.top,discovered
jenkins.git.1sy.top,pop3.jenkins.git.1sy.top,discovered
jenkins.git.1sy.top,storage.jenkins.git.1sy.top,discovered
jenkins.git.1sy.top,api-test.jenkins.git.1sy.top,discovered
jenkins.git.1sy.top,api2.jenkins.git.1sy.top,discovered
jenkins.git.1sy.top,pop.jenkins.git.1sy.top,discovered
jenkins.git.1sy.top,test2.jenkins.git.1sy.top,discovered
jenkins.git.1sy.top,alipay.jenkins.git.1sy.top,discovered
jenkins.git.1sy.top,rest.jenkins.git.1sy.top,discovered
jenkins.git.1sy.top,book.jenkins.git.1sy.top,discovered
jenkins.git.1sy.top,home.jenkins.git.1sy.top,discovered
jenkins.git.1sy.top,bak.jenkins.git.1sy.top,discovered
jenkins.git.1sy.top,contact.jenkins.git.1sy.top,discovered
jenkins.git.1sy.top,reader.jenkins.git.1sy.top,discovered
jenkins.git.1sy.top,cdn2.jenkins.git.1sy.top,discovered
jenkins.git.1sy.top,apps.jenkins.git.1sy.top,discovered
jenkins.git.1sy.top,tracking.jenkins.git.1sy.top,discovered
jenkins.git.1sy.top,webapp.jenkins.git.1sy.top,discovered
jenkins.git.1sy.top,open.jenkins.git.1sy.top,discovered
jenkins.git.1sy.top,manage.jenkins.git.1sy.top,discovered
jenkins.git.1sy.top,shop.jenkins.git.1sy.top,discovered
jenkins.git.1sy.top,test.jenkins.git.1sy.top,discovered
jenkins.git.1sy.top,push.jenkins.git.1sy.top,discovered
jenkins.git.1sy.top,news.jenkins.git.1sy.top,discovered
jenkins.git.1sy.top,staging2.jenkins.git.1sy.top,discovered
jenkins.git.1sy.top,gray.jenkins.git.1sy.top,discovered
jenkins.git.1sy.top,store.jenkins.git.1sy.top,discovered
jenkins.git.1sy.top,tv.jenkins.git.1sy.top,discovered
jenkins.git.1sy.top,k8s.jenkins.git.1sy.top,discovered
jenkins.git.1sy.top,live.jenkins.git.1sy.top,discovered
jenkins.git.1sy.top,read.jenkins.git.1sy.top,discovered
jenkins.git.1sy.top,media.jenkins.git.1sy.top,discovered
jenkins.git.1sy.top,mail.jenkins.git.1sy.top,discovered
jenkins.git.1sy.top,faq.jenkins.git.1sy.top,discovered
jenkins.git.1sy.top,cas.jenkins.git.1sy.top,discovered
jenkins.git.1sy.top,mini.jenkins.git.1sy.top,discovered
jenkins.git.1sy.top,file.jenkins.git.1sy.top,discovered
jenkins.git.1sy.top,mobi.jenkins.git.1sy.top,discovered
jenkins.git.1sy.top,api-staging.jenkins.git.1sy.top,discovered
jenkins.git.1sy.top,sms.jenkins.git.1sy.top,discovered
jenkins.git.1sy.top,notification.jenkins.git.1sy.top,discovered
jenkins.git.1sy.top,preprod.jenkins.git.1sy.top,discovered
jenkins.git.1sy.top,staging.jenkins.git.1sy.top,discovered
jenkins.git.1sy.top,admin.jenkins.git.1sy.top,discovered
jenkins.git.1sy.top,mail2.jenkins.git.1sy.top,discovered
jenkins.git.1sy.top,about.jenkins.git.1sy.top,discovered
jenkins.git.1sy.top,pgadmin.jenkins.git.1sy.top,discovered
jenkins.git.1sy.top,imap.jenkins.git.1sy.top,discovered
jenkins.git.1sy.top,api-internal.jenkins.git.1sy.top,discovered
jenkins.git.1sy.top,story.jenkins.git.1sy.top,discovered
jenkins.git.1sy.top,demo.jenkins.git.1sy.top,discovered
jenkins.git.1sy.top,payment.jenkins.git.1sy.top,discovered
jenkins.git.1sy.top,grpc.jenkins.git.1sy.top,discovered
jenkins.git.1sy.top,dev.jenkins.git.1sy.top,discovered
jenkins.git.1sy.top,img.jenkins.git.1sy.top,discovered
jenkins.git.1sy.top,checkout.jenkins.git.1sy.top,discovered
jenkins.git.1sy.top,notify.jenkins.git.1sy.top,discovered
jenkins.git.1sy.top,backup.jenkins.git.1sy.top,discovered
jenkins.git.1sy.top,vpn.jenkins.git.1sy.top,discovered
jenkins.git.1sy.top,cached.jenkins.git.1sy.top,discovered
jenkins.git.1sy.top,report.jenkins.git.1sy.top,discovered
jenkins.git.1sy.top,proxy.jenkins.git.1sy.top,discovered
jenkins.git.1sy.top,bucket.jenkins.git.1sy.top,discovered
jenkins.git.1sy.top,buy.jenkins.git.1sy.top,discovered
jenkins.git.1sy.top,hr.jenkins.git.1sy.top,discovered
jenkins.git.1sy.top,im.jenkins.git.1sy.top,discovered
jenkins.git.1sy.top,site.jenkins.git.1sy.top,discovered
jenkins.git.1sy.top,ios.jenkins.git.1sy.top,discovered
jenkins.git.1sy.top,img2.jenkins.git.1sy.top,discovered
jenkins.git.1sy.top,analytics.jenkins.git.1sy.top,discovered
jenkins.git.1sy.top,52.195.93.142,discovered
message.git.1sy.top,http://message.git.1sy.top/,discovered
message.git.1sy.top,https://message.git.1sy.top/,discovered
session.git.1sy.top,http://session.git.1sy.top/,discovered
session.git.1sy.top,https://session.git.1sy.top/,discovered
radio.git.1sy.top,webmail.radio.git.1sy.top,discovered
radio.git.1sy.top,ws.radio.git.1sy.top,discovered
radio.git.1sy.top,cdn3.radio.git.1sy.top,discovered
radio.git.1sy.top,uat.radio.git.1sy.top,discovered
radio.git.1sy.top,media.radio.git.1sy.top,discovered
radio.git.1sy.top,data.radio.git.1sy.top,discovered
radio.git.1sy.top,status.radio.git.1sy.top,discovered
radio.git.1sy.top,socket.radio.git.1sy.top,discovered
radio.git.1sy.top,api-test.radio.git.1sy.top,discovered
radio.git.1sy.top,wiki.radio.git.1sy.top,discovered
radio.git.1sy.top,public.radio.git.1sy.top,discovered
radio.git.1sy.top,service.radio.git.1sy.top,discovered
radio.git.1sy.top,mysql.radio.git.1sy.top,discovered
radio.git.1sy.top,administrator.radio.git.1sy.top,discovered
radio.git.1sy.top,order.radio.git.1sy.top,discovered
radio.git.1sy.top,staging.radio.git.1sy.top,discovered
radio.git.1sy.top,api-gw.radio.git.1sy.top,discovered
radio.git.1sy.top,upload.radio.git.1sy.top,discovered
radio.git.1sy.top,files.radio.git.1sy.top,discovered
radio.git.1sy.top,careers.radio.git.1sy.top,discovered
radio.git.1sy.top,stage.radio.git.1sy.top,discovered
radio.git.1sy.top,sse.radio.git.1sy.top,discovered
radio.git.1sy.top,mail1.radio.git.1sy.top,discovered
radio.git.1sy.top,manager.radio.git.1sy.top,discovered
radio.git.1sy.top,alipay.radio.git.1sy.top,discovered
radio.git.1sy.top,temp.radio.git.1sy.top,discovered
radio.git.1sy.top,apis.radio.git.1sy.top,discovered
radio.git.1sy.top,hrm.radio.git.1sy.top,discovered
radio.git.1sy.top,push.radio.git.1sy.top,discovered
radio.git.1sy.top,gitlab.radio.git.1sy.top,discovered
radio.git.1sy.top,product.radio.git.1sy.top,discovered
radio.git.1sy.top,tracking.radio.git.1sy.top,discovered
radio.git.1sy.top,radius.radio.git.1sy.top,discovered
radio.git.1sy.top,api.radio.git.1sy.top,discovered
radio.git.1sy.top,checkout.radio.git.1sy.top,discovered
radio.git.1sy.top,assets.radio.git.1sy.top,discovered
radio.git.1sy.top,analytics.radio.git.1sy.top,discovered
radio.git.1sy.top,open.radio.git.1sy.top,discovered
radio.git.1sy.top,wss.radio.git.1sy.top,discovered
radio.git.1sy.top,lb.radio.git.1sy.top,discovered
radio.git.1sy.top,ns1.radio.git.1sy.top,discovered
radio.git.1sy.top,imap.radio.git.1sy.top,discovered
radio.git.1sy.top,login.radio.git.1sy.top,discovered
radio.git.1sy.top,ldap.radio.git.1sy.top,discovered
radio.git.1sy.top,sale.radio.git.1sy.top,discovered
radio.git.1sy.top,mall.radio.git.1sy.top,discovered
radio.git.1sy.top,sandbox.radio.git.1sy.top,discovered
radio.git.1sy.top,webview.radio.git.1sy.top,discovered
radio.git.1sy.top,metrics.radio.git.1sy.top,discovered
radio.git.1sy.top,notification.radio.git.1sy.top,discovered
radio.git.1sy.top,live.radio.git.1sy.top,discovered
radio.git.1sy.top,dns.radio.git.1sy.top,discovered
radio.git.1sy.top,internal.radio.git.1sy.top,discovered
radio.git.1sy.top,news.radio.git.1sy.top,discovered
radio.git.1sy.top,bucket.radio.git.1sy.top,discovered
radio.git.1sy.top,paper.radio.git.1sy.top,discovered
radio.git.1sy.top,m2.radio.git.1sy.top,discovered
radio.git.1sy.top,store.radio.git.1sy.top,discovered
radio.git.1sy.top,console.radio.git.1sy.top,discovered
radio.git.1sy.top,api-gateway.radio.git.1sy.top,discovered
radio.git.1sy.top,uploads.radio.git.1sy.top,discovered
radio.git.1sy.top,backup.radio.git.1sy.top,discovered
radio.git.1sy.top,miniapp.radio.git.1sy.top,discovered
radio.git.1sy.top,static3.radio.git.1sy.top,discovered
radio.git.1sy.top,support.radio.git.1sy.top,discovered
radio.git.1sy.top,game.radio.git.1sy.top,discovered
radio.git.1sy.top,wx.radio.git.1sy.top,discovered
radio.git.1sy.top,site.radio.git.1sy.top,discovered
radio.git.1sy.top,testing.radio.git.1sy.top,discovered
radio.git.1sy.top,home.radio.git.1sy.top,discovered
radio.git.1sy.top,buy.radio.git.1sy.top,discovered
radio.git.1sy.top,books.radio.git.1sy.top,discovered
radio.git.1sy.top,download.radio.git.1sy.top,discovered
radio.git.1sy.top,apps.radio.git.1sy.top,discovered
radio.git.1sy.top,static2.radio.git.1sy.top,discovered
radio.git.1sy.top,cd.radio.git.1sy.top,discovered
radio.git.1sy.top,report.radio.git.1sy.top,discovered
radio.git.1sy.top,android.radio.git.1sy.top,discovered
radio.git.1sy.top,pop3.radio.git.1sy.top,discovered
radio.git.1sy.top,read.radio.git.1sy.top,discovered
radio.git.1sy.top,cms.radio.git.1sy.top,discovered
radio.git.1sy.top,dev.radio.git.1sy.top,discovered
radio.git.1sy.top,main.radio.git.1sy.top,discovered
radio.git.1sy.top,auth.radio.git.1sy.top,discovered
radio.git.1sy.top,payment.radio.git.1sy.top,discovered
radio.git.1sy.top,rest.radio.git.1sy.top,discovered
radio.git.1sy.top,radio.radio.git.1sy.top,discovered
radio.git.1sy.top,mail.radio.git.1sy.top,discovered
radio.git.1sy.top,zabbix.radio.git.1sy.top,discovered
radio.git.1sy.top,notify.radio.git.1sy.top,discovered
radio.git.1sy.top,sms.radio.git.1sy.top,discovered
radio.git.1sy.top,gray.radio.git.1sy.top,discovered
radio.git.1sy.top,story.radio.git.1sy.top,discovered
radio.git.1sy.top,mx2.radio.git.1sy.top,discovered
radio.git.1sy.top,chat.radio.git.1sy.top,discovered
radio.git.1sy.top,storage.radio.git.1sy.top,discovered
radio.git.1sy.top,security.radio.git.1sy.top,discovered
radio.git.1sy.top,graphql.radio.git.1sy.top,discovered
radio.git.1sy.top,job.radio.git.1sy.top,discovered
radio.git.1sy.top,gateway.radio.git.1sy.top,discovered
radio.git.1sy.top,sftp.radio.git.1sy.top,discovered
radio.git.1sy.top,weixin.radio.git.1sy.top,discovered
radio.git.1sy.top,beta.radio.git.1sy.top,discovered
radio.git.1sy.top,nlb.radio.git.1sy.top,discovered
radio.git.1sy.top,logging.radio.git.1sy.top,discovered
radio.git.1sy.top,message.radio.git.1sy.top,discovered
radio.git.1sy.top,faq.radio.git.1sy.top,discovered
radio.git.1sy.top,test.radio.git.1sy.top,discovered
radio.git.1sy.top,cdn2.radio.git.1sy.top,discovered
radio.git.1sy.top,demo.radio.git.1sy.top,discovered
radio.git.1sy.top,preview.radio.git.1sy.top,discovered
radio.git.1sy.top,production.radio.git.1sy.top,discovered
radio.git.1sy.top,redis.radio.git.1sy.top,discovered
radio.git.1sy.top,market.radio.git.1sy.top,discovered
radio.git.1sy.top,mx.radio.git.1sy.top,discovered
radio.git.1sy.top,wap.radio.git.1sy.top,discovered
radio.git.1sy.top,services.radio.git.1sy.top,discovered
radio.git.1sy.top,im.radio.git.1sy.top,discovered
radio.git.1sy.top,doc.radio.git.1sy.top,discovered
radio.git.1sy.top,oss.radio.git.1sy.top,discovered
radio.git.1sy.top,newsletter.radio.git.1sy.top,discovered
radio.git.1sy.top,bak.radio.git.1sy.top,discovered
radio.git.1sy.top,api-prod.radio.git.1sy.top,discovered
radio.git.1sy.top,qa.radio.git.1sy.top,discovered
radio.git.1sy.top,hr.radio.git.1sy.top,discovered
radio.git.1sy.top,img2.radio.git.1sy.top,discovered
radio.git.1sy.top,index.radio.git.1sy.top,discovered
radio.git.1sy.top,docker.radio.git.1sy.top,discovered
radio.git.1sy.top,prometheus.radio.git.1sy.top,discovered
radio.git.1sy.top,wap2.radio.git.1sy.top,discovered
radio.git.1sy.top,api-internal.radio.git.1sy.top,discovered
radio.git.1sy.top,comic.radio.git.1sy.top,discovered
radio.git.1sy.top,wechat2.radio.git.1sy.top,discovered
radio.git.1sy.top,unionpay.radio.git.1sy.top,discovered
radio.git.1sy.top,tmp.radio.git.1sy.top,discovered
radio.git.1sy.top,kubernetes.radio.git.1sy.top,discovered
radio.git.1sy.top,file.radio.git.1sy.top,discovered
radio.git.1sy.top,help.radio.git.1sy.top,discovered
radio.git.1sy.top,github.radio.git.1sy.top,discovered
radio.git.1sy.top,k8s.radio.git.1sy.top,discovered
radio.git.1sy.top,stats.radio.git.1sy.top,discovered
radio.git.1sy.top,about.radio.git.1sy.top,discovered
radio.git.1sy.top,portal.radio.git.1sy.top,discovered
radio.git.1sy.top,keycloak.radio.git.1sy.top,discovered
radio.git.1sy.top,ebook.radio.git.1sy.top,discovered
radio.git.1sy.top,build.radio.git.1sy.top,discovered
radio.git.1sy.top,monitor.radio.git.1sy.top,discovered
radio.git.1sy.top,magazine.radio.git.1sy.top,discovered
radio.git.1sy.top,blog.radio.git.1sy.top,discovered
radio.git.1sy.top,api-dev.radio.git.1sy.top,discovered
radio.git.1sy.top,sso2.radio.git.1sy.top,discovered
radio.git.1sy.top,pay2.radio.git.1sy.top,discovered
radio.git.1sy.top,novel.radio.git.1sy.top,discovered
radio.git.1sy.top,cached.radio.git.1sy.top,discovered
radio.git.1sy.top,career.radio.git.1sy.top,discovered
radio.git.1sy.top,music.radio.git.1sy.top,discovered
radio.git.1sy.top,prod.radio.git.1sy.top,discovered
radio.git.1sy.top,library.radio.git.1sy.top,discovered
radio.git.1sy.top,mini.radio.git.1sy.top,discovered
radio.git.1sy.top,jenkins.radio.git.1sy.top,discovered
radio.git.1sy.top,static.radio.git.1sy.top,discovered
radio.git.1sy.top,order2.radio.git.1sy.top,discovered
radio.git.1sy.top,video.radio.git.1sy.top,discovered
radio.git.1sy.top,mail2.radio.git.1sy.top,discovered
radio.git.1sy.top,homepage.radio.git.1sy.top,discovered
radio.git.1sy.top,web.radio.git.1sy.top,discovered
radio.git.1sy.top,mysqladmin.radio.git.1sy.top,discovered
radio.git.1sy.top,h5.radio.git.1sy.top,discovered
radio.git.1sy.top,intranet.radio.git.1sy.top,discovered
radio.git.1sy.top,logs.radio.git.1sy.top,discovered
radio.git.1sy.top,dev2.radio.git.1sy.top,discovered
radio.git.1sy.top,phpadmin.radio.git.1sy.top,discovered
radio.git.1sy.top,reader.radio.git.1sy.top,discovered
radio.git.1sy.top,app.radio.git.1sy.top,discovered
radio.git.1sy.top,proxy.radio.git.1sy.top,discovered
radio.git.1sy.top,cas.radio.git.1sy.top,discovered
radio.git.1sy.top,jobs.radio.git.1sy.top,discovered
radio.git.1sy.top,preprod.radio.git.1sy.top,discovered
radio.git.1sy.top,mailchimp.radio.git.1sy.top,discovered
radio.git.1sy.top,sites.radio.git.1sy.top,discovered
radio.git.1sy.top,sso.radio.git.1sy.top,discovered
radio.git.1sy.top,book.radio.git.1sy.top,discovered
radio.git.1sy.top,db.radio.git.1sy.top,discovered
radio.git.1sy.top,development.radio.git.1sy.top,discovered
radio.git.1sy.top,elastic.radio.git.1sy.top,discovered
radio.git.1sy.top,article.radio.git.1sy.top,discovered
radio.git.1sy.top,docs.radio.git.1sy.top,discovered
radio.git.1sy.top,session.radio.git.1sy.top,discovered
radio.git.1sy.top,www.radio.git.1sy.top,discovered
radio.git.1sy.top,monitoring.radio.git.1sy.top,discovered
radio.git.1sy.top,pay.radio.git.1sy.top,discovered
radio.git.1sy.top,cos.radio.git.1sy.top,discovered
radio.git.1sy.top,office.radio.git.1sy.top,discovered
radio.git.1sy.top,smtp.radio.git.1sy.top,discovered
radio.git.1sy.top,remote.radio.git.1sy.top,discovered
radio.git.1sy.top,auth2.radio.git.1sy.top,discovered
radio.git.1sy.top,vpn.radio.git.1sy.top,discovered
radio.git.1sy.top,svn.radio.git.1sy.top,discovered
radio.git.1sy.top,api-staging.radio.git.1sy.top,discovered
radio.git.1sy.top,log.radio.git.1sy.top,discovered
radio.git.1sy.top,grpc.radio.git.1sy.top,discovered
radio.git.1sy.top,pgadmin.radio.git.1sy.top,discovered
radio.git.1sy.top,websocket.radio.git.1sy.top,discovered
radio.git.1sy.top,bbs.radio.git.1sy.top,discovered
radio.git.1sy.top,images.radio.git.1sy.top,discovered
radio.git.1sy.top,oa.radio.git.1sy.top,discovered
radio.git.1sy.top,phpmyadmin.radio.git.1sy.top,discovered
radio.git.1sy.top,products.radio.git.1sy.top,discovered
radio.git.1sy.top,oauth.radio.git.1sy.top,discovered
radio.git.1sy.top,git.radio.git.1sy.top,discovered
radio.git.1sy.top,saml.radio.git.1sy.top,discovered
radio.git.1sy.top,token.radio.git.1sy.top,discovered
radio.git.1sy.top,sess.radio.git.1sy.top,discovered
radio.git.1sy.top,contact.radio.git.1sy.top,discovered
radio.git.1sy.top,grafana.radio.git.1sy.top,discovered
radio.git.1sy.top,staging2.radio.git.1sy.top,discovered
radio.git.1sy.top,ns3.radio.git.1sy.top,discovered
radio.git.1sy.top,gw.radio.git.1sy.top,discovered
radio.git.1sy.top,forum.radio.git.1sy.top,discovered
radio.git.1sy.top,pre.radio.git.1sy.top,discovered
radio.git.1sy.top,database.radio.git.1sy.top,discovered
radio.git.1sy.top,cache.radio.git.1sy.top,discovered
radio.git.1sy.top,m.radio.git.1sy.top,discovered
radio.git.1sy.top,kibana.radio.git.1sy.top,discovered
radio.git.1sy.top,export.radio.git.1sy.top,discovered
radio.git.1sy.top,health.radio.git.1sy.top,discovered
radio.git.1sy.top,community.radio.git.1sy.top,discovered
radio.git.1sy.top,recruit.radio.git.1sy.top,discovered
radio.git.1sy.top,tv.radio.git.1sy.top,discovered
radio.git.1sy.top,canary.radio.git.1sy.top,discovered
radio.git.1sy.top,ios.radio.git.1sy.top,discovered
radio.git.1sy.top,pop.radio.git.1sy.top,discovered
radio.git.1sy.top,documents.radio.git.1sy.top,discovered
radio.git.1sy.top,image.radio.git.1sy.top,discovered
radio.git.1sy.top,manage.radio.git.1sy.top,discovered
radio.git.1sy.top,crm.radio.git.1sy.top,discovered
radio.git.1sy.top,erp.radio.git.1sy.top,discovered
radio.git.1sy.top,openapi.radio.git.1sy.top,discovered
radio.git.1sy.top,admin.radio.git.1sy.top,discovered
radio.git.1sy.top,pub.radio.git.1sy.top,discovered
radio.git.1sy.top,ns2.radio.git.1sy.top,discovered
radio.git.1sy.top,ssh.radio.git.1sy.top,discovered
radio.git.1sy.top,webapp.radio.git.1sy.top,discovered
radio.git.1sy.top,wechat.radio.git.1sy.top,discovered
radio.git.1sy.top,ci.radio.git.1sy.top,discovered
radio.git.1sy.top,es.radio.git.1sy.top,discovered
radio.git.1sy.top,api2.radio.git.1sy.top,discovered
radio.git.1sy.top,mobile.radio.git.1sy.top,discovered
radio.git.1sy.top,cdn.radio.git.1sy.top,discovered
radio.git.1sy.top,mobi.radio.git.1sy.top,discovered
radio.git.1sy.top,ftp.radio.git.1sy.top,discovered
radio.git.1sy.top,cart.radio.git.1sy.top,discovered
radio.git.1sy.top,reports.radio.git.1sy.top,discovered
radio.git.1sy.top,registry.radio.git.1sy.top,discovered
radio.git.1sy.top,documentation.radio.git.1sy.top,discovered
radio.git.1sy.top,mx1.radio.git.1sy.top,discovered
radio.git.1sy.top,img3.radio.git.1sy.top,discovered
radio.git.1sy.top,test2.radio.git.1sy.top,discovered
radio.git.1sy.top,img.radio.git.1sy.top,discovered
radio.git.1sy.top,shop.radio.git.1sy.top,discovered
radio.git.1sy.top,games.radio.git.1sy.top,discovered
radio.git.1sy.top,178.236.38.1,discovered
webmail.git.1sy.top,beta.webmail.git.1sy.top,discovered
webmail.git.1sy.top,api-staging.webmail.git.1sy.top,discovered
webmail.git.1sy.top,notify.webmail.git.1sy.top,discovered
webmail.git.1sy.top,grafana.webmail.git.1sy.top,discovered
webmail.git.1sy.top,uat.webmail.git.1sy.top,discovered
webmail.git.1sy.top,mail1.webmail.git.1sy.top,discovered
webmail.git.1sy.top,weixin.webmail.git.1sy.top,discovered
webmail.git.1sy.top,book.webmail.git.1sy.top,discovered
webmail.git.1sy.top,bbs.webmail.git.1sy.top,discovered
webmail.git.1sy.top,paper.webmail.git.1sy.top,discovered
webmail.git.1sy.top,mx2.webmail.git.1sy.top,discovered
webmail.git.1sy.top,site.webmail.git.1sy.top,discovered
webmail.git.1sy.top,gateway.webmail.git.1sy.top,discovered
webmail.git.1sy.top,sandbox.webmail.git.1sy.top,discovered
webmail.git.1sy.top,cd.webmail.git.1sy.top,discovered
webmail.git.1sy.top,analytics.webmail.git.1sy.top,discovered
webmail.git.1sy.top,apps.webmail.git.1sy.top,discovered
webmail.git.1sy.top,h5.webmail.git.1sy.top,discovered
webmail.git.1sy.top,order.webmail.git.1sy.top,discovered
webmail.git.1sy.top,data.webmail.git.1sy.top,discovered
webmail.git.1sy.top,pgadmin.webmail.git.1sy.top,discovered
webmail.git.1sy.top,wx.webmail.git.1sy.top,discovered
webmail.git.1sy.top,hr.webmail.git.1sy.top,discovered
webmail.git.1sy.top,static3.webmail.git.1sy.top,discovered
webmail.git.1sy.top,static.webmail.git.1sy.top,discovered
webmail.git.1sy.top,office.webmail.git.1sy.top,discovered
webmail.git.1sy.top,mysql.webmail.git.1sy.top,discovered
webmail.git.1sy.top,files.webmail.git.1sy.top,discovered
webmail.git.1sy.top,logging.webmail.git.1sy.top,discovered
webmail.git.1sy.top,mall.webmail.git.1sy.top,discovered
webmail.git.1sy.top,vpn.webmail.git.1sy.top,discovered
webmail.git.1sy.top,sftp.webmail.git.1sy.top,discovered
webmail.git.1sy.top,jenkins.webmail.git.1sy.top,discovered
webmail.git.1sy.top,grpc.webmail.git.1sy.top,discovered
webmail.git.1sy.top,community.webmail.git.1sy.top,discovered
webmail.git.1sy.top,ci.webmail.git.1sy.top,discovered
webmail.git.1sy.top,manage.webmail.git.1sy.top,discovered
webmail.git.1sy.top,product.webmail.git.1sy.top,discovered
webmail.git.1sy.top,api-internal.webmail.git.1sy.top,discovered
webmail.git.1sy.top,openapi.webmail.git.1sy.top,discovered
webmail.git.1sy.top,api.webmail.git.1sy.top,discovered
webmail.git.1sy.top,testing.webmail.git.1sy.top,discovered
webmail.git.1sy.top,comic.webmail.git.1sy.top,discovered
webmail.git.1sy.top,magazine.webmail.git.1sy.top,discovered
webmail.git.1sy.top,export.webmail.git.1sy.top,discovered
webmail.git.1sy.top,ssh.webmail.git.1sy.top,discovered
webmail.git.1sy.top,news.webmail.git.1sy.top,discovered
webmail.git.1sy.top,m.webmail.git.1sy.top,discovered
webmail.git.1sy.top,demo.webmail.git.1sy.top,discovered
webmail.git.1sy.top,reader.webmail.git.1sy.top,discovered
webmail.git.1sy.top,pop.webmail.git.1sy.top,discovered
webmail.git.1sy.top,lb.webmail.git.1sy.top,discovered
webmail.git.1sy.top,bucket.webmail.git.1sy.top,discovered
webmail.git.1sy.top,stage.webmail.git.1sy.top,discovered
webmail.git.1sy.top,portal.webmail.git.1sy.top,discovered
webmail.git.1sy.top,radio.webmail.git.1sy.top,discovered
webmail.git.1sy.top,story.webmail.git.1sy.top,discovered
webmail.git.1sy.top,report.webmail.git.1sy.top,discovered
webmail.git.1sy.top,staging2.webmail.git.1sy.top,discovered
webmail.git.1sy.top,oss.webmail.git.1sy.top,discovered
webmail.git.1sy.top,wss.webmail.git.1sy.top,discovered
webmail.git.1sy.top,index.webmail.git.1sy.top,discovered
webmail.git.1sy.top,buy.webmail.git.1sy.top,discovered
webmail.git.1sy.top,console.webmail.git.1sy.top,discovered
webmail.git.1sy.top,pop3.webmail.git.1sy.top,discovered
webmail.git.1sy.top,documents.webmail.git.1sy.top,discovered
webmail.git.1sy.top,websocket.webmail.git.1sy.top,discovered
webmail.git.1sy.top,production.webmail.git.1sy.top,discovered
webmail.git.1sy.top,assets.webmail.git.1sy.top,discovered
webmail.git.1sy.top,admin.webmail.git.1sy.top,discovered
webmail.git.1sy.top,homepage.webmail.git.1sy.top,discovered
webmail.git.1sy.top,cos.webmail.git.1sy.top,discovered
webmail.git.1sy.top,android.webmail.git.1sy.top,discovered
webmail.git.1sy.top,static2.webmail.git.1sy.top,discovered
webmail.git.1sy.top,store.webmail.git.1sy.top,discovered
webmail.git.1sy.top,metrics.webmail.git.1sy.top,discovered
webmail.git.1sy.top,cas.webmail.git.1sy.top,discovered
webmail.git.1sy.top,saml.webmail.git.1sy.top,discovered
webmail.git.1sy.top,phpmyadmin.webmail.git.1sy.top,discovered
webmail.git.1sy.top,kibana.webmail.git.1sy.top,discovered
webmail.git.1sy.top,ldap.webmail.git.1sy.top,discovered
webmail.git.1sy.top,web.webmail.git.1sy.top,discovered
webmail.git.1sy.top,build.webmail.git.1sy.top,discovered
webmail.git.1sy.top,img2.webmail.git.1sy.top,discovered
webmail.git.1sy.top,canary.webmail.git.1sy.top,discovered
webmail.git.1sy.top,qa.webmail.git.1sy.top,discovered
webmail.git.1sy.top,market.webmail.git.1sy.top,discovered
webmail.git.1sy.top,sms.webmail.git.1sy.top,discovered
webmail.git.1sy.top,tv.webmail.git.1sy.top,discovered
webmail.git.1sy.top,api-test.webmail.git.1sy.top,discovered
webmail.git.1sy.top,images.webmail.git.1sy.top,discovered
webmail.git.1sy.top,app.webmail.git.1sy.top,discovered
webmail.git.1sy.top,ebook.webmail.git.1sy.top,discovered
webmail.git.1sy.top,docs.webmail.git.1sy.top,discovered
webmail.git.1sy.top,sites.webmail.git.1sy.top,discovered
webmail.git.1sy.top,wechat.webmail.git.1sy.top,discovered
webmail.git.1sy.top,security.webmail.git.1sy.top,discovered
webmail.git.1sy.top,radius.webmail.git.1sy.top,discovered
webmail.git.1sy.top,documentation.webmail.git.1sy.top,discovered
webmail.git.1sy.top,miniapp.webmail.git.1sy.top,discovered
webmail.git.1sy.top,dev2.webmail.git.1sy.top,discovered
webmail.git.1sy.top,cdn3.webmail.git.1sy.top,discovered
webmail.git.1sy.top,mobi.webmail.git.1sy.top,discovered
webmail.git.1sy.top,intranet.webmail.git.1sy.top,discovered
webmail.git.1sy.top,doc.webmail.git.1sy.top,discovered
webmail.git.1sy.top,api2.webmail.git.1sy.top,discovered
webmail.git.1sy.top,cdn2.webmail.git.1sy.top,discovered
webmail.git.1sy.top,www.webmail.git.1sy.top,discovered
webmail.git.1sy.top,rest.webmail.git.1sy.top,discovered
webmail.git.1sy.top,help.webmail.git.1sy.top,discovered
webmail.git.1sy.top,nlb.webmail.git.1sy.top,discovered
webmail.git.1sy.top,games.webmail.git.1sy.top,discovered
webmail.git.1sy.top,staging.webmail.git.1sy.top,discovered
webmail.git.1sy.top,tmp.webmail.git.1sy.top,discovered
webmail.git.1sy.top,remote.webmail.git.1sy.top,discovered
webmail.git.1sy.top,mail2.webmail.git.1sy.top,discovered
webmail.git.1sy.top,erp.webmail.git.1sy.top,discovered
webmail.git.1sy.top,novel.webmail.git.1sy.top,discovered
webmail.git.1sy.top,file.webmail.git.1sy.top,discovered
webmail.git.1sy.top,dns.webmail.git.1sy.top,discovered
webmail.git.1sy.top,sso.webmail.git.1sy.top,discovered
webmail.git.1sy.top,mailchimp.webmail.git.1sy.top,discovered
webmail.git.1sy.top,smtp.webmail.git.1sy.top,discovered
webmail.git.1sy.top,manager.webmail.git.1sy.top,discovered
webmail.git.1sy.top,login.webmail.git.1sy.top,discovered
webmail.git.1sy.top,auth2.webmail.git.1sy.top,discovered
webmail.git.1sy.top,mysqladmin.webmail.git.1sy.top,discovered
webmail.git.1sy.top,notification.webmail.git.1sy.top,discovered
webmail.git.1sy.top,careers.webmail.git.1sy.top,discovered
webmail.git.1sy.top,storage.webmail.git.1sy.top,discovered
webmail.git.1sy.top,sse.webmail.git.1sy.top,discovered
webmail.git.1sy.top,message.webmail.git.1sy.top,discovered
webmail.git.1sy.top,service.webmail.git.1sy.top,discovered
webmail.git.1sy.top,jobs.webmail.git.1sy.top,discovered
webmail.git.1sy.top,elk.webmail.git.1sy.top,discovered
webmail.git.1sy.top,ns1.webmail.git.1sy.top,discovered
webmail.git.1sy.top,career.webmail.git.1sy.top,discovered
webmail.git.1sy.top,hrm.webmail.git.1sy.top,discovered
webmail.git.1sy.top,sso2.webmail.git.1sy.top,discovered
webmail.git.1sy.top,download.webmail.git.1sy.top,discovered
webmail.git.1sy.top,apis.webmail.git.1sy.top,discovered
webmail.git.1sy.top,cache.webmail.git.1sy.top,discovered
webmail.git.1sy.top,home.webmail.git.1sy.top,discovered
webmail.git.1sy.top,gw.webmail.git.1sy.top,discovered
webmail.git.1sy.top,oa.webmail.git.1sy.top,discovered
webmail.git.1sy.top,sale.webmail.git.1sy.top,discovered
webmail.git.1sy.top,docker.webmail.git.1sy.top,discovered
webmail.git.1sy.top,temp.webmail.git.1sy.top,discovered
webmail.git.1sy.top,ios.webmail.git.1sy.top,discovered
webmail.git.1sy.top,es.webmail.git.1sy.top,discovered
webmail.git.1sy.top,reports.webmail.git.1sy.top,discovered
webmail.git.1sy.top,pre.webmail.git.1sy.top,discovered
webmail.git.1sy.top,dev.webmail.git.1sy.top,discovered
webmail.git.1sy.top,monitoring.webmail.git.1sy.top,discovered
webmail.git.1sy.top,test.webmail.git.1sy.top,discovered
webmail.git.1sy.top,phpadmin.webmail.git.1sy.top,discovered
webmail.git.1sy.top,svn.webmail.git.1sy.top,discovered
webmail.git.1sy.top,live.webmail.git.1sy.top,discovered
webmail.git.1sy.top,internal.webmail.git.1sy.top,discovered
webmail.git.1sy.top,zabbix.webmail.git.1sy.top,discovered
webmail.git.1sy.top,webapp.webmail.git.1sy.top,discovered
webmail.git.1sy.top,order2.webmail.git.1sy.top,discovered
webmail.git.1sy.top,api-gw.webmail.git.1sy.top,discovered
webmail.git.1sy.top,public.webmail.git.1sy.top,discovered
webmail.git.1sy.top,status.webmail.git.1sy.top,discovered
webmail.git.1sy.top,git.webmail.git.1sy.top,discovered
webmail.git.1sy.top,img.webmail.git.1sy.top,discovered
webmail.git.1sy.top,backup.webmail.git.1sy.top,discovered
webmail.git.1sy.top,article.webmail.git.1sy.top,discovered
webmail.git.1sy.top,im.webmail.git.1sy.top,discovered
webmail.git.1sy.top,wap2.webmail.git.1sy.top,discovered
webmail.git.1sy.top,stats.webmail.git.1sy.top,discovered
webmail.git.1sy.top,job.webmail.git.1sy.top,discovered
webmail.git.1sy.top,api-prod.webmail.git.1sy.top,discovered
webmail.git.1sy.top,blog.webmail.git.1sy.top,discovered
webmail.git.1sy.top,ns3.webmail.git.1sy.top,discovered
webmail.git.1sy.top,recruit.webmail.git.1sy.top,discovered
webmail.git.1sy.top,database.webmail.git.1sy.top,discovered
webmail.git.1sy.top,wap.webmail.git.1sy.top,discovered
webmail.git.1sy.top,img3.webmail.git.1sy.top,discovered
webmail.git.1sy.top,preview.webmail.git.1sy.top,discovered
webmail.git.1sy.top,db.webmail.git.1sy.top,discovered
webmail.git.1sy.top,tracking.webmail.git.1sy.top,discovered
webmail.git.1sy.top,video.webmail.git.1sy.top,discovered
webmail.git.1sy.top,preprod.webmail.git.1sy.top,discovered
webmail.git.1sy.top,proxy.webmail.git.1sy.top,discovered
webmail.git.1sy.top,mx1.webmail.git.1sy.top,discovered
webmail.git.1sy.top,oauth.webmail.git.1sy.top,discovered
webmail.git.1sy.top,prometheus.webmail.git.1sy.top,discovered
webmail.git.1sy.top,cart.webmail.git.1sy.top,discovered
webmail.git.1sy.top,music.webmail.git.1sy.top,discovered
webmail.git.1sy.top,sess.webmail.git.1sy.top,discovered
webmail.git.1sy.top,open.webmail.git.1sy.top,discovered
webmail.git.1sy.top,health.webmail.git.1sy.top,discovered
webmail.git.1sy.top,ftp.webmail.git.1sy.top,discovered
webmail.git.1sy.top,ns2.webmail.git.1sy.top,discovered
webmail.git.1sy.top,pub.webmail.git.1sy.top,discovered
webmail.git.1sy.top,webview.webmail.git.1sy.top,discovered
webmail.git.1sy.top,push.webmail.git.1sy.top,discovered
webmail.git.1sy.top,keycloak.webmail.git.1sy.top,discovered
webmail.git.1sy.top,mobile.webmail.git.1sy.top,discovered
webmail.git.1sy.top,auth.webmail.git.1sy.top,discovered
webmail.git.1sy.top,elastic.webmail.git.1sy.top,discovered
webmail.git.1sy.top,read.webmail.git.1sy.top,discovered
webmail.git.1sy.top,game.webmail.git.1sy.top,discovered
webmail.git.1sy.top,cdn.webmail.git.1sy.top,discovered
webmail.git.1sy.top,socket.webmail.git.1sy.top,discovered
webmail.git.1sy.top,logs.webmail.git.1sy.top,discovered
webmail.git.1sy.top,api-gateway.webmail.git.1sy.top,discovered
webmail.git.1sy.top,pay2.webmail.git.1sy.top,discovered
webmail.git.1sy.top,contact.webmail.git.1sy.top,discovered
webmail.git.1sy.top,session.webmail.git.1sy.top,discovered
webmail.git.1sy.top,upload.webmail.git.1sy.top,discovered
webmail.git.1sy.top,imap.webmail.git.1sy.top,discovered
webmail.git.1sy.top,test2.webmail.git.1sy.top,discovered
webmail.git.1sy.top,about.webmail.git.1sy.top,discovered
webmail.git.1sy.top,pay.webmail.git.1sy.top,discovered
webmail.git.1sy.top,k8s.webmail.git.1sy.top,discovered
webmail.git.1sy.top,newsletter.webmail.git.1sy.top,discovered
webmail.git.1sy.top,image.webmail.git.1sy.top,discovered
webmail.git.1sy.top,webmail.webmail.git.1sy.top,discovered
webmail.git.1sy.top,shop.webmail.git.1sy.top,discovered
webmail.git.1sy.top,wechat2.webmail.git.1sy.top,discovered
webmail.git.1sy.top,mx.webmail.git.1sy.top,discovered
webmail.git.1sy.top,wiki.webmail.git.1sy.top,discovered
webmail.git.1sy.top,registry.webmail.git.1sy.top,discovered
webmail.git.1sy.top,forum.webmail.git.1sy.top,discovered
webmail.git.1sy.top,log.webmail.git.1sy.top,discovered
webmail.git.1sy.top,crm.webmail.git.1sy.top,discovered
webmail.git.1sy.top,redis.webmail.git.1sy.top,discovered
webmail.git.1sy.top,gray.webmail.git.1sy.top,discovered
webmail.git.1sy.top,chat.webmail.git.1sy.top,discovered
webmail.git.1sy.top,development.webmail.git.1sy.top,discovered
webmail.git.1sy.top,checkout.webmail.git.1sy.top,discovered
webmail.git.1sy.top,products.webmail.git.1sy.top,discovered
webmail.git.1sy.top,github.webmail.git.1sy.top,discovered
webmail.git.1sy.top,media.webmail.git.1sy.top,discovered
webmail.git.1sy.top,uploads.webmail.git.1sy.top,discovered
webmail.git.1sy.top,monitor.webmail.git.1sy.top,discovered
webmail.git.1sy.top,main.webmail.git.1sy.top,discovered
webmail.git.1sy.top,cached.webmail.git.1sy.top,discovered
webmail.git.1sy.top,token.webmail.git.1sy.top,discovered
webmail.git.1sy.top,api-dev.webmail.git.1sy.top,discovered
webmail.git.1sy.top,mail.webmail.git.1sy.top,discovered
webmail.git.1sy.top,bak.webmail.git.1sy.top,discovered
webmail.git.1sy.top,prod.webmail.git.1sy.top,discovered
webmail.git.1sy.top,graphql.webmail.git.1sy.top,discovered
webmail.git.1sy.top,books.webmail.git.1sy.top,discovered
webmail.git.1sy.top,gitlab.webmail.git.1sy.top,discovered
webmail.git.1sy.top,ws.webmail.git.1sy.top,discovered
webmail.git.1sy.top,library.webmail.git.1sy.top,discovered
webmail.git.1sy.top,alipay.webmail.git.1sy.top,discovered
webmail.git.1sy.top,cms.webmail.git.1sy.top,discovered
webmail.git.1sy.top,payment.webmail.git.1sy.top,discovered
webmail.git.1sy.top,m2.webmail.git.1sy.top,discovered
webmail.git.1sy.top,administrator.webmail.git.1sy.top,discovered
webmail.git.1sy.top,support.webmail.git.1sy.top,discovered
webmail.git.1sy.top,kubernetes.webmail.git.1sy.top,discovered
webmail.git.1sy.top,unionpay.webmail.git.1sy.top,discovered
webmail.git.1sy.top,services.webmail.git.1sy.top,discovered
webmail.git.1sy.top,mini.webmail.git.1sy.top,discovered
webmail.git.1sy.top,faq.webmail.git.1sy.top,discovered
webmail.git.1sy.top,178.236.38.1,discovered
jenkins.git.1sy.top,http://jenkins.git.1sy.top/,discovered
jenkins.git.1sy.top,https://jenkins.git.1sy.top/,discovered
webmail.git.1sy.top,http://webmail.git.1sy.top/,discovered
webmail.git.1sy.top,https://webmail.git.1sy.top/,discovered
portal.git.1sy.top,http://portal.git.1sy.top/,discovered
portal.git.1sy.top,https://portal.git.1sy.top/,discovered
alipay.git.1sy.top,monitoring.alipay.git.1sy.top,discovered
alipay.git.1sy.top,reports.alipay.git.1sy.top,discovered
alipay.git.1sy.top,pub.alipay.git.1sy.top,discovered
alipay.git.1sy.top,db.alipay.git.1sy.top,discovered
alipay.git.1sy.top,files.alipay.git.1sy.top,discovered
alipay.git.1sy.top,ftp.alipay.git.1sy.top,discovered
alipay.git.1sy.top,cart.alipay.git.1sy.top,discovered
alipay.git.1sy.top,dns.alipay.git.1sy.top,discovered
alipay.git.1sy.top,assets.alipay.git.1sy.top,discovered
alipay.git.1sy.top,market.alipay.git.1sy.top,discovered
alipay.git.1sy.top,logging.alipay.git.1sy.top,discovered
alipay.git.1sy.top,svn.alipay.git.1sy.top,discovered
alipay.git.1sy.top,books.alipay.git.1sy.top,discovered
alipay.git.1sy.top,elastic.alipay.git.1sy.top,discovered
alipay.git.1sy.top,vpn.alipay.git.1sy.top,discovered
alipay.git.1sy.top,qa.alipay.git.1sy.top,discovered
alipay.git.1sy.top,oauth.alipay.git.1sy.top,discovered
alipay.git.1sy.top,upload.alipay.git.1sy.top,discovered
alipay.git.1sy.top,dev.alipay.git.1sy.top,discovered
alipay.git.1sy.top,product.alipay.git.1sy.top,discovered
alipay.git.1sy.top,k8s.alipay.git.1sy.top,discovered
alipay.git.1sy.top,websocket.alipay.git.1sy.top,discovered
alipay.git.1sy.top,magazine.alipay.git.1sy.top,discovered
alipay.git.1sy.top,hrm.alipay.git.1sy.top,discovered
alipay.git.1sy.top,phpadmin.alipay.git.1sy.top,discovered
alipay.git.1sy.top,careers.alipay.git.1sy.top,discovered
alipay.git.1sy.top,static3.alipay.git.1sy.top,discovered
alipay.git.1sy.top,console.alipay.git.1sy.top,discovered
alipay.git.1sy.top,ns2.alipay.git.1sy.top,discovered
alipay.git.1sy.top,api-staging.alipay.git.1sy.top,discovered
alipay.git.1sy.top,store.alipay.git.1sy.top,discovered
alipay.git.1sy.top,auth2.alipay.git.1sy.top,discovered
alipay.git.1sy.top,alipay.alipay.git.1sy.top,discovered
alipay.git.1sy.top,radio.alipay.git.1sy.top,discovered
alipay.git.1sy.top,wap.alipay.git.1sy.top,discovered
alipay.git.1sy.top,web.alipay.git.1sy.top,discovered
alipay.git.1sy.top,preview.alipay.git.1sy.top,discovered
alipay.git.1sy.top,mini.alipay.git.1sy.top,discovered
alipay.git.1sy.top,bak.alipay.git.1sy.top,discovered
alipay.git.1sy.top,faq.alipay.git.1sy.top,discovered
alipay.git.1sy.top,mall.alipay.git.1sy.top,discovered
alipay.git.1sy.top,wss.alipay.git.1sy.top,discovered
alipay.git.1sy.top,graphql.alipay.git.1sy.top,discovered
alipay.git.1sy.top,mobile.alipay.git.1sy.top,discovered
alipay.git.1sy.top,pay.alipay.git.1sy.top,discovered
alipay.git.1sy.top,session.alipay.git.1sy.top,discovered
alipay.git.1sy.top,jobs.alipay.git.1sy.top,discovered
alipay.git.1sy.top,api-dev.alipay.git.1sy.top,discovered
alipay.git.1sy.top,es.alipay.git.1sy.top,discovered
alipay.git.1sy.top,ebook.alipay.git.1sy.top,discovered
alipay.git.1sy.top,openapi.alipay.git.1sy.top,discovered
alipay.git.1sy.top,forum.alipay.git.1sy.top,discovered
alipay.git.1sy.top,doc.alipay.git.1sy.top,discovered
alipay.git.1sy.top,database.alipay.git.1sy.top,discovered
alipay.git.1sy.top,novel.alipay.git.1sy.top,discovered
alipay.git.1sy.top,mail2.alipay.git.1sy.top,discovered
alipay.git.1sy.top,crm.alipay.git.1sy.top,discovered
alipay.git.1sy.top,support.alipay.git.1sy.top,discovered
alipay.git.1sy.top,homepage.alipay.git.1sy.top,discovered
alipay.git.1sy.top,temp.alipay.git.1sy.top,discovered
alipay.git.1sy.top,phpmyadmin.alipay.git.1sy.top,discovered
alipay.git.1sy.top,notify.alipay.git.1sy.top,discovered
alipay.git.1sy.top,story.alipay.git.1sy.top,discovered
alipay.git.1sy.top,mx2.alipay.git.1sy.top,discovered
alipay.git.1sy.top,unionpay.alipay.git.1sy.top,discovered
alipay.git.1sy.top,newsletter.alipay.git.1sy.top,discovered
alipay.git.1sy.top,news.alipay.git.1sy.top,discovered
alipay.git.1sy.top,bucket.alipay.git.1sy.top,discovered
alipay.git.1sy.top,service.alipay.git.1sy.top,discovered
alipay.git.1sy.top,m.alipay.git.1sy.top,discovered
alipay.git.1sy.top,paper.alipay.git.1sy.top,discovered
alipay.git.1sy.top,video.alipay.git.1sy.top,discovered
alipay.git.1sy.top,oa.alipay.git.1sy.top,discovered
alipay.git.1sy.top,radius.alipay.git.1sy.top,discovered
alipay.git.1sy.top,jenkins.alipay.git.1sy.top,discovered
alipay.git.1sy.top,wechat.alipay.git.1sy.top,discovered
alipay.git.1sy.top,m2.alipay.git.1sy.top,discovered
alipay.git.1sy.top,im.alipay.git.1sy.top,discovered
alipay.git.1sy.top,api.alipay.git.1sy.top,discovered
alipay.git.1sy.top,portal.alipay.git.1sy.top,discovered
alipay.git.1sy.top,uat.alipay.git.1sy.top,discovered
alipay.git.1sy.top,cached.alipay.git.1sy.top,discovered
alipay.git.1sy.top,hr.alipay.git.1sy.top,discovered
alipay.git.1sy.top,office.alipay.git.1sy.top,discovered
alipay.git.1sy.top,music.alipay.git.1sy.top,discovered
alipay.git.1sy.top,cdn.alipay.git.1sy.top,discovered
alipay.git.1sy.top,push.alipay.git.1sy.top,discovered
alipay.git.1sy.top,sites.alipay.git.1sy.top,discovered
alipay.git.1sy.top,cache.alipay.git.1sy.top,discovered
alipay.git.1sy.top,ns1.alipay.git.1sy.top,discovered
alipay.git.1sy.top,logs.alipay.git.1sy.top,discovered
alipay.git.1sy.top,mobi.alipay.git.1sy.top,discovered
alipay.git.1sy.top,development.alipay.git.1sy.top,discovered
alipay.git.1sy.top,staging2.alipay.git.1sy.top,discovered
alipay.git.1sy.top,manage.alipay.git.1sy.top,discovered
alipay.git.1sy.top,cdn3.alipay.git.1sy.top,discovered
alipay.git.1sy.top,oss.alipay.git.1sy.top,discovered
alipay.git.1sy.top,android.alipay.git.1sy.top,discovered
alipay.git.1sy.top,ns3.alipay.git.1sy.top,discovered
alipay.git.1sy.top,ws.alipay.git.1sy.top,discovered
alipay.git.1sy.top,nlb.alipay.git.1sy.top,discovered
alipay.git.1sy.top,preprod.alipay.git.1sy.top,discovered
alipay.git.1sy.top,socket.alipay.git.1sy.top,discovered
alipay.git.1sy.top,products.alipay.git.1sy.top,discovered
alipay.git.1sy.top,career.alipay.git.1sy.top,discovered
alipay.git.1sy.top,miniapp.alipay.git.1sy.top,discovered
alipay.git.1sy.top,img3.alipay.git.1sy.top,discovered
alipay.git.1sy.top,community.alipay.git.1sy.top,discovered
alipay.git.1sy.top,game.alipay.git.1sy.top,discovered
alipay.git.1sy.top,message.alipay.git.1sy.top,discovered
alipay.git.1sy.top,internal.alipay.git.1sy.top,discovered
alipay.git.1sy.top,elk.alipay.git.1sy.top,discovered
alipay.git.1sy.top,order2.alipay.git.1sy.top,discovered
alipay.git.1sy.top,home.alipay.git.1sy.top,discovered
alipay.git.1sy.top,h5.alipay.git.1sy.top,discovered
alipay.git.1sy.top,rest.alipay.git.1sy.top,discovered
alipay.git.1sy.top,img.alipay.git.1sy.top,discovered
alipay.git.1sy.top,open.alipay.git.1sy.top,discovered
alipay.git.1sy.top,api-gw.alipay.git.1sy.top,discovered
alipay.git.1sy.top,docs.alipay.git.1sy.top,discovered
alipay.git.1sy.top,bbs.alipay.git.1sy.top,discovered
alipay.git.1sy.top,dev2.alipay.git.1sy.top,discovered
alipay.git.1sy.top,uploads.alipay.git.1sy.top,discovered
alipay.git.1sy.top,cas.alipay.git.1sy.top,discovered
alipay.git.1sy.top,chat.alipay.git.1sy.top,discovered
alipay.git.1sy.top,demo.alipay.git.1sy.top,discovered
alipay.git.1sy.top,kubernetes.alipay.git.1sy.top,discovered
alipay.git.1sy.top,help.alipay.git.1sy.top,discovered
alipay.git.1sy.top,remote.alipay.git.1sy.top,discovered
alipay.git.1sy.top,live.alipay.git.1sy.top,discovered
alipay.git.1sy.top,comic.alipay.git.1sy.top,discovered
alipay.git.1sy.top,api-internal.alipay.git.1sy.top,discovered
alipay.git.1sy.top,notification.alipay.git.1sy.top,discovered
alipay.git.1sy.top,sale.alipay.git.1sy.top,discovered
alipay.git.1sy.top,file.alipay.git.1sy.top,discovered
alipay.git.1sy.top,docker.alipay.git.1sy.top,discovered
alipay.git.1sy.top,ci.alipay.git.1sy.top,discovered
alipay.git.1sy.top,site.alipay.git.1sy.top,discovered
alipay.git.1sy.top,www.alipay.git.1sy.top,discovered
alipay.git.1sy.top,beta.alipay.git.1sy.top,discovered
alipay.git.1sy.top,manager.alipay.git.1sy.top,discovered
alipay.git.1sy.top,proxy.alipay.git.1sy.top,discovered
alipay.git.1sy.top,api2.alipay.git.1sy.top,discovered
alipay.git.1sy.top,ssh.alipay.git.1sy.top,discovered
alipay.git.1sy.top,redis.alipay.git.1sy.top,discovered
alipay.git.1sy.top,webapp.alipay.git.1sy.top,discovered
alipay.git.1sy.top,intranet.alipay.git.1sy.top,discovered
alipay.git.1sy.top,recruit.alipay.git.1sy.top,discovered
alipay.git.1sy.top,webview.alipay.git.1sy.top,discovered
alipay.git.1sy.top,wx.alipay.git.1sy.top,discovered
alipay.git.1sy.top,mysqladmin.alipay.git.1sy.top,discovered
alipay.git.1sy.top,canary.alipay.git.1sy.top,discovered
alipay.git.1sy.top,order.alipay.git.1sy.top,discovered
alipay.git.1sy.top,shop.alipay.git.1sy.top,discovered
alipay.git.1sy.top,staging.alipay.git.1sy.top,discovered
alipay.git.1sy.top,cos.alipay.git.1sy.top,discovered
alipay.git.1sy.top,wap2.alipay.git.1sy.top,discovered
alipay.git.1sy.top,pre.alipay.git.1sy.top,discovered
alipay.git.1sy.top,storage.alipay.git.1sy.top,discovered
alipay.git.1sy.top,zabbix.alipay.git.1sy.top,discovered
alipay.git.1sy.top,prometheus.alipay.git.1sy.top,discovered
alipay.git.1sy.top,build.alipay.git.1sy.top,discovered
alipay.git.1sy.top,health.alipay.git.1sy.top,discovered
alipay.git.1sy.top,gw.alipay.git.1sy.top,discovered
alipay.git.1sy.top,administrator.alipay.git.1sy.top,discovered
alipay.git.1sy.top,gray.alipay.git.1sy.top,discovered
alipay.git.1sy.top,contact.alipay.git.1sy.top,discovered
alipay.git.1sy.top,wechat2.alipay.git.1sy.top,discovered
alipay.git.1sy.top,ios.alipay.git.1sy.top,discovered
alipay.git.1sy.top,pop.alipay.git.1sy.top,discovered
alipay.git.1sy.top,apps.alipay.git.1sy.top,discovered
alipay.git.1sy.top,admin.alipay.git.1sy.top,discovered
alipay.git.1sy.top,static.alipay.git.1sy.top,discovered
alipay.git.1sy.top,stage.alipay.git.1sy.top,discovered
alipay.git.1sy.top,prod.alipay.git.1sy.top,discovered
alipay.git.1sy.top,erp.alipay.git.1sy.top,discovered
alipay.git.1sy.top,grafana.alipay.git.1sy.top,discovered
alipay.git.1sy.top,mail.alipay.git.1sy.top,discovered
alipay.git.1sy.top,wiki.alipay.git.1sy.top,discovered
alipay.git.1sy.top,data.alipay.git.1sy.top,discovered
alipay.git.1sy.top,smtp.alipay.git.1sy.top,discovered
alipay.git.1sy.top,auth.alipay.git.1sy.top,discovered
alipay.git.1sy.top,image.alipay.git.1sy.top,discovered
alipay.git.1sy.top,testing.alipay.git.1sy.top,discovered
alipay.git.1sy.top,games.alipay.git.1sy.top,discovered
alipay.git.1sy.top,analytics.alipay.git.1sy.top,discovered
alipay.git.1sy.top,img2.alipay.git.1sy.top,discovered
alipay.git.1sy.top,checkout.alipay.git.1sy.top,discovered
alipay.git.1sy.top,gitlab.alipay.git.1sy.top,discovered
alipay.git.1sy.top,cdn2.alipay.git.1sy.top,discovered
alipay.git.1sy.top,github.alipay.git.1sy.top,discovered
alipay.git.1sy.top,blog.alipay.git.1sy.top,discovered
alipay.git.1sy.top,tv.alipay.git.1sy.top,discovered
alipay.git.1sy.top,mx.alipay.git.1sy.top,discovered
alipay.git.1sy.top,apis.alipay.git.1sy.top,discovered
alipay.git.1sy.top,payment.alipay.git.1sy.top,discovered
alipay.git.1sy.top,keycloak.alipay.git.1sy.top,discovered
alipay.git.1sy.top,app.alipay.git.1sy.top,discovered
alipay.git.1sy.top,api-gateway.alipay.git.1sy.top,discovered
alipay.git.1sy.top,sse.alipay.git.1sy.top,discovered
alipay.git.1sy.top,sandbox.alipay.git.1sy.top,discovered
alipay.git.1sy.top,reader.alipay.git.1sy.top,discovered
alipay.git.1sy.top,book.alipay.git.1sy.top,discovered
alipay.git.1sy.top,about.alipay.git.1sy.top,discovered
alipay.git.1sy.top,public.alipay.git.1sy.top,discovered
alipay.git.1sy.top,tmp.alipay.git.1sy.top,discovered
alipay.git.1sy.top,read.alipay.git.1sy.top,discovered
alipay.git.1sy.top,imap.alipay.git.1sy.top,discovered
alipay.git.1sy.top,log.alipay.git.1sy.top,discovered
alipay.git.1sy.top,login.alipay.git.1sy.top,discovered
alipay.git.1sy.top,images.alipay.git.1sy.top,discovered
alipay.git.1sy.top,test2.alipay.git.1sy.top,discovered
alipay.git.1sy.top,sess.alipay.git.1sy.top,discovered
alipay.git.1sy.top,pay2.alipay.git.1sy.top,discovered
alipay.git.1sy.top,webmail.alipay.git.1sy.top,discovered
alipay.git.1sy.top,monitor.alipay.git.1sy.top,discovered
alipay.git.1sy.top,documentation.alipay.git.1sy.top,discovered
alipay.git.1sy.top,index.alipay.git.1sy.top,discovered
alipay.git.1sy.top,sms.alipay.git.1sy.top,discovered
alipay.git.1sy.top,security.alipay.git.1sy.top,discovered
alipay.git.1sy.top,library.alipay.git.1sy.top,discovered
alipay.git.1sy.top,cms.alipay.git.1sy.top,discovered
alipay.git.1sy.top,test.alipay.git.1sy.top,discovered
alipay.git.1sy.top,pop3.alipay.git.1sy.top,discovered
alipay.git.1sy.top,mx1.alipay.git.1sy.top,discovered
alipay.git.1sy.top,report.alipay.git.1sy.top,discovered
alipay.git.1sy.top,sso2.alipay.git.1sy.top,discovered
alipay.git.1sy.top,buy.alipay.git.1sy.top,discovered
alipay.git.1sy.top,api-test.alipay.git.1sy.top,discovered
alipay.git.1sy.top,mysql.alipay.git.1sy.top,discovered
alipay.git.1sy.top,pgadmin.alipay.git.1sy.top,discovered
alipay.git.1sy.top,grpc.alipay.git.1sy.top,discovered
alipay.git.1sy.top,job.alipay.git.1sy.top,discovered
alipay.git.1sy.top,status.alipay.git.1sy.top,discovered
alipay.git.1sy.top,static2.alipay.git.1sy.top,discovered
alipay.git.1sy.top,git.alipay.git.1sy.top,discovered
alipay.git.1sy.top,backup.alipay.git.1sy.top,discovered
alipay.git.1sy.top,sftp.alipay.git.1sy.top,discovered
alipay.git.1sy.top,cd.alipay.git.1sy.top,discovered
alipay.git.1sy.top,production.alipay.git.1sy.top,discovered
alipay.git.1sy.top,media.alipay.git.1sy.top,discovered
alipay.git.1sy.top,saml.alipay.git.1sy.top,discovered
alipay.git.1sy.top,ldap.alipay.git.1sy.top,discovered
alipay.git.1sy.top,mailchimp.alipay.git.1sy.top,discovered
alipay.git.1sy.top,api-prod.alipay.git.1sy.top,discovered
alipay.git.1sy.top,token.alipay.git.1sy.top,discovered
alipay.git.1sy.top,gateway.alipay.git.1sy.top,discovered
alipay.git.1sy.top,download.alipay.git.1sy.top,discovered
alipay.git.1sy.top,metrics.alipay.git.1sy.top,discovered
alipay.git.1sy.top,registry.alipay.git.1sy.top,discovered
alipay.git.1sy.top,export.alipay.git.1sy.top,discovered
alipay.git.1sy.top,weixin.alipay.git.1sy.top,discovered
alipay.git.1sy.top,kibana.alipay.git.1sy.top,discovered
alipay.git.1sy.top,lb.alipay.git.1sy.top,discovered
alipay.git.1sy.top,mail1.alipay.git.1sy.top,discovered
alipay.git.1sy.top,stats.alipay.git.1sy.top,discovered
alipay.git.1sy.top,services.alipay.git.1sy.top,discovered
alipay.git.1sy.top,article.alipay.git.1sy.top,discovered
alipay.git.1sy.top,main.alipay.git.1sy.top,discovered
alipay.git.1sy.top,documents.alipay.git.1sy.top,discovered
alipay.git.1sy.top,sso.alipay.git.1sy.top,discovered
alipay.git.1sy.top,54.238.47.134,discovered
radio.git.1sy.top,http://radio.git.1sy.top/,discovered
radio.git.1sy.top,https://radio.git.1sy.top/,discovered
faq.git.1sy.top,sse.faq.git.1sy.top,discovered
faq.git.1sy.top,blog.faq.git.1sy.top,discovered
faq.git.1sy.top,github.faq.git.1sy.top,discovered
faq.git.1sy.top,elk.faq.git.1sy.top,discovered
faq.git.1sy.top,saml.faq.git.1sy.top,discovered
faq.git.1sy.top,gitlab.faq.git.1sy.top,discovered
faq.git.1sy.top,mail1.faq.git.1sy.top,discovered
faq.git.1sy.top,oauth.faq.git.1sy.top,discovered
faq.git.1sy.top,stats.faq.git.1sy.top,discovered
faq.git.1sy.top,sso2.faq.git.1sy.top,discovered
faq.git.1sy.top,production.faq.git.1sy.top,discovered
faq.git.1sy.top,checkout.faq.git.1sy.top,discovered
faq.git.1sy.top,api-test.faq.git.1sy.top,discovered
faq.git.1sy.top,admin.faq.git.1sy.top,discovered
faq.git.1sy.top,staging2.faq.git.1sy.top,discovered
faq.git.1sy.top,message.faq.git.1sy.top,discovered
faq.git.1sy.top,sms.faq.git.1sy.top,discovered
faq.git.1sy.top,sale.faq.git.1sy.top,discovered
faq.git.1sy.top,qa.faq.git.1sy.top,discovered
faq.git.1sy.top,reader.faq.git.1sy.top,discovered
faq.git.1sy.top,img3.faq.git.1sy.top,discovered
faq.git.1sy.top,metrics.faq.git.1sy.top,discovered
faq.git.1sy.top,pop.faq.git.1sy.top,discovered
faq.git.1sy.top,cart.faq.git.1sy.top,discovered
faq.git.1sy.top,wx.faq.git.1sy.top,discovered
faq.git.1sy.top,mysql.faq.git.1sy.top,discovered
faq.git.1sy.top,kubernetes.faq.git.1sy.top,discovered
faq.git.1sy.top,auth.faq.git.1sy.top,discovered
faq.git.1sy.top,internal.faq.git.1sy.top,discovered
faq.git.1sy.top,radio.faq.git.1sy.top,discovered
faq.git.1sy.top,pop3.faq.git.1sy.top,discovered
faq.git.1sy.top,dev.faq.git.1sy.top,discovered
faq.git.1sy.top,canary.faq.git.1sy.top,discovered
faq.git.1sy.top,alipay.faq.git.1sy.top,discovered
faq.git.1sy.top,open.faq.git.1sy.top,discovered
faq.git.1sy.top,ldap.faq.git.1sy.top,discovered
faq.git.1sy.top,games.faq.git.1sy.top,discovered
faq.git.1sy.top,m2.faq.git.1sy.top,discovered
faq.git.1sy.top,career.faq.git.1sy.top,discovered
faq.git.1sy.top,library.faq.git.1sy.top,discovered
faq.git.1sy.top,order.faq.git.1sy.top,discovered
faq.git.1sy.top,git.faq.git.1sy.top,discovered
faq.git.1sy.top,static2.faq.git.1sy.top,discovered
faq.git.1sy.top,manager.faq.git.1sy.top,discovered
faq.git.1sy.top,cos.faq.git.1sy.top,discovered
faq.git.1sy.top,docs.faq.git.1sy.top,discovered
faq.git.1sy.top,ftp.faq.git.1sy.top,discovered
faq.git.1sy.top,home.faq.git.1sy.top,discovered
faq.git.1sy.top,cached.faq.git.1sy.top,discovered
faq.git.1sy.top,pre.faq.git.1sy.top,discovered
faq.git.1sy.top,push.faq.git.1sy.top,discovered
faq.git.1sy.top,websocket.faq.git.1sy.top,discovered
faq.git.1sy.top,pay2.faq.git.1sy.top,discovered
faq.git.1sy.top,assets.faq.git.1sy.top,discovered
faq.git.1sy.top,registry.faq.git.1sy.top,discovered
faq.git.1sy.top,recruit.faq.git.1sy.top,discovered
faq.git.1sy.top,openapi.faq.git.1sy.top,discovered
faq.git.1sy.top,products.faq.git.1sy.top,discovered
faq.git.1sy.top,magazine.faq.git.1sy.top,discovered
faq.git.1sy.top,product.faq.git.1sy.top,discovered
faq.git.1sy.top,image.faq.git.1sy.top,discovered
faq.git.1sy.top,monitor.faq.git.1sy.top,discovered
faq.git.1sy.top,webview.faq.git.1sy.top,discovered
faq.git.1sy.top,mobile.faq.git.1sy.top,discovered
faq.git.1sy.top,logging.faq.git.1sy.top,discovered
faq.git.1sy.top,job.faq.git.1sy.top,discovered
faq.git.1sy.top,mailchimp.faq.git.1sy.top,discovered
faq.git.1sy.top,chat.faq.git.1sy.top,discovered
faq.git.1sy.top,cdn3.faq.git.1sy.top,discovered
faq.git.1sy.top,img.faq.git.1sy.top,discovered
faq.git.1sy.top,hrm.faq.git.1sy.top,discovered
faq.git.1sy.top,uploads.faq.git.1sy.top,discovered
faq.git.1sy.top,pub.faq.git.1sy.top,discovered
faq.git.1sy.top,bbs.faq.git.1sy.top,discovered
faq.git.1sy.top,help.faq.git.1sy.top,discovered
faq.git.1sy.top,manage.faq.git.1sy.top,discovered
faq.git.1sy.top,temp.faq.git.1sy.top,discovered
faq.git.1sy.top,storage.faq.git.1sy.top,discovered
faq.git.1sy.top,proxy.faq.git.1sy.top,discovered
faq.git.1sy.top,m.faq.git.1sy.top,discovered
faq.git.1sy.top,testing.faq.git.1sy.top,discovered
faq.git.1sy.top,radius.faq.git.1sy.top,discovered
faq.git.1sy.top,test2.faq.git.1sy.top,discovered
faq.git.1sy.top,mini.faq.git.1sy.top,discovered
faq.git.1sy.top,phpadmin.faq.git.1sy.top,discovered
faq.git.1sy.top,sftp.faq.git.1sy.top,discovered
faq.git.1sy.top,kibana.faq.git.1sy.top,discovered
faq.git.1sy.top,log.faq.git.1sy.top,discovered
faq.git.1sy.top,cas.faq.git.1sy.top,discovered
faq.git.1sy.top,graphql.faq.git.1sy.top,discovered
faq.git.1sy.top,sess.faq.git.1sy.top,discovered
faq.git.1sy.top,beta.faq.git.1sy.top,discovered
faq.git.1sy.top,svn.faq.git.1sy.top,discovered
faq.git.1sy.top,live.faq.git.1sy.top,discovered
faq.git.1sy.top,cache.faq.git.1sy.top,discovered
faq.git.1sy.top,documentation.faq.git.1sy.top,discovered
faq.git.1sy.top,img2.faq.git.1sy.top,discovered
faq.git.1sy.top,build.faq.git.1sy.top,discovered
faq.git.1sy.top,demo.faq.git.1sy.top,discovered
faq.git.1sy.top,tracking.faq.git.1sy.top,discovered
faq.git.1sy.top,docker.faq.git.1sy.top,discovered
faq.git.1sy.top,api.faq.git.1sy.top,discovered
faq.git.1sy.top,stage.faq.git.1sy.top,discovered
faq.git.1sy.top,preview.faq.git.1sy.top,discovered
faq.git.1sy.top,newsletter.faq.git.1sy.top,discovered
faq.git.1sy.top,ns2.faq.git.1sy.top,discovered
faq.git.1sy.top,order2.faq.git.1sy.top,discovered
faq.git.1sy.top,gw.faq.git.1sy.top,discovered
faq.git.1sy.top,ssh.faq.git.1sy.top,discovered
faq.git.1sy.top,export.faq.git.1sy.top,discovered
faq.git.1sy.top,files.faq.git.1sy.top,discovered
faq.git.1sy.top,cms.faq.git.1sy.top,discovered
faq.git.1sy.top,remote.faq.git.1sy.top,discovered
faq.git.1sy.top,lb.faq.git.1sy.top,discovered
faq.git.1sy.top,sso.faq.git.1sy.top,discovered
faq.git.1sy.top,wss.faq.git.1sy.top,discovered
faq.git.1sy.top,notify.faq.git.1sy.top,discovered
faq.git.1sy.top,api-internal.faq.git.1sy.top,discovered
faq.git.1sy.top,comic.faq.git.1sy.top,discovered
faq.git.1sy.top,grpc.faq.git.1sy.top,discovered
faq.git.1sy.top,story.faq.git.1sy.top,discovered
faq.git.1sy.top,mx.faq.git.1sy.top,discovered
faq.git.1sy.top,ns1.faq.git.1sy.top,discovered
faq.git.1sy.top,web.faq.git.1sy.top,discovered
faq.git.1sy.top,keycloak.faq.git.1sy.top,discovered
faq.git.1sy.top,oa.faq.git.1sy.top,discovered
faq.git.1sy.top,test.faq.git.1sy.top,discovered
faq.git.1sy.top,erp.faq.git.1sy.top,discovered
faq.git.1sy.top,api-prod.faq.git.1sy.top,discovered
faq.git.1sy.top,wap2.faq.git.1sy.top,discovered
faq.git.1sy.top,paper.faq.git.1sy.top,discovered
faq.git.1sy.top,zabbix.faq.git.1sy.top,discovered
faq.git.1sy.top,monitoring.faq.git.1sy.top,discovered
faq.git.1sy.top,www.faq.git.1sy.top,discovered
faq.git.1sy.top,backup.faq.git.1sy.top,discovered
faq.git.1sy.top,mobi.faq.git.1sy.top,discovered
faq.git.1sy.top,site.faq.git.1sy.top,discovered
faq.git.1sy.top,wap.faq.git.1sy.top,discovered
faq.git.1sy.top,wechat2.faq.git.1sy.top,discovered
faq.git.1sy.top,oss.faq.git.1sy.top,discovered
faq.git.1sy.top,login.faq.git.1sy.top,discovered
faq.git.1sy.top,vpn.faq.git.1sy.top,discovered
faq.git.1sy.top,index.faq.git.1sy.top,discovered
faq.git.1sy.top,mx2.faq.git.1sy.top,discovered
faq.git.1sy.top,dev2.faq.git.1sy.top,discovered
faq.git.1sy.top,file.faq.git.1sy.top,discovered
faq.git.1sy.top,service.faq.git.1sy.top,discovered
faq.git.1sy.top,pay.faq.git.1sy.top,discovered
faq.git.1sy.top,bucket.faq.git.1sy.top,discovered
faq.git.1sy.top,mysqladmin.faq.git.1sy.top,discovered
faq.git.1sy.top,h5.faq.git.1sy.top,discovered
faq.git.1sy.top,cdn2.faq.git.1sy.top,discovered
faq.git.1sy.top,auth2.faq.git.1sy.top,discovered
faq.git.1sy.top,preprod.faq.git.1sy.top,discovered
faq.git.1sy.top,weixin.faq.git.1sy.top,discovered
faq.git.1sy.top,jobs.faq.git.1sy.top,discovered
faq.git.1sy.top,download.faq.git.1sy.top,discovered
faq.git.1sy.top,api-gateway.faq.git.1sy.top,discovered
faq.git.1sy.top,staging.faq.git.1sy.top,discovered
faq.git.1sy.top,im.faq.git.1sy.top,discovered
faq.git.1sy.top,prometheus.faq.git.1sy.top,discovered
faq.git.1sy.top,k8s.faq.git.1sy.top,discovered
faq.git.1sy.top,books.faq.git.1sy.top,discovered
faq.git.1sy.top,homepage.faq.git.1sy.top,discovered
faq.git.1sy.top,socket.faq.git.1sy.top,discovered
faq.git.1sy.top,api-dev.faq.git.1sy.top,discovered
faq.git.1sy.top,gray.faq.git.1sy.top,discovered
faq.git.1sy.top,app.faq.git.1sy.top,discovered
faq.git.1sy.top,security.faq.git.1sy.top,discovered
faq.git.1sy.top,ebook.faq.git.1sy.top,discovered
faq.git.1sy.top,api-staging.faq.git.1sy.top,discovered
faq.git.1sy.top,about.faq.git.1sy.top,discovered
faq.git.1sy.top,read.faq.git.1sy.top,discovered
faq.git.1sy.top,cdn.faq.git.1sy.top,discovered
faq.git.1sy.top,public.faq.git.1sy.top,discovered
faq.git.1sy.top,contact.faq.git.1sy.top,discovered
faq.git.1sy.top,health.faq.git.1sy.top,discovered
faq.git.1sy.top,bak.faq.git.1sy.top,discovered
faq.git.1sy.top,administrator.faq.git.1sy.top,discovered
faq.git.1sy.top,redis.faq.git.1sy.top,discovered
faq.git.1sy.top,office.faq.git.1sy.top,discovered
faq.git.1sy.top,apis.faq.git.1sy.top,discovered
faq.git.1sy.top,apps.faq.git.1sy.top,discovered
faq.git.1sy.top,token.faq.git.1sy.top,discovered
faq.git.1sy.top,ws.faq.git.1sy.top,discovered
faq.git.1sy.top,ci.faq.git.1sy.top,discovered
faq.git.1sy.top,sandbox.faq.git.1sy.top,discovered
faq.git.1sy.top,mx1.faq.git.1sy.top,discovered
faq.git.1sy.top,api2.faq.git.1sy.top,discovered
faq.git.1sy.top,logs.faq.git.1sy.top,discovered
faq.git.1sy.top,sites.faq.git.1sy.top,discovered
faq.git.1sy.top,shop.faq.git.1sy.top,discovered
faq.git.1sy.top,status.faq.git.1sy.top,discovered
faq.git.1sy.top,store.faq.git.1sy.top,discovered
faq.git.1sy.top,miniapp.faq.git.1sy.top,discovered
faq.git.1sy.top,webapp.faq.git.1sy.top,discovered
faq.git.1sy.top,support.faq.git.1sy.top,discovered
faq.git.1sy.top,database.faq.git.1sy.top,discovered
faq.git.1sy.top,faq.faq.git.1sy.top,discovered
faq.git.1sy.top,hr.faq.git.1sy.top,discovered
faq.git.1sy.top,notification.faq.git.1sy.top,discovered
faq.git.1sy.top,doc.faq.git.1sy.top,discovered
faq.git.1sy.top,upload.faq.git.1sy.top,discovered
faq.git.1sy.top,buy.faq.git.1sy.top,discovered
faq.git.1sy.top,api-gw.faq.git.1sy.top,discovered
faq.git.1sy.top,dns.faq.git.1sy.top,discovered
faq.git.1sy.top,novel.faq.git.1sy.top,discovered
faq.git.1sy.top,media.faq.git.1sy.top,discovered
faq.git.1sy.top,pgadmin.faq.git.1sy.top,discovered
faq.git.1sy.top,session.faq.git.1sy.top,discovered
faq.git.1sy.top,android.faq.git.1sy.top,discovered
faq.git.1sy.top,wiki.faq.git.1sy.top,discovered
faq.git.1sy.top,jenkins.faq.git.1sy.top,discovered
faq.git.1sy.top,development.faq.git.1sy.top,discovered
faq.git.1sy.top,video.faq.git.1sy.top,discovered
faq.git.1sy.top,crm.faq.git.1sy.top,discovered
faq.git.1sy.top,unionpay.faq.git.1sy.top,discovered
faq.git.1sy.top,webmail.faq.git.1sy.top,discovered
faq.git.1sy.top,static.faq.git.1sy.top,discovered
faq.git.1sy.top,market.faq.git.1sy.top,discovered
faq.git.1sy.top,mail.faq.git.1sy.top,discovered
faq.git.1sy.top,news.faq.git.1sy.top,discovered
faq.git.1sy.top,console.faq.git.1sy.top,discovered
faq.git.1sy.top,es.faq.git.1sy.top,discovered
faq.git.1sy.top,uat.faq.git.1sy.top,discovered
faq.git.1sy.top,report.faq.git.1sy.top,discovered
faq.git.1sy.top,documents.faq.git.1sy.top,discovered
faq.git.1sy.top,static3.faq.git.1sy.top,discovered
faq.git.1sy.top,payment.faq.git.1sy.top,discovered
faq.git.1sy.top,tmp.faq.git.1sy.top,discovered
faq.git.1sy.top,elastic.faq.git.1sy.top,discovered
faq.git.1sy.top,images.faq.git.1sy.top,discovered
faq.git.1sy.top,book.faq.git.1sy.top,discovered
faq.git.1sy.top,portal.faq.git.1sy.top,discovered
faq.git.1sy.top,community.faq.git.1sy.top,discovered
faq.git.1sy.top,rest.faq.git.1sy.top,discovered
faq.git.1sy.top,smtp.faq.git.1sy.top,discovered
faq.git.1sy.top,cd.faq.git.1sy.top,discovered
faq.git.1sy.top,db.faq.git.1sy.top,discovered
faq.git.1sy.top,ns3.faq.git.1sy.top,discovered
faq.git.1sy.top,ios.faq.git.1sy.top,discovered
faq.git.1sy.top,gateway.faq.git.1sy.top,discovered
faq.git.1sy.top,mail2.faq.git.1sy.top,discovered
faq.git.1sy.top,grafana.faq.git.1sy.top,discovered
faq.git.1sy.top,music.faq.git.1sy.top,discovered
faq.git.1sy.top,imap.faq.git.1sy.top,discovered
faq.git.1sy.top,analytics.faq.git.1sy.top,discovered
faq.git.1sy.top,tv.faq.git.1sy.top,discovered
faq.git.1sy.top,mall.faq.git.1sy.top,discovered
faq.git.1sy.top,phpmyadmin.faq.git.1sy.top,discovered
faq.git.1sy.top,services.faq.git.1sy.top,discovered
faq.git.1sy.top,article.faq.git.1sy.top,discovered
faq.git.1sy.top,intranet.faq.git.1sy.top,discovered
faq.git.1sy.top,data.faq.git.1sy.top,discovered
faq.git.1sy.top,nlb.faq.git.1sy.top,discovered
faq.git.1sy.top,main.faq.git.1sy.top,discovered
faq.git.1sy.top,forum.faq.git.1sy.top,discovered
faq.git.1sy.top,reports.faq.git.1sy.top,discovered
faq.git.1sy.top,careers.faq.git.1sy.top,discovered
faq.git.1sy.top,wechat.faq.git.1sy.top,discovered
faq.git.1sy.top,43.207.112.80,discovered
chat.git.1sy.top,production.chat.git.1sy.top,discovered
chat.git.1sy.top,remote.chat.git.1sy.top,discovered
chat.git.1sy.top,products.chat.git.1sy.top,discovered
chat.git.1sy.top,docs.chat.git.1sy.top,discovered
chat.git.1sy.top,phpadmin.chat.git.1sy.top,discovered
chat.git.1sy.top,administrator.chat.git.1sy.top,discovered
chat.git.1sy.top,openapi.chat.git.1sy.top,discovered
chat.git.1sy.top,reports.chat.git.1sy.top,discovered
chat.git.1sy.top,sites.chat.git.1sy.top,discovered
chat.git.1sy.top,cms.chat.git.1sy.top,discovered
chat.git.1sy.top,gray.chat.git.1sy.top,discovered
chat.git.1sy.top,apis.chat.git.1sy.top,discovered
chat.git.1sy.top,portal.chat.git.1sy.top,discovered
chat.git.1sy.top,main.chat.git.1sy.top,discovered
chat.git.1sy.top,app.chat.git.1sy.top,discovered
chat.git.1sy.top,bak.chat.git.1sy.top,discovered
chat.git.1sy.top,proxy.chat.git.1sy.top,discovered
chat.git.1sy.top,shop.chat.git.1sy.top,discovered
chat.git.1sy.top,cached.chat.git.1sy.top,discovered
chat.git.1sy.top,static2.chat.git.1sy.top,discovered
chat.git.1sy.top,smtp.chat.git.1sy.top,discovered
chat.git.1sy.top,buy.chat.git.1sy.top,discovered
chat.git.1sy.top,git.chat.git.1sy.top,discovered
chat.git.1sy.top,uat.chat.git.1sy.top,discovered
chat.git.1sy.top,hrm.chat.git.1sy.top,discovered
chat.git.1sy.top,docker.chat.git.1sy.top,discovered
chat.git.1sy.top,internal.chat.git.1sy.top,discovered
chat.git.1sy.top,notification.chat.git.1sy.top,discovered
chat.git.1sy.top,service.chat.git.1sy.top,discovered
chat.git.1sy.top,pre.chat.git.1sy.top,discovered
chat.git.1sy.top,mail2.chat.git.1sy.top,discovered
chat.git.1sy.top,api-staging.chat.git.1sy.top,discovered
chat.git.1sy.top,beta.chat.git.1sy.top,discovered
chat.git.1sy.top,db.chat.git.1sy.top,discovered
chat.git.1sy.top,login.chat.git.1sy.top,discovered
chat.git.1sy.top,webmail.chat.git.1sy.top,discovered
chat.git.1sy.top,session.chat.git.1sy.top,discovered
chat.git.1sy.top,sandbox.chat.git.1sy.top,discovered
chat.git.1sy.top,report.chat.git.1sy.top,discovered
chat.git.1sy.top,forum.chat.git.1sy.top,discovered
chat.git.1sy.top,mobi.chat.git.1sy.top,discovered
chat.git.1sy.top,ebook.chat.git.1sy.top,discovered
chat.git.1sy.top,game.chat.git.1sy.top,discovered
chat.git.1sy.top,metrics.chat.git.1sy.top,discovered
chat.git.1sy.top,erp.chat.git.1sy.top,discovered
chat.git.1sy.top,mobile.chat.git.1sy.top,discovered
chat.git.1sy.top,log.chat.git.1sy.top,discovered
chat.git.1sy.top,payment.chat.git.1sy.top,discovered
chat.git.1sy.top,games.chat.git.1sy.top,discovered
chat.git.1sy.top,file.chat.git.1sy.top,discovered
chat.git.1sy.top,video.chat.git.1sy.top,discovered
chat.git.1sy.top,book.chat.git.1sy.top,discovered
chat.git.1sy.top,demo.chat.git.1sy.top,discovered
chat.git.1sy.top,sms.chat.git.1sy.top,discovered
chat.git.1sy.top,logging.chat.git.1sy.top,discovered
chat.git.1sy.top,zabbix.chat.git.1sy.top,discovered
chat.git.1sy.top,career.chat.git.1sy.top,discovered
chat.git.1sy.top,live.chat.git.1sy.top,discovered
chat.git.1sy.top,api.chat.git.1sy.top,discovered
chat.git.1sy.top,monitor.chat.git.1sy.top,discovered
chat.git.1sy.top,kibana.chat.git.1sy.top,discovered
chat.git.1sy.top,mx.chat.git.1sy.top,discovered
chat.git.1sy.top,cos.chat.git.1sy.top,discovered
chat.git.1sy.top,qa.chat.git.1sy.top,discovered
chat.git.1sy.top,books.chat.git.1sy.top,discovered
chat.git.1sy.top,websocket.chat.git.1sy.top,discovered
chat.git.1sy.top,mall.chat.git.1sy.top,discovered
chat.git.1sy.top,about.chat.git.1sy.top,discovered
chat.git.1sy.top,testing.chat.git.1sy.top,discovered
chat.git.1sy.top,alipay.chat.git.1sy.top,discovered
chat.git.1sy.top,console.chat.git.1sy.top,discovered
chat.git.1sy.top,preview.chat.git.1sy.top,discovered
chat.git.1sy.top,logs.chat.git.1sy.top,discovered
chat.git.1sy.top,ios.chat.git.1sy.top,discovered
chat.git.1sy.top,ns3.chat.git.1sy.top,discovered
chat.git.1sy.top,weixin.chat.git.1sy.top,discovered
chat.git.1sy.top,wechat.chat.git.1sy.top,discovered
chat.git.1sy.top,web.chat.git.1sy.top,discovered
chat.git.1sy.top,build.chat.git.1sy.top,discovered
chat.git.1sy.top,mx1.chat.git.1sy.top,discovered
chat.git.1sy.top,rest.chat.git.1sy.top,discovered
chat.git.1sy.top,index.chat.git.1sy.top,discovered
chat.git.1sy.top,mini.chat.git.1sy.top,discovered
chat.git.1sy.top,help.chat.git.1sy.top,discovered
chat.git.1sy.top,k8s.chat.git.1sy.top,discovered
chat.git.1sy.top,sale.chat.git.1sy.top,discovered
chat.git.1sy.top,h5.chat.git.1sy.top,discovered
chat.git.1sy.top,office.chat.git.1sy.top,discovered
chat.git.1sy.top,staging2.chat.git.1sy.top,discovered
chat.git.1sy.top,sess.chat.git.1sy.top,discovered
chat.git.1sy.top,api-gw.chat.git.1sy.top,discovered
chat.git.1sy.top,wiki.chat.git.1sy.top,discovered
chat.git.1sy.top,stats.chat.git.1sy.top,discovered
chat.git.1sy.top,site.chat.git.1sy.top,discovered
chat.git.1sy.top,grpc.chat.git.1sy.top,discovered
chat.git.1sy.top,test2.chat.git.1sy.top,discovered
chat.git.1sy.top,imap.chat.git.1sy.top,discovered
chat.git.1sy.top,product.chat.git.1sy.top,discovered
chat.git.1sy.top,admin.chat.git.1sy.top,discovered
chat.git.1sy.top,push.chat.git.1sy.top,discovered
chat.git.1sy.top,cas.chat.git.1sy.top,discovered
chat.git.1sy.top,recruit.chat.git.1sy.top,discovered
chat.git.1sy.top,homepage.chat.git.1sy.top,discovered
chat.git.1sy.top,registry.chat.git.1sy.top,discovered
chat.git.1sy.top,webapp.chat.git.1sy.top,discovered
chat.git.1sy.top,staging.chat.git.1sy.top,discovered
chat.git.1sy.top,assets.chat.git.1sy.top,discovered
chat.git.1sy.top,storage.chat.git.1sy.top,discovered
chat.git.1sy.top,analytics.chat.git.1sy.top,discovered
chat.git.1sy.top,ftp.chat.git.1sy.top,discovered
chat.git.1sy.top,message.chat.git.1sy.top,discovered
chat.git.1sy.top,m2.chat.git.1sy.top,discovered
chat.git.1sy.top,ws.chat.git.1sy.top,discovered
chat.git.1sy.top,careers.chat.git.1sy.top,discovered
chat.git.1sy.top,sftp.chat.git.1sy.top,discovered
chat.git.1sy.top,mailchimp.chat.git.1sy.top,discovered
chat.git.1sy.top,dev2.chat.git.1sy.top,discovered
chat.git.1sy.top,github.chat.git.1sy.top,discovered
chat.git.1sy.top,miniapp.chat.git.1sy.top,discovered
chat.git.1sy.top,api-gateway.chat.git.1sy.top,discovered
chat.git.1sy.top,ns2.chat.git.1sy.top,discovered
chat.git.1sy.top,market.chat.git.1sy.top,discovered
chat.git.1sy.top,ns1.chat.git.1sy.top,discovered
chat.git.1sy.top,im.chat.git.1sy.top,discovered
chat.git.1sy.top,token.chat.git.1sy.top,discovered
chat.git.1sy.top,cdn3.chat.git.1sy.top,discovered
chat.git.1sy.top,library.chat.git.1sy.top,discovered
chat.git.1sy.top,preprod.chat.git.1sy.top,discovered
chat.git.1sy.top,public.chat.git.1sy.top,discovered
chat.git.1sy.top,development.chat.git.1sy.top,discovered
chat.git.1sy.top,news.chat.git.1sy.top,discovered
chat.git.1sy.top,cd.chat.git.1sy.top,discovered
chat.git.1sy.top,manage.chat.git.1sy.top,discovered
chat.git.1sy.top,documents.chat.git.1sy.top,discovered
chat.git.1sy.top,temp.chat.git.1sy.top,discovered
chat.git.1sy.top,faq.chat.git.1sy.top,discovered
chat.git.1sy.top,lb.chat.git.1sy.top,discovered
chat.git.1sy.top,graphql.chat.git.1sy.top,discovered
chat.git.1sy.top,checkout.chat.git.1sy.top,discovered
chat.git.1sy.top,auth.chat.git.1sy.top,discovered
chat.git.1sy.top,export.chat.git.1sy.top,discovered
chat.git.1sy.top,bbs.chat.git.1sy.top,discovered
chat.git.1sy.top,canary.chat.git.1sy.top,discovered
chat.git.1sy.top,gitlab.chat.git.1sy.top,discovered
chat.git.1sy.top,pub.chat.git.1sy.top,discovered
chat.git.1sy.top,grafana.chat.git.1sy.top,discovered
chat.git.1sy.top,sso.chat.git.1sy.top,discovered
chat.git.1sy.top,wap.chat.git.1sy.top,discovered
chat.git.1sy.top,documentation.chat.git.1sy.top,discovered
chat.git.1sy.top,dns.chat.git.1sy.top,discovered
chat.git.1sy.top,radius.chat.git.1sy.top,discovered
chat.git.1sy.top,keycloak.chat.git.1sy.top,discovered
chat.git.1sy.top,backup.chat.git.1sy.top,discovered
chat.git.1sy.top,cdn2.chat.git.1sy.top,discovered
chat.git.1sy.top,img.chat.git.1sy.top,discovered
chat.git.1sy.top,api-prod.chat.git.1sy.top,discovered
chat.git.1sy.top,job.chat.git.1sy.top,discovered
chat.git.1sy.top,gateway.chat.git.1sy.top,discovered
chat.git.1sy.top,pay2.chat.git.1sy.top,discovered
chat.git.1sy.top,cdn.chat.git.1sy.top,discovered
chat.git.1sy.top,img3.chat.git.1sy.top,discovered
chat.git.1sy.top,api-dev.chat.git.1sy.top,discovered
chat.git.1sy.top,prometheus.chat.git.1sy.top,discovered
chat.git.1sy.top,ci.chat.git.1sy.top,discovered
chat.git.1sy.top,article.chat.git.1sy.top,discovered
chat.git.1sy.top,oauth.chat.git.1sy.top,discovered
chat.git.1sy.top,pop3.chat.git.1sy.top,discovered
chat.git.1sy.top,phpmyadmin.chat.git.1sy.top,discovered
chat.git.1sy.top,health.chat.git.1sy.top,discovered
chat.git.1sy.top,hr.chat.git.1sy.top,discovered
chat.git.1sy.top,elastic.chat.git.1sy.top,discovered
chat.git.1sy.top,pop.chat.git.1sy.top,discovered
chat.git.1sy.top,magazine.chat.git.1sy.top,discovered
chat.git.1sy.top,tv.chat.git.1sy.top,discovered
chat.git.1sy.top,wap2.chat.git.1sy.top,discovered
chat.git.1sy.top,order.chat.git.1sy.top,discovered
chat.git.1sy.top,images.chat.git.1sy.top,discovered
chat.git.1sy.top,support.chat.git.1sy.top,discovered
chat.git.1sy.top,elk.chat.git.1sy.top,discovered
chat.git.1sy.top,ssh.chat.git.1sy.top,discovered
chat.git.1sy.top,read.chat.git.1sy.top,discovered
chat.git.1sy.top,files.chat.git.1sy.top,discovered
chat.git.1sy.top,radio.chat.git.1sy.top,discovered
chat.git.1sy.top,www.chat.git.1sy.top,discovered
chat.git.1sy.top,mail.chat.git.1sy.top,discovered
chat.git.1sy.top,wechat2.chat.git.1sy.top,discovered
chat.git.1sy.top,story.chat.git.1sy.top,discovered
chat.git.1sy.top,community.chat.git.1sy.top,discovered
chat.git.1sy.top,manager.chat.git.1sy.top,discovered
chat.git.1sy.top,pgadmin.chat.git.1sy.top,discovered
chat.git.1sy.top,contact.chat.git.1sy.top,discovered
chat.git.1sy.top,auth2.chat.git.1sy.top,discovered
chat.git.1sy.top,wss.chat.git.1sy.top,discovered
chat.git.1sy.top,oa.chat.git.1sy.top,discovered
chat.git.1sy.top,m.chat.git.1sy.top,discovered
chat.git.1sy.top,chat.chat.git.1sy.top,discovered
chat.git.1sy.top,data.chat.git.1sy.top,discovered
chat.git.1sy.top,crm.chat.git.1sy.top,discovered
chat.git.1sy.top,status.chat.git.1sy.top,discovered
chat.git.1sy.top,newsletter.chat.git.1sy.top,discovered
chat.git.1sy.top,doc.chat.git.1sy.top,discovered
chat.git.1sy.top,reader.chat.git.1sy.top,discovered
chat.git.1sy.top,es.chat.git.1sy.top,discovered
chat.git.1sy.top,uploads.chat.git.1sy.top,discovered
chat.git.1sy.top,sse.chat.git.1sy.top,discovered
chat.git.1sy.top,webview.chat.git.1sy.top,discovered
chat.git.1sy.top,static.chat.git.1sy.top,discovered
chat.git.1sy.top,monitoring.chat.git.1sy.top,discovered
chat.git.1sy.top,comic.chat.git.1sy.top,discovered
chat.git.1sy.top,ldap.chat.git.1sy.top,discovered
chat.git.1sy.top,novel.chat.git.1sy.top,discovered
chat.git.1sy.top,prod.chat.git.1sy.top,discovered
chat.git.1sy.top,bucket.chat.git.1sy.top,discovered
chat.git.1sy.top,database.chat.git.1sy.top,discovered
chat.git.1sy.top,nlb.chat.git.1sy.top,discovered
chat.git.1sy.top,paper.chat.git.1sy.top,discovered
chat.git.1sy.top,mail1.chat.git.1sy.top,discovered
chat.git.1sy.top,jobs.chat.git.1sy.top,discovered
chat.git.1sy.top,order2.chat.git.1sy.top,discovered
chat.git.1sy.top,mx2.chat.git.1sy.top,discovered
chat.git.1sy.top,saml.chat.git.1sy.top,discovered
chat.git.1sy.top,static3.chat.git.1sy.top,discovered
chat.git.1sy.top,music.chat.git.1sy.top,discovered
chat.git.1sy.top,test.chat.git.1sy.top,discovered
chat.git.1sy.top,dev.chat.git.1sy.top,discovered
chat.git.1sy.top,download.chat.git.1sy.top,discovered
chat.git.1sy.top,store.chat.git.1sy.top,discovered
chat.git.1sy.top,blog.chat.git.1sy.top,discovered
chat.git.1sy.top,jenkins.chat.git.1sy.top,discovered
chat.git.1sy.top,tmp.chat.git.1sy.top,discovered
chat.git.1sy.top,stage.chat.git.1sy.top,discovered
chat.git.1sy.top,api-internal.chat.git.1sy.top,discovered
chat.git.1sy.top,upload.chat.git.1sy.top,discovered
chat.git.1sy.top,oss.chat.git.1sy.top,discovered
chat.git.1sy.top,svn.chat.git.1sy.top,discovered
chat.git.1sy.top,socket.chat.git.1sy.top,discovered
chat.git.1sy.top,img2.chat.git.1sy.top,discovered
chat.git.1sy.top,media.chat.git.1sy.top,discovered
chat.git.1sy.top,apps.chat.git.1sy.top,discovered
chat.git.1sy.top,cart.chat.git.1sy.top,discovered
chat.git.1sy.top,sso2.chat.git.1sy.top,discovered
chat.git.1sy.top,api2.chat.git.1sy.top,discovered
chat.git.1sy.top,gw.chat.git.1sy.top,discovered
chat.git.1sy.top,security.chat.git.1sy.top,discovered
chat.git.1sy.top,tracking.chat.git.1sy.top,discovered
chat.git.1sy.top,mysql.chat.git.1sy.top,discovered
chat.git.1sy.top,notify.chat.git.1sy.top,discovered
chat.git.1sy.top,redis.chat.git.1sy.top,discovered
chat.git.1sy.top,mysqladmin.chat.git.1sy.top,discovered
chat.git.1sy.top,home.chat.git.1sy.top,discovered
chat.git.1sy.top,services.chat.git.1sy.top,discovered
chat.git.1sy.top,intranet.chat.git.1sy.top,discovered
chat.git.1sy.top,api-test.chat.git.1sy.top,discovered
chat.git.1sy.top,kubernetes.chat.git.1sy.top,discovered
chat.git.1sy.top,android.chat.git.1sy.top,discovered
chat.git.1sy.top,wx.chat.git.1sy.top,discovered
chat.git.1sy.top,vpn.chat.git.1sy.top,discovered
chat.git.1sy.top,cache.chat.git.1sy.top,discovered
chat.git.1sy.top,open.chat.git.1sy.top,discovered
chat.git.1sy.top,image.chat.git.1sy.top,discovered
chat.git.1sy.top,unionpay.chat.git.1sy.top,discovered
chat.git.1sy.top,pay.chat.git.1sy.top,discovered
chat.git.1sy.top,54.238.185.226,discovered
radius.git.1sy.top,data.radius.git.1sy.top,discovered
radius.git.1sy.top,mail2.radius.git.1sy.top,discovered
radius.git.1sy.top,mx.radius.git.1sy.top,discovered
radius.git.1sy.top,paper.radius.git.1sy.top,discovered
radius.git.1sy.top,auth2.radius.git.1sy.top,discovered
radius.git.1sy.top,careers.radius.git.1sy.top,discovered
radius.git.1sy.top,service.radius.git.1sy.top,discovered
radius.git.1sy.top,phpmyadmin.radius.git.1sy.top,discovered
radius.git.1sy.top,open.radius.git.1sy.top,discovered
radius.git.1sy.top,wiki.radius.git.1sy.top,discovered
radius.git.1sy.top,mailchimp.radius.git.1sy.top,discovered
radius.git.1sy.top,novel.radius.git.1sy.top,discovered
radius.git.1sy.top,office.radius.git.1sy.top,discovered
radius.git.1sy.top,api.radius.git.1sy.top,discovered
radius.git.1sy.top,crm.radius.git.1sy.top,discovered
radius.git.1sy.top,remote.radius.git.1sy.top,discovered
radius.git.1sy.top,story.radius.git.1sy.top,discovered
radius.git.1sy.top,staging.radius.git.1sy.top,discovered
radius.git.1sy.top,weixin.radius.git.1sy.top,discovered
radius.git.1sy.top,radius.radius.git.1sy.top,discovered
radius.git.1sy.top,smtp.radius.git.1sy.top,discovered
radius.git.1sy.top,wap.radius.git.1sy.top,discovered
radius.git.1sy.top,ns3.radius.git.1sy.top,discovered
radius.git.1sy.top,dns.radius.git.1sy.top,discovered
radius.git.1sy.top,cdn3.radius.git.1sy.top,discovered
radius.git.1sy.top,nlb.radius.git.1sy.top,discovered
radius.git.1sy.top,sms.radius.git.1sy.top,discovered
radius.git.1sy.top,image.radius.git.1sy.top,discovered
radius.git.1sy.top,game.radius.git.1sy.top,discovered
radius.git.1sy.top,pgadmin.radius.git.1sy.top,discovered
radius.git.1sy.top,live.radius.git.1sy.top,discovered
radius.git.1sy.top,static.radius.git.1sy.top,discovered
radius.git.1sy.top,jenkins.radius.git.1sy.top,discovered
radius.git.1sy.top,elastic.radius.git.1sy.top,discovered
radius.git.1sy.top,gw.radius.git.1sy.top,discovered
radius.git.1sy.top,production.radius.git.1sy.top,discovered
radius.git.1sy.top,api-prod.radius.git.1sy.top,discovered
radius.git.1sy.top,logs.radius.git.1sy.top,discovered
radius.git.1sy.top,cos.radius.git.1sy.top,discovered
radius.git.1sy.top,saml.radius.git.1sy.top,discovered
radius.git.1sy.top,wechat.radius.git.1sy.top,discovered
radius.git.1sy.top,pub.radius.git.1sy.top,discovered
radius.git.1sy.top,reader.radius.git.1sy.top,discovered
radius.git.1sy.top,im.radius.git.1sy.top,discovered
radius.git.1sy.top,wechat2.radius.git.1sy.top,discovered
radius.git.1sy.top,services.radius.git.1sy.top,discovered
radius.git.1sy.top,console.radius.git.1sy.top,discovered
radius.git.1sy.top,mall.radius.git.1sy.top,discovered
radius.git.1sy.top,static2.radius.git.1sy.top,discovered
radius.git.1sy.top,manager.radius.git.1sy.top,discovered
radius.git.1sy.top,api-gw.radius.git.1sy.top,discovered
radius.git.1sy.top,pay.radius.git.1sy.top,discovered
radius.git.1sy.top,apis.radius.git.1sy.top,discovered
radius.git.1sy.top,comic.radius.git.1sy.top,discovered
radius.git.1sy.top,svn.radius.git.1sy.top,discovered
radius.git.1sy.top,radio.radius.git.1sy.top,discovered
radius.git.1sy.top,api-test.radius.git.1sy.top,discovered
radius.git.1sy.top,reports.radius.git.1sy.top,discovered
radius.git.1sy.top,chat.radius.git.1sy.top,discovered
radius.git.1sy.top,main.radius.git.1sy.top,discovered
radius.git.1sy.top,sandbox.radius.git.1sy.top,discovered
radius.git.1sy.top,docs.radius.git.1sy.top,discovered
radius.git.1sy.top,erp.radius.git.1sy.top,discovered
radius.git.1sy.top,mobi.radius.git.1sy.top,discovered
radius.git.1sy.top,redis.radius.git.1sy.top,discovered
radius.git.1sy.top,vpn.radius.git.1sy.top,discovered
radius.git.1sy.top,m2.radius.git.1sy.top,discovered
radius.git.1sy.top,bak.radius.git.1sy.top,discovered
radius.git.1sy.top,recruit.radius.git.1sy.top,discovered
radius.git.1sy.top,m.radius.git.1sy.top,discovered
radius.git.1sy.top,testing.radius.git.1sy.top,discovered
radius.git.1sy.top,assets.radius.git.1sy.top,discovered
radius.git.1sy.top,cdn2.radius.git.1sy.top,discovered
radius.git.1sy.top,db.radius.git.1sy.top,discovered
radius.git.1sy.top,api-gateway.radius.git.1sy.top,discovered
radius.git.1sy.top,storage.radius.git.1sy.top,discovered
radius.git.1sy.top,cached.radius.git.1sy.top,discovered
radius.git.1sy.top,img2.radius.git.1sy.top,discovered
radius.git.1sy.top,administrator.radius.git.1sy.top,discovered
radius.git.1sy.top,hrm.radius.git.1sy.top,discovered
radius.git.1sy.top,bbs.radius.git.1sy.top,discovered
radius.git.1sy.top,preprod.radius.git.1sy.top,discovered
radius.git.1sy.top,dev.radius.git.1sy.top,discovered
radius.git.1sy.top,music.radius.git.1sy.top,discovered
radius.git.1sy.top,canary.radius.git.1sy.top,discovered
radius.git.1sy.top,hr.radius.git.1sy.top,discovered
radius.git.1sy.top,notification.radius.git.1sy.top,discovered
radius.git.1sy.top,payment.radius.git.1sy.top,discovered
radius.git.1sy.top,ftp.radius.git.1sy.top,discovered
radius.git.1sy.top,tv.radius.git.1sy.top,discovered
radius.git.1sy.top,unionpay.radius.git.1sy.top,discovered
radius.git.1sy.top,grafana.radius.git.1sy.top,discovered
radius.git.1sy.top,log.radius.git.1sy.top,discovered
radius.git.1sy.top,test.radius.git.1sy.top,discovered
radius.git.1sy.top,games.radius.git.1sy.top,discovered
radius.git.1sy.top,ebook.radius.git.1sy.top,discovered
radius.git.1sy.top,apps.radius.git.1sy.top,discovered
radius.git.1sy.top,mysql.radius.git.1sy.top,discovered
radius.git.1sy.top,library.radius.git.1sy.top,discovered
radius.git.1sy.top,static3.radius.git.1sy.top,discovered
radius.git.1sy.top,video.radius.git.1sy.top,discovered
radius.git.1sy.top,openapi.radius.git.1sy.top,discovered
radius.git.1sy.top,oa.radius.git.1sy.top,discovered
radius.git.1sy.top,order2.radius.git.1sy.top,discovered
radius.git.1sy.top,alipay.radius.git.1sy.top,discovered
radius.git.1sy.top,socket.radius.git.1sy.top,discovered
radius.git.1sy.top,app.radius.git.1sy.top,discovered
radius.git.1sy.top,home.radius.git.1sy.top,discovered
radius.git.1sy.top,build.radius.git.1sy.top,discovered
radius.git.1sy.top,development.radius.git.1sy.top,discovered
radius.git.1sy.top,es.radius.git.1sy.top,discovered
radius.git.1sy.top,registry.radius.git.1sy.top,discovered
radius.git.1sy.top,sse.radius.git.1sy.top,discovered
radius.git.1sy.top,portal.radius.git.1sy.top,discovered
radius.git.1sy.top,www.radius.git.1sy.top,discovered
radius.git.1sy.top,session.radius.git.1sy.top,discovered
radius.git.1sy.top,pop.radius.git.1sy.top,discovered
radius.git.1sy.top,gitlab.radius.git.1sy.top,discovered
radius.git.1sy.top,sso.radius.git.1sy.top,discovered
radius.git.1sy.top,jobs.radius.git.1sy.top,discovered
radius.git.1sy.top,uploads.radius.git.1sy.top,discovered
radius.git.1sy.top,download.radius.git.1sy.top,discovered
radius.git.1sy.top,notify.radius.git.1sy.top,discovered
radius.git.1sy.top,webview.radius.git.1sy.top,discovered
radius.git.1sy.top,metrics.radius.git.1sy.top,discovered
radius.git.1sy.top,product.radius.git.1sy.top,discovered
radius.git.1sy.top,miniapp.radius.git.1sy.top,discovered
radius.git.1sy.top,intranet.radius.git.1sy.top,discovered
radius.git.1sy.top,kibana.radius.git.1sy.top,discovered
radius.git.1sy.top,login.radius.git.1sy.top,discovered
radius.git.1sy.top,mx2.radius.git.1sy.top,discovered
radius.git.1sy.top,tracking.radius.git.1sy.top,discovered
radius.git.1sy.top,graphql.radius.git.1sy.top,discovered
radius.git.1sy.top,img3.radius.git.1sy.top,discovered
radius.git.1sy.top,logging.radius.git.1sy.top,discovered
radius.git.1sy.top,wss.radius.git.1sy.top,discovered
radius.git.1sy.top,job.radius.git.1sy.top,discovered
radius.git.1sy.top,api-staging.radius.git.1sy.top,discovered
radius.git.1sy.top,api-internal.radius.git.1sy.top,discovered
radius.git.1sy.top,magazine.radius.git.1sy.top,discovered
radius.git.1sy.top,store.radius.git.1sy.top,discovered
radius.git.1sy.top,lb.radius.git.1sy.top,discovered
radius.git.1sy.top,buy.radius.git.1sy.top,discovered
radius.git.1sy.top,gateway.radius.git.1sy.top,discovered
radius.git.1sy.top,push.radius.git.1sy.top,discovered
radius.git.1sy.top,ws.radius.git.1sy.top,discovered
radius.git.1sy.top,h5.radius.git.1sy.top,discovered
radius.git.1sy.top,forum.radius.git.1sy.top,discovered
radius.git.1sy.top,message.radius.git.1sy.top,discovered
radius.git.1sy.top,checkout.radius.git.1sy.top,discovered
radius.git.1sy.top,about.radius.git.1sy.top,discovered
radius.git.1sy.top,pre.radius.git.1sy.top,discovered
radius.git.1sy.top,newsletter.radius.git.1sy.top,discovered
radius.git.1sy.top,tmp.radius.git.1sy.top,discovered
radius.git.1sy.top,mail1.radius.git.1sy.top,discovered
radius.git.1sy.top,stats.radius.git.1sy.top,discovered
radius.git.1sy.top,ns1.radius.git.1sy.top,discovered
radius.git.1sy.top,pop3.radius.git.1sy.top,discovered
radius.git.1sy.top,preview.radius.git.1sy.top,discovered
radius.git.1sy.top,kubernetes.radius.git.1sy.top,discovered
radius.git.1sy.top,export.radius.git.1sy.top,discovered
radius.git.1sy.top,file.radius.git.1sy.top,discovered
radius.git.1sy.top,websocket.radius.git.1sy.top,discovered
radius.git.1sy.top,market.radius.git.1sy.top,discovered
radius.git.1sy.top,keycloak.radius.git.1sy.top,discovered
radius.git.1sy.top,staging2.radius.git.1sy.top,discovered
radius.git.1sy.top,manage.radius.git.1sy.top,discovered
radius.git.1sy.top,qa.radius.git.1sy.top,discovered
radius.git.1sy.top,faq.radius.git.1sy.top,discovered
radius.git.1sy.top,blog.radius.git.1sy.top,discovered
radius.git.1sy.top,docker.radius.git.1sy.top,discovered
radius.git.1sy.top,read.radius.git.1sy.top,discovered
radius.git.1sy.top,imap.radius.git.1sy.top,discovered
radius.git.1sy.top,news.radius.git.1sy.top,discovered
radius.git.1sy.top,ns2.radius.git.1sy.top,discovered
radius.git.1sy.top,files.radius.git.1sy.top,discovered
radius.git.1sy.top,book.radius.git.1sy.top,discovered
radius.git.1sy.top,database.radius.git.1sy.top,discovered
radius.git.1sy.top,img.radius.git.1sy.top,discovered
radius.git.1sy.top,upload.radius.git.1sy.top,discovered
radius.git.1sy.top,career.radius.git.1sy.top,discovered
radius.git.1sy.top,internal.radius.git.1sy.top,discovered
radius.git.1sy.top,oauth.radius.git.1sy.top,discovered
radius.git.1sy.top,books.radius.git.1sy.top,discovered
radius.git.1sy.top,sess.radius.git.1sy.top,discovered
radius.git.1sy.top,git.radius.git.1sy.top,discovered
radius.git.1sy.top,token.radius.git.1sy.top,discovered
radius.git.1sy.top,prod.radius.git.1sy.top,discovered
radius.git.1sy.top,grpc.radius.git.1sy.top,discovered
radius.git.1sy.top,public.radius.git.1sy.top,discovered
radius.git.1sy.top,zabbix.radius.git.1sy.top,discovered
radius.git.1sy.top,elk.radius.git.1sy.top,discovered
radius.git.1sy.top,beta.radius.git.1sy.top,discovered
radius.git.1sy.top,k8s.radius.git.1sy.top,discovered
radius.git.1sy.top,health.radius.git.1sy.top,discovered
radius.git.1sy.top,mini.radius.git.1sy.top,discovered
radius.git.1sy.top,dev2.radius.git.1sy.top,discovered
radius.git.1sy.top,index.radius.git.1sy.top,discovered
radius.git.1sy.top,order.radius.git.1sy.top,discovered
radius.git.1sy.top,homepage.radius.git.1sy.top,discovered
radius.git.1sy.top,cms.radius.git.1sy.top,discovered
radius.git.1sy.top,wap2.radius.git.1sy.top,discovered
radius.git.1sy.top,monitor.radius.git.1sy.top,discovered
radius.git.1sy.top,stage.radius.git.1sy.top,discovered
radius.git.1sy.top,demo.radius.git.1sy.top,discovered
radius.git.1sy.top,cd.radius.git.1sy.top,discovered
radius.git.1sy.top,cart.radius.git.1sy.top,discovered
radius.git.1sy.top,mx1.radius.git.1sy.top,discovered
radius.git.1sy.top,doc.radius.git.1sy.top,discovered
radius.git.1sy.top,support.radius.git.1sy.top,discovered
radius.git.1sy.top,proxy.radius.git.1sy.top,discovered
radius.git.1sy.top,rest.radius.git.1sy.top,discovered
radius.git.1sy.top,contact.radius.git.1sy.top,discovered
radius.git.1sy.top,ios.radius.git.1sy.top,discovered
radius.git.1sy.top,cas.radius.git.1sy.top,discovered
radius.git.1sy.top,prometheus.radius.git.1sy.top,discovered
radius.git.1sy.top,api2.radius.git.1sy.top,discovered
radius.git.1sy.top,documents.radius.git.1sy.top,discovered
radius.git.1sy.top,shop.radius.git.1sy.top,discovered
radius.git.1sy.top,sftp.radius.git.1sy.top,discovered
radius.git.1sy.top,cdn.radius.git.1sy.top,discovered
radius.git.1sy.top,security.radius.git.1sy.top,discovered
radius.git.1sy.top,ldap.radius.git.1sy.top,discovered
radius.git.1sy.top,ssh.radius.git.1sy.top,discovered
radius.git.1sy.top,help.radius.git.1sy.top,discovered
radius.git.1sy.top,test2.radius.git.1sy.top,discovered
radius.git.1sy.top,status.radius.git.1sy.top,discovered
radius.git.1sy.top,community.radius.git.1sy.top,discovered
radius.git.1sy.top,ci.radius.git.1sy.top,discovered
radius.git.1sy.top,pay2.radius.git.1sy.top,discovered
radius.git.1sy.top,documentation.radius.git.1sy.top,discovered
radius.git.1sy.top,sale.radius.git.1sy.top,discovered
radius.git.1sy.top,webapp.radius.git.1sy.top,discovered
radius.git.1sy.top,bucket.radius.git.1sy.top,discovered
radius.git.1sy.top,auth.radius.git.1sy.top,discovered
radius.git.1sy.top,images.radius.git.1sy.top,discovered
radius.git.1sy.top,github.radius.git.1sy.top,discovered
radius.git.1sy.top,wx.radius.git.1sy.top,discovered
radius.git.1sy.top,admin.radius.git.1sy.top,discovered
radius.git.1sy.top,sites.radius.git.1sy.top,discovered
radius.git.1sy.top,uat.radius.git.1sy.top,discovered
radius.git.1sy.top,report.radius.git.1sy.top,discovered
radius.git.1sy.top,monitoring.radius.git.1sy.top,discovered
radius.git.1sy.top,mail.radius.git.1sy.top,discovered
radius.git.1sy.top,analytics.radius.git.1sy.top,discovered
radius.git.1sy.top,webmail.radius.git.1sy.top,discovered
radius.git.1sy.top,cache.radius.git.1sy.top,discovered
radius.git.1sy.top,media.radius.git.1sy.top,discovered
radius.git.1sy.top,oss.radius.git.1sy.top,discovered
radius.git.1sy.top,android.radius.git.1sy.top,discovered
radius.git.1sy.top,sso2.radius.git.1sy.top,discovered
radius.git.1sy.top,site.radius.git.1sy.top,discovered
radius.git.1sy.top,mobile.radius.git.1sy.top,discovered
radius.git.1sy.top,mysqladmin.radius.git.1sy.top,discovered
radius.git.1sy.top,api-dev.radius.git.1sy.top,discovered
radius.git.1sy.top,gray.radius.git.1sy.top,discovered
radius.git.1sy.top,backup.radius.git.1sy.top,discovered
radius.git.1sy.top,article.radius.git.1sy.top,discovered
radius.git.1sy.top,phpadmin.radius.git.1sy.top,discovered
radius.git.1sy.top,temp.radius.git.1sy.top,discovered
radius.git.1sy.top,products.radius.git.1sy.top,discovered
radius.git.1sy.top,web.radius.git.1sy.top,discovered
radius.git.1sy.top,52.68.214.152,discovered
phpadmin.git.1sy.top,about.phpadmin.git.1sy.top,discovered
phpadmin.git.1sy.top,notify.phpadmin.git.1sy.top,discovered
phpadmin.git.1sy.top,index.phpadmin.git.1sy.top,discovered
phpadmin.git.1sy.top,apps.phpadmin.git.1sy.top,discovered
phpadmin.git.1sy.top,logs.phpadmin.git.1sy.top,discovered
phpadmin.git.1sy.top,payment.phpadmin.git.1sy.top,discovered
phpadmin.git.1sy.top,reports.phpadmin.git.1sy.top,discovered
phpadmin.git.1sy.top,sse.phpadmin.git.1sy.top,discovered
phpadmin.git.1sy.top,preview.phpadmin.git.1sy.top,discovered
phpadmin.git.1sy.top,api-prod.phpadmin.git.1sy.top,discovered
phpadmin.git.1sy.top,download.phpadmin.git.1sy.top,discovered
phpadmin.git.1sy.top,docker.phpadmin.git.1sy.top,discovered
phpadmin.git.1sy.top,login.phpadmin.git.1sy.top,discovered
phpadmin.git.1sy.top,token.phpadmin.git.1sy.top,discovered
phpadmin.git.1sy.top,support.phpadmin.git.1sy.top,discovered
phpadmin.git.1sy.top,qa.phpadmin.git.1sy.top,discovered
phpadmin.git.1sy.top,service.phpadmin.git.1sy.top,discovered
phpadmin.git.1sy.top,test2.phpadmin.git.1sy.top,discovered
phpadmin.git.1sy.top,media.phpadmin.git.1sy.top,discovered
phpadmin.git.1sy.top,image.phpadmin.git.1sy.top,discovered
phpadmin.git.1sy.top,game.phpadmin.git.1sy.top,discovered
phpadmin.git.1sy.top,careers.phpadmin.git.1sy.top,discovered
phpadmin.git.1sy.top,cdn.phpadmin.git.1sy.top,discovered
phpadmin.git.1sy.top,erp.phpadmin.git.1sy.top,discovered
phpadmin.git.1sy.top,app.phpadmin.git.1sy.top,discovered
phpadmin.git.1sy.top,main.phpadmin.git.1sy.top,discovered
phpadmin.git.1sy.top,mysql.phpadmin.git.1sy.top,discovered
phpadmin.git.1sy.top,auth2.phpadmin.git.1sy.top,discovered
phpadmin.git.1sy.top,api2.phpadmin.git.1sy.top,discovered
phpadmin.git.1sy.top,elk.phpadmin.git.1sy.top,discovered
phpadmin.git.1sy.top,img2.phpadmin.git.1sy.top,discovered
phpadmin.git.1sy.top,crm.phpadmin.git.1sy.top,discovered
phpadmin.git.1sy.top,cas.phpadmin.git.1sy.top,discovered
phpadmin.git.1sy.top,gray.phpadmin.git.1sy.top,discovered
phpadmin.git.1sy.top,buy.phpadmin.git.1sy.top,discovered
phpadmin.git.1sy.top,reader.phpadmin.git.1sy.top,discovered
phpadmin.git.1sy.top,proxy.phpadmin.git.1sy.top,discovered
phpadmin.git.1sy.top,manager.phpadmin.git.1sy.top,discovered
phpadmin.git.1sy.top,security.phpadmin.git.1sy.top,discovered
phpadmin.git.1sy.top,notification.phpadmin.git.1sy.top,discovered
phpadmin.git.1sy.top,static.phpadmin.git.1sy.top,discovered
phpadmin.git.1sy.top,career.phpadmin.git.1sy.top,discovered
phpadmin.git.1sy.top,webmail.phpadmin.git.1sy.top,discovered
phpadmin.git.1sy.top,assets.phpadmin.git.1sy.top,discovered
phpadmin.git.1sy.top,sandbox.phpadmin.git.1sy.top,discovered
phpadmin.git.1sy.top,read.phpadmin.git.1sy.top,discovered
phpadmin.git.1sy.top,session.phpadmin.git.1sy.top,discovered
phpadmin.git.1sy.top,k8s.phpadmin.git.1sy.top,discovered
phpadmin.git.1sy.top,office.phpadmin.git.1sy.top,discovered
phpadmin.git.1sy.top,lb.phpadmin.git.1sy.top,discovered
phpadmin.git.1sy.top,kibana.phpadmin.git.1sy.top,discovered
phpadmin.git.1sy.top,ns1.phpadmin.git.1sy.top,discovered
phpadmin.git.1sy.top,music.phpadmin.git.1sy.top,discovered
phpadmin.git.1sy.top,gw.phpadmin.git.1sy.top,discovered
phpadmin.git.1sy.top,message.phpadmin.git.1sy.top,discovered
phpadmin.git.1sy.top,radio.phpadmin.git.1sy.top,discovered
phpadmin.git.1sy.top,bbs.phpadmin.git.1sy.top,discovered
phpadmin.git.1sy.top,phpadmin.phpadmin.git.1sy.top,discovered
phpadmin.git.1sy.top,comic.phpadmin.git.1sy.top,discovered
phpadmin.git.1sy.top,store.phpadmin.git.1sy.top,discovered
phpadmin.git.1sy.top,video.phpadmin.git.1sy.top,discovered
phpadmin.git.1sy.top,sess.phpadmin.git.1sy.top,discovered
phpadmin.git.1sy.top,imap.phpadmin.git.1sy.top,discovered
phpadmin.git.1sy.top,api.phpadmin.git.1sy.top,discovered
phpadmin.git.1sy.top,weixin.phpadmin.git.1sy.top,discovered
phpadmin.git.1sy.top,websocket.phpadmin.git.1sy.top,discovered
phpadmin.git.1sy.top,pre.phpadmin.git.1sy.top,discovered
phpadmin.git.1sy.top,images.phpadmin.git.1sy.top,discovered
phpadmin.git.1sy.top,static3.phpadmin.git.1sy.top,discovered
phpadmin.git.1sy.top,db.phpadmin.git.1sy.top,discovered
phpadmin.git.1sy.top,prometheus.phpadmin.git.1sy.top,discovered
phpadmin.git.1sy.top,ftp.phpadmin.git.1sy.top,discovered
phpadmin.git.1sy.top,administrator.phpadmin.git.1sy.top,discovered
phpadmin.git.1sy.top,book.phpadmin.git.1sy.top,discovered
phpadmin.git.1sy.top,uat.phpadmin.git.1sy.top,discovered
phpadmin.git.1sy.top,uploads.phpadmin.git.1sy.top,discovered
phpadmin.git.1sy.top,gitlab.phpadmin.git.1sy.top,discovered
phpadmin.git.1sy.top,wechat2.phpadmin.git.1sy.top,discovered
phpadmin.git.1sy.top,api-staging.phpadmin.git.1sy.top,discovered
phpadmin.git.1sy.top,storage.phpadmin.git.1sy.top,discovered
phpadmin.git.1sy.top,internal.phpadmin.git.1sy.top,discovered
phpadmin.git.1sy.top,zabbix.phpadmin.git.1sy.top,discovered
phpadmin.git.1sy.top,order.phpadmin.git.1sy.top,discovered
phpadmin.git.1sy.top,docs.phpadmin.git.1sy.top,discovered
phpadmin.git.1sy.top,grafana.phpadmin.git.1sy.top,discovered
phpadmin.git.1sy.top,sms.phpadmin.git.1sy.top,discovered
phpadmin.git.1sy.top,www.phpadmin.git.1sy.top,discovered
phpadmin.git.1sy.top,development.phpadmin.git.1sy.top,discovered
phpadmin.git.1sy.top,m.phpadmin.git.1sy.top,discovered
phpadmin.git.1sy.top,monitor.phpadmin.git.1sy.top,discovered
phpadmin.git.1sy.top,mx.phpadmin.git.1sy.top,discovered
phpadmin.git.1sy.top,vpn.phpadmin.git.1sy.top,discovered
phpadmin.git.1sy.top,data.phpadmin.git.1sy.top,discovered
phpadmin.git.1sy.top,magazine.phpadmin.git.1sy.top,discovered
phpadmin.git.1sy.top,staging.phpadmin.git.1sy.top,discovered
phpadmin.git.1sy.top,market.phpadmin.git.1sy.top,discovered
phpadmin.git.1sy.top,wap.phpadmin.git.1sy.top,discovered
phpadmin.git.1sy.top,intranet.phpadmin.git.1sy.top,discovered
phpadmin.git.1sy.top,cos.phpadmin.git.1sy.top,discovered
phpadmin.git.1sy.top,wx.phpadmin.git.1sy.top,discovered
phpadmin.git.1sy.top,socket.phpadmin.git.1sy.top,discovered
phpadmin.git.1sy.top,jenkins.phpadmin.git.1sy.top,discovered
phpadmin.git.1sy.top,git.phpadmin.git.1sy.top,discovered
phpadmin.git.1sy.top,web.phpadmin.git.1sy.top,discovered
phpadmin.git.1sy.top,mysqladmin.phpadmin.git.1sy.top,discovered
phpadmin.git.1sy.top,img.phpadmin.git.1sy.top,discovered
phpadmin.git.1sy.top,dev.phpadmin.git.1sy.top,discovered
phpadmin.git.1sy.top,dns.phpadmin.git.1sy.top,discovered
phpadmin.git.1sy.top,cached.phpadmin.git.1sy.top,discovered
phpadmin.git.1sy.top,cd.phpadmin.git.1sy.top,discovered
phpadmin.git.1sy.top,ns2.phpadmin.git.1sy.top,discovered
phpadmin.git.1sy.top,tracking.phpadmin.git.1sy.top,discovered
phpadmin.git.1sy.top,jobs.phpadmin.git.1sy.top,discovered
phpadmin.git.1sy.top,wechat.phpadmin.git.1sy.top,discovered
phpadmin.git.1sy.top,api-internal.phpadmin.git.1sy.top,discovered
phpadmin.git.1sy.top,kubernetes.phpadmin.git.1sy.top,discovered
phpadmin.git.1sy.top,sso.phpadmin.git.1sy.top,discovered
phpadmin.git.1sy.top,staging2.phpadmin.git.1sy.top,discovered
phpadmin.git.1sy.top,registry.phpadmin.git.1sy.top,discovered
phpadmin.git.1sy.top,oauth.phpadmin.git.1sy.top,discovered
phpadmin.git.1sy.top,keycloak.phpadmin.git.1sy.top,discovered
phpadmin.git.1sy.top,graphql.phpadmin.git.1sy.top,discovered
phpadmin.git.1sy.top,gateway.phpadmin.git.1sy.top,discovered
phpadmin.git.1sy.top,mobile.phpadmin.git.1sy.top,discovered
phpadmin.git.1sy.top,static2.phpadmin.git.1sy.top,discovered
phpadmin.git.1sy.top,webview.phpadmin.git.1sy.top,discovered
phpadmin.git.1sy.top,wap2.phpadmin.git.1sy.top,discovered
phpadmin.git.1sy.top,mailchimp.phpadmin.git.1sy.top,discovered
phpadmin.git.1sy.top,mobi.phpadmin.git.1sy.top,discovered
phpadmin.git.1sy.top,story.phpadmin.git.1sy.top,discovered
phpadmin.git.1sy.top,backup.phpadmin.git.1sy.top,discovered
phpadmin.git.1sy.top,ns3.phpadmin.git.1sy.top,discovered
phpadmin.git.1sy.top,remote.phpadmin.git.1sy.top,discovered
phpadmin.git.1sy.top,miniapp.phpadmin.git.1sy.top,discovered
phpadmin.git.1sy.top,ssh.phpadmin.git.1sy.top,discovered
phpadmin.git.1sy.top,games.phpadmin.git.1sy.top,discovered
phpadmin.git.1sy.top,database.phpadmin.git.1sy.top,discovered
phpadmin.git.1sy.top,homepage.phpadmin.git.1sy.top,discovered
phpadmin.git.1sy.top,cms.phpadmin.git.1sy.top,discovered
phpadmin.git.1sy.top,es.phpadmin.git.1sy.top,discovered
phpadmin.git.1sy.top,mx1.phpadmin.git.1sy.top,discovered
phpadmin.git.1sy.top,ebook.phpadmin.git.1sy.top,discovered
phpadmin.git.1sy.top,mx2.phpadmin.git.1sy.top,discovered
phpadmin.git.1sy.top,im.phpadmin.git.1sy.top,discovered
phpadmin.git.1sy.top,elastic.phpadmin.git.1sy.top,discovered
phpadmin.git.1sy.top,dev2.phpadmin.git.1sy.top,discovered
phpadmin.git.1sy.top,mail2.phpadmin.git.1sy.top,discovered
phpadmin.git.1sy.top,order2.phpadmin.git.1sy.top,discovered
phpadmin.git.1sy.top,checkout.phpadmin.git.1sy.top,discovered
phpadmin.git.1sy.top,health.phpadmin.git.1sy.top,discovered
phpadmin.git.1sy.top,saml.phpadmin.git.1sy.top,discovered
phpadmin.git.1sy.top,mail1.phpadmin.git.1sy.top,discovered
phpadmin.git.1sy.top,sale.phpadmin.git.1sy.top,discovered
phpadmin.git.1sy.top,alipay.phpadmin.git.1sy.top,discovered
phpadmin.git.1sy.top,auth.phpadmin.git.1sy.top,discovered
phpadmin.git.1sy.top,hr.phpadmin.git.1sy.top,discovered
phpadmin.git.1sy.top,mail.phpadmin.git.1sy.top,discovered
phpadmin.git.1sy.top,production.phpadmin.git.1sy.top,discovered
phpadmin.git.1sy.top,pgadmin.phpadmin.git.1sy.top,discovered
phpadmin.git.1sy.top,metrics.phpadmin.git.1sy.top,discovered
phpadmin.git.1sy.top,sites.phpadmin.git.1sy.top,discovered
phpadmin.git.1sy.top,cdn3.phpadmin.git.1sy.top,discovered
phpadmin.git.1sy.top,chat.phpadmin.git.1sy.top,discovered
phpadmin.git.1sy.top,pay2.phpadmin.git.1sy.top,discovered
phpadmin.git.1sy.top,wiki.phpadmin.git.1sy.top,discovered
phpadmin.git.1sy.top,product.phpadmin.git.1sy.top,discovered
phpadmin.git.1sy.top,stage.phpadmin.git.1sy.top,discovered
phpadmin.git.1sy.top,article.phpadmin.git.1sy.top,discovered
phpadmin.git.1sy.top,redis.phpadmin.git.1sy.top,discovered
phpadmin.git.1sy.top,logging.phpadmin.git.1sy.top,discovered
phpadmin.git.1sy.top,upload.phpadmin.git.1sy.top,discovered
phpadmin.git.1sy.top,newsletter.phpadmin.git.1sy.top,discovered
phpadmin.git.1sy.top,testing.phpadmin.git.1sy.top,discovered
phpadmin.git.1sy.top,cache.phpadmin.git.1sy.top,discovered
phpadmin.git.1sy.top,status.phpadmin.git.1sy.top,discovered
phpadmin.git.1sy.top,doc.phpadmin.git.1sy.top,discovered
phpadmin.git.1sy.top,hrm.phpadmin.git.1sy.top,discovered
phpadmin.git.1sy.top,mall.phpadmin.git.1sy.top,discovered
phpadmin.git.1sy.top,job.phpadmin.git.1sy.top,discovered
phpadmin.git.1sy.top,tv.phpadmin.git.1sy.top,discovered
phpadmin.git.1sy.top,forum.phpadmin.git.1sy.top,discovered
phpadmin.git.1sy.top,rest.phpadmin.git.1sy.top,discovered
phpadmin.git.1sy.top,report.phpadmin.git.1sy.top,discovered
phpadmin.git.1sy.top,wss.phpadmin.git.1sy.top,discovered
phpadmin.git.1sy.top,admin.phpadmin.git.1sy.top,discovered
phpadmin.git.1sy.top,portal.phpadmin.git.1sy.top,discovered
phpadmin.git.1sy.top,ldap.phpadmin.git.1sy.top,discovered
phpadmin.git.1sy.top,bucket.phpadmin.git.1sy.top,discovered
phpadmin.git.1sy.top,mini.phpadmin.git.1sy.top,discovered
phpadmin.git.1sy.top,site.phpadmin.git.1sy.top,discovered
phpadmin.git.1sy.top,analytics.phpadmin.git.1sy.top,discovered
phpadmin.git.1sy.top,home.phpadmin.git.1sy.top,discovered
phpadmin.git.1sy.top,img3.phpadmin.git.1sy.top,discovered
phpadmin.git.1sy.top,books.phpadmin.git.1sy.top,discovered
phpadmin.git.1sy.top,documents.phpadmin.git.1sy.top,discovered
phpadmin.git.1sy.top,pop3.phpadmin.git.1sy.top,discovered
phpadmin.git.1sy.top,blog.phpadmin.git.1sy.top,discovered
phpadmin.git.1sy.top,github.phpadmin.git.1sy.top,discovered
phpadmin.git.1sy.top,log.phpadmin.git.1sy.top,discovered
phpadmin.git.1sy.top,build.phpadmin.git.1sy.top,discovered
phpadmin.git.1sy.top,pay.phpadmin.git.1sy.top,discovered
phpadmin.git.1sy.top,openapi.phpadmin.git.1sy.top,discovered
phpadmin.git.1sy.top,m2.phpadmin.git.1sy.top,discovered
phpadmin.git.1sy.top,monitoring.phpadmin.git.1sy.top,discovered
phpadmin.git.1sy.top,h5.phpadmin.git.1sy.top,discovered
phpadmin.git.1sy.top,push.phpadmin.git.1sy.top,discovered
phpadmin.git.1sy.top,faq.phpadmin.git.1sy.top,discovered
phpadmin.git.1sy.top,nlb.phpadmin.git.1sy.top,discovered
phpadmin.git.1sy.top,ci.phpadmin.git.1sy.top,discovered
phpadmin.git.1sy.top,radius.phpadmin.git.1sy.top,discovered
phpadmin.git.1sy.top,stats.phpadmin.git.1sy.top,discovered
phpadmin.git.1sy.top,api-gateway.phpadmin.git.1sy.top,discovered
phpadmin.git.1sy.top,prod.phpadmin.git.1sy.top,discovered
phpadmin.git.1sy.top,file.phpadmin.git.1sy.top,discovered
phpadmin.git.1sy.top,ws.phpadmin.git.1sy.top,discovered
phpadmin.git.1sy.top,canary.phpadmin.git.1sy.top,discovered
phpadmin.git.1sy.top,grpc.phpadmin.git.1sy.top,discovered
phpadmin.git.1sy.top,files.phpadmin.git.1sy.top,discovered
phpadmin.git.1sy.top,recruit.phpadmin.git.1sy.top,discovered
phpadmin.git.1sy.top,webapp.phpadmin.git.1sy.top,discovered
phpadmin.git.1sy.top,contact.phpadmin.git.1sy.top,discovered
phpadmin.git.1sy.top,cdn2.phpadmin.git.1sy.top,discovered
phpadmin.git.1sy.top,cart.phpadmin.git.1sy.top,discovered
phpadmin.git.1sy.top,manage.phpadmin.git.1sy.top,discovered
phpadmin.git.1sy.top,api-dev.phpadmin.git.1sy.top,discovered
phpadmin.git.1sy.top,oa.phpadmin.git.1sy.top,discovered
phpadmin.git.1sy.top,paper.phpadmin.git.1sy.top,discovered
phpadmin.git.1sy.top,products.phpadmin.git.1sy.top,discovered
phpadmin.git.1sy.top,help.phpadmin.git.1sy.top,discovered
phpadmin.git.1sy.top,beta.phpadmin.git.1sy.top,discovered
phpadmin.git.1sy.top,oss.phpadmin.git.1sy.top,discovered
phpadmin.git.1sy.top,shop.phpadmin.git.1sy.top,discovered
phpadmin.git.1sy.top,android.phpadmin.git.1sy.top,discovered
phpadmin.git.1sy.top,services.phpadmin.git.1sy.top,discovered
phpadmin.git.1sy.top,demo.phpadmin.git.1sy.top,discovered
phpadmin.git.1sy.top,novel.phpadmin.git.1sy.top,discovered
phpadmin.git.1sy.top,documentation.phpadmin.git.1sy.top,discovered
phpadmin.git.1sy.top,phpmyadmin.phpadmin.git.1sy.top,discovered
phpadmin.git.1sy.top,svn.phpadmin.git.1sy.top,discovered
phpadmin.git.1sy.top,pop.phpadmin.git.1sy.top,discovered
phpadmin.git.1sy.top,community.phpadmin.git.1sy.top,discovered
phpadmin.git.1sy.top,live.phpadmin.git.1sy.top,discovered
phpadmin.git.1sy.top,smtp.phpadmin.git.1sy.top,discovered
phpadmin.git.1sy.top,library.phpadmin.git.1sy.top,discovered
phpadmin.git.1sy.top,console.phpadmin.git.1sy.top,discovered
phpadmin.git.1sy.top,sftp.phpadmin.git.1sy.top,discovered
phpadmin.git.1sy.top,preprod.phpadmin.git.1sy.top,discovered
phpadmin.git.1sy.top,api-test.phpadmin.git.1sy.top,discovered
phpadmin.git.1sy.top,export.phpadmin.git.1sy.top,discovered
phpadmin.git.1sy.top,public.phpadmin.git.1sy.top,discovered
phpadmin.git.1sy.top,tmp.phpadmin.git.1sy.top,discovered
phpadmin.git.1sy.top,sso2.phpadmin.git.1sy.top,discovered
phpadmin.git.1sy.top,bak.phpadmin.git.1sy.top,discovered
phpadmin.git.1sy.top,api-gw.phpadmin.git.1sy.top,discovered
phpadmin.git.1sy.top,apis.phpadmin.git.1sy.top,discovered
phpadmin.git.1sy.top,news.phpadmin.git.1sy.top,discovered
phpadmin.git.1sy.top,temp.phpadmin.git.1sy.top,discovered
phpadmin.git.1sy.top,ios.phpadmin.git.1sy.top,discovered
phpadmin.git.1sy.top,pub.phpadmin.git.1sy.top,discovered
phpadmin.git.1sy.top,open.phpadmin.git.1sy.top,discovered
phpadmin.git.1sy.top,unionpay.phpadmin.git.1sy.top,discovered
phpadmin.git.1sy.top,test.phpadmin.git.1sy.top,discovered
phpadmin.git.1sy.top,52.195.93.142,discovered
faq.git.1sy.top,http://faq.git.1sy.top/,discovered
faq.git.1sy.top,https://faq.git.1sy.top/,discovered
bak.git.1sy.top,ci.bak.git.1sy.top,discovered
bak.git.1sy.top,kibana.bak.git.1sy.top,discovered
bak.git.1sy.top,apps.bak.git.1sy.top,discovered
bak.git.1sy.top,mx.bak.git.1sy.top,discovered
bak.git.1sy.top,book.bak.git.1sy.top,discovered
bak.git.1sy.top,pay.bak.git.1sy.top,discovered
bak.git.1sy.top,buy.bak.git.1sy.top,discovered
bak.git.1sy.top,newsletter.bak.git.1sy.top,discovered
bak.git.1sy.top,pub.bak.git.1sy.top,discovered
bak.git.1sy.top,story.bak.git.1sy.top,discovered
bak.git.1sy.top,office.bak.git.1sy.top,discovered
bak.git.1sy.top,oa.bak.git.1sy.top,discovered
bak.git.1sy.top,demo.bak.git.1sy.top,discovered
bak.git.1sy.top,docs.bak.git.1sy.top,discovered
bak.git.1sy.top,graphql.bak.git.1sy.top,discovered
bak.git.1sy.top,database.bak.git.1sy.top,discovered
bak.git.1sy.top,push.bak.git.1sy.top,discovered
bak.git.1sy.top,openapi.bak.git.1sy.top,discovered
bak.git.1sy.top,vpn.bak.git.1sy.top,discovered
bak.git.1sy.top,mx2.bak.git.1sy.top,discovered
bak.git.1sy.top,web.bak.git.1sy.top,discovered
bak.git.1sy.top,ws.bak.git.1sy.top,discovered
bak.git.1sy.top,radio.bak.git.1sy.top,discovered
bak.git.1sy.top,intranet.bak.git.1sy.top,discovered
bak.git.1sy.top,monitoring.bak.git.1sy.top,discovered
bak.git.1sy.top,storage.bak.git.1sy.top,discovered
bak.git.1sy.top,music.bak.git.1sy.top,discovered
bak.git.1sy.top,bak.bak.git.1sy.top,discovered
bak.git.1sy.top,nlb.bak.git.1sy.top,discovered
bak.git.1sy.top,sftp.bak.git.1sy.top,discovered
bak.git.1sy.top,metrics.bak.git.1sy.top,discovered
bak.git.1sy.top,redis.bak.git.1sy.top,discovered
bak.git.1sy.top,sess.bak.git.1sy.top,discovered
bak.git.1sy.top,mobi.bak.git.1sy.top,discovered
bak.git.1sy.top,novel.bak.git.1sy.top,discovered
bak.git.1sy.top,administrator.bak.git.1sy.top,discovered
bak.git.1sy.top,upload.bak.git.1sy.top,discovered
bak.git.1sy.top,gateway.bak.git.1sy.top,discovered
bak.git.1sy.top,ns1.bak.git.1sy.top,discovered
bak.git.1sy.top,bbs.bak.git.1sy.top,discovered
bak.git.1sy.top,api-prod.bak.git.1sy.top,discovered
bak.git.1sy.top,hrm.bak.git.1sy.top,discovered
bak.git.1sy.top,svn.bak.git.1sy.top,discovered
bak.git.1sy.top,logging.bak.git.1sy.top,discovered
bak.git.1sy.top,ebook.bak.git.1sy.top,discovered
bak.git.1sy.top,api-gateway.bak.git.1sy.top,discovered
bak.git.1sy.top,proxy.bak.git.1sy.top,discovered
bak.git.1sy.top,products.bak.git.1sy.top,discovered
bak.git.1sy.top,wap2.bak.git.1sy.top,discovered
bak.git.1sy.top,login.bak.git.1sy.top,discovered
bak.git.1sy.top,oss.bak.git.1sy.top,discovered
bak.git.1sy.top,dns.bak.git.1sy.top,discovered
bak.git.1sy.top,api.bak.git.1sy.top,discovered
bak.git.1sy.top,admin.bak.git.1sy.top,discovered
bak.git.1sy.top,mail.bak.git.1sy.top,discovered
bak.git.1sy.top,media.bak.git.1sy.top,discovered
bak.git.1sy.top,zabbix.bak.git.1sy.top,discovered
bak.git.1sy.top,lb.bak.git.1sy.top,discovered
bak.git.1sy.top,auth2.bak.git.1sy.top,discovered
bak.git.1sy.top,hr.bak.git.1sy.top,discovered
bak.git.1sy.top,help.bak.git.1sy.top,discovered
bak.git.1sy.top,service.bak.git.1sy.top,discovered
bak.git.1sy.top,news.bak.git.1sy.top,discovered
bak.git.1sy.top,file.bak.git.1sy.top,discovered
bak.git.1sy.top,reader.bak.git.1sy.top,discovered
bak.git.1sy.top,video.bak.git.1sy.top,discovered
bak.git.1sy.top,cas.bak.git.1sy.top,discovered
bak.git.1sy.top,documentation.bak.git.1sy.top,discovered
bak.git.1sy.top,static.bak.git.1sy.top,discovered
bak.git.1sy.top,test.bak.git.1sy.top,discovered
bak.git.1sy.top,main.bak.git.1sy.top,discovered
bak.git.1sy.top,community.bak.git.1sy.top,discovered
bak.git.1sy.top,monitor.bak.git.1sy.top,discovered
bak.git.1sy.top,wx.bak.git.1sy.top,discovered
bak.git.1sy.top,assets.bak.git.1sy.top,discovered
bak.git.1sy.top,webapp.bak.git.1sy.top,discovered
bak.git.1sy.top,status.bak.git.1sy.top,discovered
bak.git.1sy.top,app.bak.git.1sy.top,discovered
bak.git.1sy.top,sms.bak.git.1sy.top,discovered
bak.git.1sy.top,elk.bak.git.1sy.top,discovered
bak.git.1sy.top,sso.bak.git.1sy.top,discovered
bak.git.1sy.top,preview.bak.git.1sy.top,discovered
bak.git.1sy.top,mx1.bak.git.1sy.top,discovered
bak.git.1sy.top,development.bak.git.1sy.top,discovered
bak.git.1sy.top,payment.bak.git.1sy.top,discovered
bak.git.1sy.top,mini.bak.git.1sy.top,discovered
bak.git.1sy.top,order.bak.git.1sy.top,discovered
bak.git.1sy.top,stage.bak.git.1sy.top,discovered
bak.git.1sy.top,order2.bak.git.1sy.top,discovered
bak.git.1sy.top,www.bak.git.1sy.top,discovered
bak.git.1sy.top,git.bak.git.1sy.top,discovered
bak.git.1sy.top,testing.bak.git.1sy.top,discovered
bak.git.1sy.top,erp.bak.git.1sy.top,discovered
bak.git.1sy.top,books.bak.git.1sy.top,discovered
bak.git.1sy.top,documents.bak.git.1sy.top,discovered
bak.git.1sy.top,blog.bak.git.1sy.top,discovered
bak.git.1sy.top,homepage.bak.git.1sy.top,discovered
bak.git.1sy.top,console.bak.git.1sy.top,discovered
bak.git.1sy.top,cos.bak.git.1sy.top,discovered
bak.git.1sy.top,mysqladmin.bak.git.1sy.top,discovered
bak.git.1sy.top,cdn2.bak.git.1sy.top,discovered
bak.git.1sy.top,mysql.bak.git.1sy.top,discovered
bak.git.1sy.top,img2.bak.git.1sy.top,discovered
bak.git.1sy.top,pay2.bak.git.1sy.top,discovered
bak.git.1sy.top,ios.bak.git.1sy.top,discovered
bak.git.1sy.top,m.bak.git.1sy.top,discovered
bak.git.1sy.top,mail2.bak.git.1sy.top,discovered
bak.git.1sy.top,im.bak.git.1sy.top,discovered
bak.git.1sy.top,pop3.bak.git.1sy.top,discovered
bak.git.1sy.top,ssh.bak.git.1sy.top,discovered
bak.git.1sy.top,data.bak.git.1sy.top,discovered
bak.git.1sy.top,sale.bak.git.1sy.top,discovered
bak.git.1sy.top,weixin.bak.git.1sy.top,discovered
bak.git.1sy.top,health.bak.git.1sy.top,discovered
bak.git.1sy.top,build.bak.git.1sy.top,discovered
bak.git.1sy.top,socket.bak.git.1sy.top,discovered
bak.git.1sy.top,comic.bak.git.1sy.top,discovered
bak.git.1sy.top,shop.bak.git.1sy.top,discovered
bak.git.1sy.top,smtp.bak.git.1sy.top,discovered
bak.git.1sy.top,apis.bak.git.1sy.top,discovered
bak.git.1sy.top,images.bak.git.1sy.top,discovered
bak.git.1sy.top,elastic.bak.git.1sy.top,discovered
bak.git.1sy.top,kubernetes.bak.git.1sy.top,discovered
bak.git.1sy.top,support.bak.git.1sy.top,discovered
bak.git.1sy.top,18.181.195.252,discovered
demo.git.1sy.top,3.112.245.183,discovered
chat.git.1sy.top,http://chat.git.1sy.top/,discovered
chat.git.1sy.top,https://chat.git.1sy.top/,discovered
gateway.git.1sy.top,178.236.38.1,discovered
story.git.1sy.top,178.236.38.1,discovered
radius.git.1sy.top,http://radius.git.1sy.top/,discovered
radius.git.1sy.top,https://radius.git.1sy.top/,discovered
demo.git.1sy.top,http://demo.git.1sy.top/,discovered
demo.git.1sy.top,https://demo.git.1sy.top/,discovered
phpadmin.git.1sy.top,http://phpadmin.git.1sy.top/,discovered
phpadmin.git.1sy.top,https://phpadmin.git.1sy.top/,discovered
tracking.git.1sy.top,54.238.185.226,discovered
gateway.git.1sy.top,http://gateway.git.1sy.top/,discovered
gateway.git.1sy.top,https://gateway.git.1sy.top/,discovered
alipay.git.1sy.top,http://alipay.git.1sy.top/,discovered
alipay.git.1sy.top,https://alipay.git.1sy.top/,discovered
story.git.1sy.top,http://story.git.1sy.top/,discovered
story.git.1sy.top,https://story.git.1sy.top/,discovered
erp.git.1sy.top,18.179.196.144,discovered
tracking.git.1sy.top,http://tracking.git.1sy.top/,discovered
tracking.git.1sy.top,https://tracking.git.1sy.top/,discovered
openapi.git.1sy.top,13.192.183.199,discovered
temp.git.1sy.top,54.238.185.226,discovered
erp.git.1sy.top,http://erp.git.1sy.top/,discovered
erp.git.1sy.top,https://erp.git.1sy.top/,discovered
openapi.git.1sy.top,http://openapi.git.1sy.top/,discovered
openapi.git.1sy.top,https://openapi.git.1sy.top/,discovered
temp.git.1sy.top,http://temp.git.1sy.top/,discovered
temp.git.1sy.top,https://temp.git.1sy.top/,discovered
shop.git.1sy.top,52.192.166.22,discovered
bak.git.1sy.top,http://bak.git.1sy.top/,discovered
bak.git.1sy.top,https://bak.git.1sy.top/,discovered
shop.git.1sy.top,http://shop.git.1sy.top/,discovered
shop.git.1sy.top,https://shop.git.1sy.top/,discovered
crm.git.1sy.top,54.238.47.134,discovered
crm.git.1sy.top,http://crm.git.1sy.top/,discovered
crm.git.1sy.top,https://crm.git.1sy.top/,discovered
ebook.git.1sy.top,18.181.195.252,discovered
img.git.1sy.top,18.181.195.252,discovered
img.git.1sy.top,http://img.git.1sy.top/,discovered
img.git.1sy.top,https://img.git.1sy.top/,discovered
ebook.git.1sy.top,http://ebook.git.1sy.top/,discovered
ebook.git.1sy.top,https://ebook.git.1sy.top/,discovered
images.git.1sy.top,52.68.214.152,discovered
images.git.1sy.top,http://images.git.1sy.top/,discovered
images.git.1sy.top,https://images.git.1sy.top/,discovered
https://www.1sy.top/,https://www.1sy.top/login.php,discovered
https://www.1sy.top/,https://www.1sy.top/user/,discovered
http://www.1sy.top/,http://www.1sy.top/login.php,discovered
http://www.1sy.top/,https://www.1sy.top/user/,discovered
13.159.144.37,13.159.144.37:22,discovered
13.159.144.37,13.159.144.37:80,discovered
13.159.144.37,http://13.159.144.37:80/,discovered
13.159.144.37,13.159.144.37:81,discovered
13.159.144.37,13.159.144.37:82,discovered
13.159.144.37,13.159.144.37:83,discovered
13.159.144.37,13.159.144.37:90,discovered
13.159.144.37,13.159.144.37:97,discovered
13.159.144.37,13.159.144.37:98,discovered
13.159.144.37,13.159.144.37:99,discovered
13.159.144.37,13.159.144.37:108,discovered
13.159.144.37,13.159.144.37:122,discovered
13.159.144.37,13.159.144.37:126,discovered
13.159.144.37,13.159.144.37:151,discovered
13.159.144.37,13.159.144.37:158,discovered
13.159.144.37,13.159.144.37:159,discovered
13.159.144.37,13.159.144.37:168,discovered
13.159.144.37,13.159.144.37:188,discovered
13.159.144.37,13.159.144.37:189,discovered
13.159.144.37,13.159.144.37:193,discovered
13.159.144.37,13.159.144.37:200,discovered
13.159.144.37,13.159.144.37:201,discovered
13.159.144.37,13.159.144.37:202,discovered
13.159.144.37,13.159.144.37:203,discovered
13.159.144.37,13.159.144.37:204,discovered
13.159.144.37,13.159.144.37:205,discovered
13.159.144.37,13.159.144.37:206,discovered
13.159.144.37,13.159.144.37:207,discovered
13.159.144.37,13.159.144.37:208,discovered
13.159.144.37,13.159.144.37:209,discovered
13.159.144.37,13.159.144.37:221,discovered
13.159.144.37,13.159.144.37:236,discovered
13.159.144.37,13.159.144.37:258,discovered
13.159.144.37,13.159.144.37:288,discovered
13.159.144.37,13.159.144.37:301,discovered
13.159.144.37,13.159.144.37:302,discovered
13.159.144.37,13.159.144.37:303,discovered
13.159.144.37,13.159.144.37:304,discovered
13.159.144.37,13.159.144.37:305,discovered
13.159.144.37,13.159.144.37:308,discovered
13.159.144.37,13.159.144.37:321,discovered
13.159.144.37,13.159.144.37:356,discovered
13.159.144.37,13.159.144.37:364,discovered
13.159.144.37,13.159.144.37:365,discovered
13.159.144.37,13.159.144.37:408,discovered
13.159.144.37,13.159.144.37:441,discovered
13.159.144.37,13.159.144.37:443,discovered
13.159.144.37,https://13.159.144.37:443/,discovered
13.159.144.37,13.159.144.37:500,discovered
13.159.144.37,13.159.144.37:501,discovered
13.159.144.37,13.159.144.37:509,discovered
13.159.144.37,13.159.144.37:510,discovered
13.159.144.37,13.159.144.37:511,discovered
13.159.144.37,13.159.144.37:512,discovered
13.159.144.37,13.159.144.37:513,discovered
13.159.144.37,13.159.144.37:514,discovered
13.159.144.37,13.159.144.37:520,discovered
13.159.144.37,13.159.144.37:523,discovered
13.159.144.37,13.159.144.37:525,discovered
13.159.144.37,13.159.144.37:568,discovered
13.159.144.37,13.159.144.37:588,discovered
13.159.144.37,13.159.144.37:589,discovered
13.159.144.37,13.159.144.37:600,discovered
13.159.144.37,13.159.144.37:632,discovered
13.159.144.37,13.159.144.37:685,discovered
13.159.144.37,13.159.144.37:686,discovered
13.159.144.37,13.159.144.37:688,discovered
13.159.144.37,13.159.144.37:775,discovered
13.159.144.37,13.159.144.37:776,discovered
13.159.144.37,13.159.144.37:777,discovered
13.159.144.37,13.159.144.37:778,discovered
13.159.144.37,13.159.144.37:787,discovered
13.159.144.37,13.159.144.37:801,discovered
13.159.144.37,13.159.144.37:802,discovered
13.159.144.37,13.159.144.37:808,discovered
13.159.144.37,13.159.144.37:836,discovered
13.159.144.37,13.159.144.37:837,discovered
13.159.144.37,13.159.144.37:840,discovered
13.159.144.37,13.159.144.37:841,discovered
13.159.144.37,13.159.144.37:842,discovered
13.159.144.37,13.159.144.37:852,discovered
13.159.144.37,13.159.144.37:854,discovered
13.159.144.37,13.159.144.37:855,discovered
13.159.144.37,13.159.144.37:857,discovered
13.159.144.37,13.159.144.37:858,discovered
13.159.144.37,13.159.144.37:863,discovered
13.159.144.37,13.159.144.37:867,discovered
13.159.144.37,13.159.144.37:871,discovered
13.159.144.37,13.159.144.37:872,discovered
13.159.144.37,13.159.144.37:873,discovered
13.159.144.37,13.159.144.37:874,discovered
13.159.144.37,13.159.144.37:877,discovered
13.159.144.37,13.159.144.37:878,discovered
13.159.144.37,13.159.144.37:883,discovered
13.159.144.37,13.159.144.37:898,discovered
13.159.144.37,13.159.144.37:900,discovered
13.159.144.37,13.159.144.37:901,discovered
13.159.144.37,13.159.144.37:902,discovered
13.159.144.37,13.159.144.37:903,discovered
13.159.144.37,13.159.144.37:904,discovered
13.159.144.37,13.159.144.37:905,discovered
13.159.144.37,13.159.144.37:906,discovered
13.159.144.37,13.159.144.37:907,discovered
13.159.144.37,13.159.144.37:909,discovered
13.159.144.37,13.159.144.37:910,discovered
13.159.144.37,13.159.144.37:912,discovered
13.159.144.37,13.159.144.37:918,discovered
13.159.144.37,13.159.144.37:928,discovered
13.159.144.37,13.159.144.37:938,discovered
13.159.144.37,13.159.144.37:966,discovered
13.159.144.37,13.159.144.37:977,discovered
13.159.144.37,13.159.144.37:978,discovered
13.159.144.37,13.159.144.37:979,discovered
13.159.144.37,13.159.144.37:980,discovered
13.159.144.37,13.159.144.37:981,discovered
13.159.144.37,13.159.144.37:982,discovered
13.159.144.37,13.159.144.37:983,discovered
13.159.144.37,13.159.144.37:989,discovered
13.159.144.37,13.159.144.37:998,discovered
13.159.144.37,13.159.144.37:999,discovered
13.159.144.37,13.159.144.37:1001,discovered
13.159.144.37,13.159.144.37:1002,discovered
13.159.144.37,13.159.144.37:1003,discovered
13.159.144.37,13.159.144.37:1004,discovered
13.159.144.37,13.159.144.37:1005,discovered
13.159.144.37,13.159.144.37:1006,discovered
13.159.144.37,13.159.144.37:1007,discovered
13.159.144.37,13.159.144.37:1008,discovered
13.159.144.37,13.159.144.37:1009,discovered
13.159.144.37,13.159.144.37:1010,discovered
13.159.144.37,13.159.144.37:1011,discovered
13.159.144.37,13.159.144.37:1012,discovered
13.159.144.37,13.159.144.37:8011,discovered
13.159.144.37,13.159.144.37:8018,discovered
13.159.144.37,13.159.144.37:8048,discovered
13.159.144.37,13.159.144.37:8061,discovered
13.159.144.37,13.159.144.37:8080,discovered
13.159.144.37,http://13.159.144.37:8080/,discovered
13.159.144.37,13.159.144.37:8083,discovered
13.159.144.37,13.159.144.37:8084,discovered
13.159.144.37,13.159.144.37:8085,discovered
13.159.144.37,13.159.144.37:8088,discovered
13.159.144.37,13.159.144.37:8181,discovered
13.159.144.37,13.159.144.37:8443,discovered
13.159.144.37,https://13.159.144.37:8443/,discovered
13.159.144.37,13.159.144.37:8888,discovered
13.159.144.37,13.159.144.37:9015,discovered
13.159.144.37,13.159.144.37:9081,discovered
13.159.144.37,13.159.144.37:9095,discovered
57.180.65.227,57.180.65.227:22,discovered
57.180.65.227,57.180.65.227:80,discovered
57.180.65.227,http://57.180.65.227:80/,discovered
57.180.65.227,57.180.65.227:81,discovered
57.180.65.227,57.180.65.227:82,discovered
57.180.65.227,57.180.65.227:83,discovered
57.180.65.227,57.180.65.227:90,discovered
57.180.65.227,57.180.65.227:97,discovered
57.180.65.227,57.180.65.227:98,discovered
57.180.65.227,57.180.65.227:99,discovered
57.180.65.227,57.180.65.227:108,discovered
57.180.65.227,57.180.65.227:121,discovered
57.180.65.227,57.180.65.227:122,discovered
57.180.65.227,57.180.65.227:126,discovered
57.180.65.227,57.180.65.227:151,discovered
57.180.65.227,57.180.65.227:155,discovered
57.180.65.227,57.180.65.227:158,discovered
57.180.65.227,57.180.65.227:159,discovered
57.180.65.227,57.180.65.227:168,discovered
57.180.65.227,57.180.65.227:188,discovered
57.180.65.227,57.180.65.227:189,discovered
57.180.65.227,57.180.65.227:193,discovered
57.180.65.227,57.180.65.227:200,discovered
57.180.65.227,57.180.65.227:201,discovered
57.180.65.227,57.180.65.227:202,discovered
57.180.65.227,57.180.65.227:203,discovered
57.180.65.227,57.180.65.227:204,discovered
57.180.65.227,57.180.65.227:205,discovered
57.180.65.227,57.180.65.227:206,discovered
57.180.65.227,57.180.65.227:207,discovered
57.180.65.227,57.180.65.227:208,discovered
57.180.65.227,57.180.65.227:209,discovered
57.180.65.227,57.180.65.227:221,discovered
57.180.65.227,57.180.65.227:236,discovered
57.180.65.227,57.180.65.227:258,discovered
57.180.65.227,57.180.65.227:288,discovered
57.180.65.227,57.180.65.227:301,discovered
57.180.65.227,57.180.65.227:302,discovered
57.180.65.227,57.180.65.227:303,discovered
57.180.65.227,57.180.65.227:304,discovered
57.180.65.227,57.180.65.227:305,discovered
57.180.65.227,57.180.65.227:308,discovered
57.180.65.227,57.180.65.227:321,discovered
57.180.65.227,57.180.65.227:356,discovered
57.180.65.227,57.180.65.227:364,discovered
57.180.65.227,57.180.65.227:365,discovered
57.180.65.227,57.180.65.227:408,discovered
57.180.65.227,57.180.65.227:441,discovered
57.180.65.227,57.180.65.227:443,discovered
57.180.65.227,https://57.180.65.227:443/,discovered
57.180.65.227,57.180.65.227:500,discovered
57.180.65.227,57.180.65.227:501,discovered
57.180.65.227,57.180.65.227:502,discovered
57.180.65.227,57.180.65.227:509,discovered
57.180.65.227,57.180.65.227:510,discovered
57.180.65.227,57.180.65.227:511,discovered
57.180.65.227,57.180.65.227:512,discovered
57.180.65.227,57.180.65.227:513,discovered
57.180.65.227,57.180.65.227:514,discovered
57.180.65.227,57.180.65.227:523,discovered
57.180.65.227,57.180.65.227:525,discovered
57.180.65.227,57.180.65.227:568,discovered
57.180.65.227,57.180.65.227:588,discovered
57.180.65.227,57.180.65.227:589,discovered
57.180.65.227,57.180.65.227:600,discovered
57.180.65.227,57.180.65.227:632,discovered
57.180.65.227,57.180.65.227:663,discovered
57.180.65.227,57.180.65.227:685,discovered
57.180.65.227,57.180.65.227:686,discovered
57.180.65.227,57.180.65.227:688,discovered
57.180.65.227,57.180.65.227:775,discovered
57.180.65.227,57.180.65.227:776,discovered
57.180.65.227,57.180.65.227:777,discovered
57.180.65.227,57.180.65.227:778,discovered
57.180.65.227,57.180.65.227:787,discovered
57.180.65.227,57.180.65.227:801,discovered
57.180.65.227,57.180.65.227:802,discovered
57.180.65.227,57.180.65.227:808,discovered
57.180.65.227,57.180.65.227:836,discovered
57.180.65.227,57.180.65.227:837,discovered
57.180.65.227,57.180.65.227:840,discovered
57.180.65.227,57.180.65.227:841,discovered
57.180.65.227,57.180.65.227:842,discovered
57.180.65.227,57.180.65.227:852,discovered
57.180.65.227,57.180.65.227:854,discovered
57.180.65.227,57.180.65.227:855,discovered
57.180.65.227,57.180.65.227:857,discovered
57.180.65.227,57.180.65.227:858,discovered
57.180.65.227,57.180.65.227:863,discovered
57.180.65.227,57.180.65.227:867,discovered
57.180.65.227,57.180.65.227:872,discovered
57.180.65.227,57.180.65.227:873,discovered
57.180.65.227,57.180.65.227:874,discovered
57.180.65.227,57.180.65.227:877,discovered
57.180.65.227,57.180.65.227:878,discovered
57.180.65.227,57.180.65.227:883,discovered
57.180.65.227,57.180.65.227:900,discovered
57.180.65.227,57.180.65.227:901,discovered
57.180.65.227,57.180.65.227:902,discovered
57.180.65.227,57.180.65.227:903,discovered
57.180.65.227,57.180.65.227:904,discovered
57.180.65.227,57.180.65.227:905,discovered
57.180.65.227,57.180.65.227:906,discovered
57.180.65.227,57.180.65.227:907,discovered
57.180.65.227,57.180.65.227:909,discovered
57.180.65.227,57.180.65.227:912,discovered
57.180.65.227,57.180.65.227:918,discovered
57.180.65.227,57.180.65.227:928,discovered
57.180.65.227,57.180.65.227:938,discovered
57.180.65.227,57.180.65.227:966,discovered
57.180.65.227,57.180.65.227:977,discovered
57.180.65.227,57.180.65.227:978,discovered
57.180.65.227,57.180.65.227:979,discovered
57.180.65.227,57.180.65.227:980,discovered
57.180.65.227,57.180.65.227:981,discovered
57.180.65.227,57.180.65.227:982,discovered
57.180.65.227,57.180.65.227:1005,discovered
57.180.65.227,57.180.65.227:8011,discovered
57.180.65.227,57.180.65.227:8018,discovered
57.180.65.227,57.180.65.227:8049,discovered
57.180.65.227,57.180.65.227:8061,discovered
57.180.65.227,57.180.65.227:8181,discovered
57.180.65.227,57.180.65.227:8222,discovered
57.180.65.227,57.180.65.227:9001,discovered
57.180.65.227,57.180.65.227:9008,discovered
57.180.65.227,57.180.65.227:9015,discovered
57.180.65.227,57.180.65.227:9025,discovered
57.180.65.227,57.180.65.227:9095,discovered
3.112.202.171,3.112.202.171:22,discovered
3.112.202.171,3.112.202.171:80,discovered
3.112.202.171,http://3.112.202.171:80/,discovered
3.112.202.171,3.112.202.171:81,discovered
3.112.202.171,3.112.202.171:82,discovered
3.112.202.171,3.112.202.171:83,discovered
3.112.202.171,3.112.202.171:90,discovered
3.112.202.171,3.112.202.171:97,discovered
3.112.202.171,3.112.202.171:98,discovered
3.112.202.171,3.112.202.171:99,discovered
3.112.202.171,3.112.202.171:108,discovered
3.112.202.171,3.112.202.171:121,discovered
3.112.202.171,3.112.202.171:122,discovered
3.112.202.171,3.112.202.171:126,discovered
3.112.202.171,3.112.202.171:151,discovered
3.112.202.171,3.112.202.171:155,discovered
3.112.202.171,3.112.202.171:158,discovered
3.112.202.171,3.112.202.171:159,discovered
3.112.202.171,3.112.202.171:168,discovered
3.112.202.171,3.112.202.171:188,discovered
3.112.202.171,3.112.202.171:189,discovered
3.112.202.171,3.112.202.171:193,discovered
3.112.202.171,3.112.202.171:200,discovered
3.112.202.171,3.112.202.171:201,discovered
3.112.202.171,3.112.202.171:202,discovered
3.112.202.171,3.112.202.171:203,discovered
3.112.202.171,3.112.202.171:204,discovered
3.112.202.171,3.112.202.171:205,discovered
3.112.202.171,3.112.202.171:206,discovered
3.112.202.171,3.112.202.171:207,discovered
3.112.202.171,3.112.202.171:208,discovered
3.112.202.171,3.112.202.171:209,discovered
3.112.202.171,3.112.202.171:221,discovered
3.112.202.171,3.112.202.171:236,discovered
3.112.202.171,3.112.202.171:258,discovered
3.112.202.171,3.112.202.171:288,discovered
3.112.202.171,3.112.202.171:301,discovered
3.112.202.171,3.112.202.171:302,discovered
3.112.202.171,3.112.202.171:303,discovered
3.112.202.171,3.112.202.171:304,discovered
3.112.202.171,3.112.202.171:305,discovered
3.112.202.171,3.112.202.171:308,discovered
3.112.202.171,3.112.202.171:321,discovered
3.112.202.171,3.112.202.171:356,discovered
3.112.202.171,3.112.202.171:364,discovered
3.112.202.171,3.112.202.171:365,discovered
3.112.202.171,3.112.202.171:408,discovered
3.112.202.171,3.112.202.171:441,discovered
3.112.202.171,3.112.202.171:443,discovered
3.112.202.171,https://3.112.202.171:443/,discovered
3.112.202.171,3.112.202.171:500,discovered
3.112.202.171,3.112.202.171:501,discovered
3.112.202.171,3.112.202.171:502,discovered
3.112.202.171,3.112.202.171:509,discovered
3.112.202.171,3.112.202.171:510,discovered
3.112.202.171,3.112.202.171:511,discovered
3.112.202.171,3.112.202.171:512,discovered
3.112.202.171,3.112.202.171:513,discovered
3.112.202.171,3.112.202.171:514,discovered
3.112.202.171,3.112.202.171:520,discovered
3.112.202.171,3.112.202.171:523,discovered
3.112.202.171,3.112.202.171:525,discovered
3.112.202.171,3.112.202.171:568,discovered
3.112.202.171,3.112.202.171:588,discovered
3.112.202.171,3.112.202.171:589,discovered
3.112.202.171,3.112.202.171:600,discovered
3.112.202.171,3.112.202.171:632,discovered
3.112.202.171,3.112.202.171:685,discovered
3.112.202.171,3.112.202.171:801,discovered
3.112.202.171,3.112.202.171:802,discovered
3.112.202.171,3.112.202.171:808,discovered
3.112.202.171,3.112.202.171:837,discovered
3.112.202.171,3.112.202.171:840,discovered
3.112.202.171,3.112.202.171:841,discovered
3.112.202.171,3.112.202.171:898,discovered
3.112.202.171,3.112.202.171:900,discovered
3.112.202.171,3.112.202.171:901,discovered
3.112.202.171,3.112.202.171:902,discovered
3.112.202.171,3.112.202.171:903,discovered
3.112.202.171,3.112.202.171:904,discovered
3.112.202.171,3.112.202.171:905,discovered
3.112.202.171,3.112.202.171:906,discovered
3.112.202.171,3.112.202.171:918,discovered
3.112.202.171,3.112.202.171:977,discovered
3.112.202.171,3.112.202.171:978,discovered
3.112.202.171,3.112.202.171:979,discovered
3.112.202.171,3.112.202.171:981,discovered
3.112.202.171,3.112.202.171:982,discovered
3.112.202.171,3.112.202.171:983,discovered
3.112.202.171,3.112.202.171:989,discovered
3.112.202.171,3.112.202.171:997,discovered
3.112.202.171,3.112.202.171:998,discovered
3.112.202.171,3.112.202.171:999,discovered
3.112.202.171,3.112.202.171:1001,discovered
3.112.202.171,3.112.202.171:1002,discovered
3.112.202.171,3.112.202.171:1003,discovered
3.112.202.171,3.112.202.171:1004,discovered
3.112.202.171,3.112.202.171:1005,discovered
3.112.202.171,3.112.202.171:1006,discovered
3.112.202.171,3.112.202.171:1007,discovered
3.112.202.171,3.112.202.171:1008,discovered
3.112.202.171,3.112.202.171:1009,discovered
3.112.202.171,3.112.202.171:1011,discovered
3.112.202.171,3.112.202.171:1012,discovered
3.112.202.171,3.112.202.171:8061,discovered
3.112.202.171,3.112.202.171:8080,discovered
3.112.202.171,http://3.112.202.171:8080/,discovered
3.112.202.171,3.112.202.171:8181,discovered
3.112.202.171,3.112.202.171:8222,discovered
3.112.202.171,3.112.202.171:8282,discovered
3.112.202.171,3.112.202.171:8888,discovered
43.207.112.80,43.207.112.80:80,discovered
43.207.112.80,http://43.207.112.80:80/,discovered
43.207.112.80,43.207.112.80:81,discovered
43.207.112.80,43.207.112.80:83,discovered
43.207.112.80,43.207.112.80:121,discovered
43.207.112.80,43.207.112.80:122,discovered
43.207.112.80,43.207.112.80:155,discovered
43.207.112.80,43.207.112.80:168,discovered
43.207.112.80,43.207.112.80:189,discovered
43.207.112.80,43.207.112.80:200,discovered
43.207.112.80,43.207.112.80:201,discovered
43.207.112.80,43.207.112.80:202,discovered
43.207.112.80,43.207.112.80:203,discovered
43.207.112.80,43.207.112.80:206,discovered
43.207.112.80,43.207.112.80:209,discovered
43.207.112.80,43.207.112.80:221,discovered
43.207.112.80,43.207.112.80:288,discovered
43.207.112.80,43.207.112.80:301,discovered
43.207.112.80,43.207.112.80:302,discovered
43.207.112.80,43.207.112.80:303,discovered
43.207.112.80,43.207.112.80:304,discovered
43.207.112.80,43.207.112.80:305,discovered
43.207.112.80,43.207.112.80:308,discovered
43.207.112.80,43.207.112.80:364,discovered
43.207.112.80,43.207.112.80:408,discovered
43.207.112.80,43.207.112.80:441,discovered
43.207.112.80,43.207.112.80:443,discovered
43.207.112.80,https://43.207.112.80:443/,discovered
43.207.112.80,43.207.112.80:500,discovered
43.207.112.80,43.207.112.80:501,discovered
43.207.112.80,43.207.112.80:502,discovered
43.207.112.80,43.207.112.80:509,discovered
43.207.112.80,43.207.112.80:510,discovered
43.207.112.80,43.207.112.80:514,discovered
43.207.112.80,43.207.112.80:523,discovered
43.207.112.80,43.207.112.80:525,discovered
43.207.112.80,43.207.112.80:568,discovered
43.207.112.80,43.207.112.80:588,discovered
43.207.112.80,43.207.112.80:589,discovered
43.207.112.80,43.207.112.80:632,discovered
43.207.112.80,43.207.112.80:663,discovered
43.207.112.80,43.207.112.80:688,discovered
43.207.112.80,43.207.112.80:775,discovered
43.207.112.80,43.207.112.80:801,discovered
43.207.112.80,43.207.112.80:802,discovered
43.207.112.80,43.207.112.80:857,discovered
43.207.112.80,43.207.112.80:867,discovered
43.207.112.80,43.207.112.80:871,discovered
43.207.112.80,43.207.112.80:874,discovered
43.207.112.80,43.207.112.80:877,discovered
43.207.112.80,43.207.112.80:878,discovered
43.207.112.80,43.207.112.80:901,discovered
43.207.112.80,43.207.112.80:902,discovered
43.207.112.80,43.207.112.80:966,discovered
43.207.112.80,43.207.112.80:977,discovered
43.207.112.80,43.207.112.80:978,discovered
43.207.112.80,43.207.112.80:979,discovered
43.207.112.80,43.207.112.80:980,discovered
43.207.112.80,43.207.112.80:981,discovered
43.207.112.80,43.207.112.80:982,discovered
43.207.112.80,43.207.112.80:989,discovered
43.207.112.80,43.207.112.80:997,discovered
43.207.112.80,43.207.112.80:998,discovered
43.207.112.80,43.207.112.80:999,discovered
43.207.112.80,43.207.112.80:1001,discovered
43.207.112.80,43.207.112.80:1002,discovered
43.207.112.80,43.207.112.80:1003,discovered
43.207.112.80,43.207.112.80:1004,discovered
43.207.112.80,43.207.112.80:1005,discovered
43.207.112.80,43.207.112.80:1006,discovered
43.207.112.80,43.207.112.80:1007,discovered
43.207.112.80,43.207.112.80:1008,discovered
43.207.112.80,43.207.112.80:1009,discovered
43.207.112.80,43.207.112.80:1010,discovered
43.207.112.80,43.207.112.80:1011,discovered
43.207.112.80,43.207.112.80:1012,discovered
43.207.112.80,43.207.112.80:8011,discovered
43.207.112.80,43.207.112.80:8018,discovered
43.207.112.80,43.207.112.80:8028,discovered
43.207.112.80,43.207.112.80:8031,discovered
43.207.112.80,43.207.112.80:8038,discovered
43.207.112.80,43.207.112.80:8048,discovered
43.207.112.80,43.207.112.80:8049,discovered
43.207.112.80,43.207.112.80:8061,discovered
43.207.112.80,43.207.112.80:8080,discovered
43.207.112.80,http://43.207.112.80:8080/,discovered
43.207.112.80,43.207.112.80:8082,discovered
43.207.112.80,43.207.112.80:8083,discovered
43.207.112.80,43.207.112.80:8084,discovered
43.207.112.80,43.207.112.80:8085,discovered
43.207.112.80,43.207.112.80:8088,discovered
43.207.112.80,43.207.112.80:8090,discovered
43.207.112.80,43.207.112.80:8181,discovered
43.207.112.80,43.207.112.80:8222,discovered
43.207.112.80,43.207.112.80:8282,discovered
43.207.112.80,43.207.112.80:8443,discovered
43.207.112.80,https://43.207.112.80:8443/,discovered
43.207.112.80,43.207.112.80:8888,discovered
43.207.112.80,43.207.112.80:9001,discovered
43.207.112.80,43.207.112.80:9007,discovered
43.207.112.80,43.207.112.80:9008,discovered
43.207.112.80,43.207.112.80:9015,discovered
43.207.112.80,43.207.112.80:9025,discovered
43.207.112.80,43.207.112.80:9058,discovered
43.207.112.80,43.207.112.80:9081,discovered
43.207.112.80,43.207.112.80:9090,discovered
43.207.112.80,43.207.112.80:9095,discovered
178.236.38.1,178.236.38.1:80,discovered
178.236.38.1,http://178.236.38.1:80/,discovered
178.236.38.1,178.236.38.1:81,discovered
178.236.38.1,178.236.38.1:82,discovered
178.236.38.1,178.236.38.1:83,discovered
178.236.38.1,178.236.38.1:108,discovered
178.236.38.1,178.236.38.1:121,discovered
178.236.38.1,178.236.38.1:122,discovered
178.236.38.1,178.236.38.1:151,discovered
178.236.38.1,178.236.38.1:155,discovered
178.236.38.1,178.236.38.1:158,discovered
178.236.38.1,178.236.38.1:159,discovered
178.236.38.1,178.236.38.1:168,discovered
178.236.38.1,178.236.38.1:188,discovered
178.236.38.1,178.236.38.1:189,discovered
178.236.38.1,178.236.38.1:193,discovered
178.236.38.1,178.236.38.1:196,discovered
178.236.38.1,178.236.38.1:199,discovered
178.236.38.1,178.236.38.1:200,discovered
178.236.38.1,178.236.38.1:201,discovered
178.236.38.1,178.236.38.1:202,discovered
178.236.38.1,178.236.38.1:203,discovered
178.236.38.1,178.236.38.1:204,discovered
178.236.38.1,178.236.38.1:205,discovered
178.236.38.1,178.236.38.1:206,discovered
178.236.38.1,178.236.38.1:207,discovered
178.236.38.1,178.236.38.1:208,discovered
178.236.38.1,178.236.38.1:209,discovered
178.236.38.1,178.236.38.1:221,discovered
178.236.38.1,178.236.38.1:236,discovered
178.236.38.1,178.236.38.1:258,discovered
178.236.38.1,178.236.38.1:288,discovered
178.236.38.1,178.236.38.1:301,discovered
178.236.38.1,178.236.38.1:302,discovered
178.236.38.1,178.236.38.1:303,discovered
178.236.38.1,178.236.38.1:304,discovered
178.236.38.1,178.236.38.1:308,discovered
178.236.38.1,178.236.38.1:321,discovered
178.236.38.1,178.236.38.1:356,discovered
178.236.38.1,178.236.38.1:364,discovered
178.236.38.1,178.236.38.1:365,discovered
178.236.38.1,178.236.38.1:408,discovered
178.236.38.1,178.236.38.1:441,discovered
178.236.38.1,178.236.38.1:500,discovered
178.236.38.1,178.236.38.1:501,discovered
178.236.38.1,178.236.38.1:502,discovered
178.236.38.1,178.236.38.1:509,discovered
178.236.38.1,178.236.38.1:510,discovered
178.236.38.1,178.236.38.1:511,discovered
178.236.38.1,178.236.38.1:512,discovered
178.236.38.1,178.236.38.1:513,discovered
178.236.38.1,178.236.38.1:514,discovered
178.236.38.1,178.236.38.1:520,discovered
178.236.38.1,178.236.38.1:523,discovered
178.236.38.1,178.236.38.1:525,discovered
178.236.38.1,178.236.38.1:568,discovered
178.236.38.1,178.236.38.1:588,discovered
178.236.38.1,178.236.38.1:589,discovered
178.236.38.1,178.236.38.1:632,discovered
178.236.38.1,178.236.38.1:777,discovered
178.236.38.1,178.236.38.1:778,discovered
178.236.38.1,178.236.38.1:808,discovered
178.236.38.1,178.236.38.1:855,discovered
178.236.38.1,178.236.38.1:858,discovered
178.236.38.1,178.236.38.1:867,discovered
178.236.38.1,178.236.38.1:872,discovered
178.236.38.1,178.236.38.1:883,discovered
178.236.38.1,178.236.38.1:900,discovered
178.236.38.1,178.236.38.1:901,discovered
178.236.38.1,178.236.38.1:903,discovered
178.236.38.1,178.236.38.1:904,discovered
178.236.38.1,178.236.38.1:905,discovered
178.236.38.1,178.236.38.1:906,discovered
178.236.38.1,178.236.38.1:907,discovered
178.236.38.1,178.236.38.1:918,discovered
178.236.38.1,178.236.38.1:938,discovered
178.236.38.1,178.236.38.1:977,discovered
178.236.38.1,178.236.38.1:978,discovered
178.236.38.1,178.236.38.1:979,discovered
178.236.38.1,178.236.38.1:980,discovered
178.236.38.1,178.236.38.1:981,discovered
178.236.38.1,178.236.38.1:982,discovered
178.236.38.1,178.236.38.1:983,discovered
178.236.38.1,178.236.38.1:997,discovered
178.236.38.1,178.236.38.1:998,discovered
178.236.38.1,178.236.38.1:999,discovered
178.236.38.1,178.236.38.1:1001,discovered
178.236.38.1,178.236.38.1:1002,discovered
178.236.38.1,178.236.38.1:1003,discovered
178.236.38.1,178.236.38.1:1004,discovered
178.236.38.1,178.236.38.1:1005,discovered
178.236.38.1,178.236.38.1:1006,discovered
178.236.38.1,178.236.38.1:1007,discovered
178.236.38.1,178.236.38.1:1008,discovered
178.236.38.1,178.236.38.1:1009,discovered
178.236.38.1,178.236.38.1:1010,discovered
178.236.38.1,178.236.38.1:1011,discovered
178.236.38.1,178.236.38.1:1012,discovered
178.236.38.1,178.236.38.1:7001,discovered
178.236.38.1,178.236.38.1:8000,discovered
178.236.38.1,178.236.38.1:8001,discovered
178.236.38.1,178.236.38.1:8004,discovered
178.236.38.1,178.236.38.1:8011,discovered
178.236.38.1,178.236.38.1:8018,discovered
178.236.38.1,178.236.38.1:8028,discovered
178.236.38.1,178.236.38.1:8031,discovered
178.236.38.1,178.236.38.1:8061,discovered
178.236.38.1,178.236.38.1:8202,discovered
178.236.38.1,178.236.38.1:8222,discovered
178.236.38.1,178.236.38.1:8282,discovered
178.236.38.1,178.236.38.1:8888,discovered
178.236.38.1,178.236.38.1:9000,discovered
178.236.38.1,178.236.38.1:9001,discovered
178.236.38.1,178.236.38.1:9007,discovered
178.236.38.1,178.236.38.1:9008,discovered
178.236.38.1,178.236.38.1:9015,discovered
178.236.38.1,178.236.38.1:9025,discovered
178.236.38.1,178.236.38.1:9091,discovered
52.192.166.22,52.192.166.22:80,discovered
52.192.166.22,http://52.192.166.22:80/,discovered
52.192.166.22,52.192.166.22:98,discovered
52.192.166.22,52.192.166.22:99,discovered
52.192.166.22,52.192.166.22:122,discovered
52.192.166.22,52.192.166.22:126,discovered
52.192.166.22,52.192.166.22:155,discovered
52.192.166.22,52.192.166.22:188,discovered
52.192.166.22,52.192.166.22:189,discovered
52.192.166.22,52.192.166.22:200,discovered
52.192.166.22,52.192.166.22:201,discovered
52.192.166.22,52.192.166.22:205,discovered
52.192.166.22,52.192.166.22:207,discovered
52.192.166.22,52.192.166.22:209,discovered
52.192.166.22,52.192.166.22:258,discovered
52.192.166.22,52.192.166.22:288,discovered
52.192.166.22,52.192.166.22:301,discovered
52.192.166.22,52.192.166.22:302,discovered
52.192.166.22,52.192.166.22:304,discovered
52.192.166.22,52.192.166.22:305,discovered
52.192.166.22,52.192.166.22:308,discovered
52.192.166.22,52.192.166.22:364,discovered
52.192.166.22,52.192.166.22:365,discovered
52.192.166.22,52.192.166.22:441,discovered
52.192.166.22,52.192.166.22:443,discovered
52.192.166.22,https://52.192.166.22:443/,discovered
52.192.166.22,52.192.166.22:501,discovered
52.192.166.22,52.192.166.22:502,discovered
52.192.166.22,52.192.166.22:511,discovered
52.192.166.22,52.192.166.22:520,discovered
52.192.166.22,52.192.166.22:525,discovered
52.192.166.22,52.192.166.22:568,discovered
52.192.166.22,52.192.166.22:588,discovered
52.192.166.22,52.192.166.22:589,discovered
52.192.166.22,52.192.166.22:600,discovered
52.192.166.22,52.192.166.22:632,discovered
52.192.166.22,52.192.166.22:663,discovered
52.192.166.22,52.192.166.22:688,discovered
52.192.166.22,52.192.166.22:776,discovered
52.192.166.22,52.192.166.22:778,discovered
52.192.166.22,52.192.166.22:787,discovered
52.192.166.22,52.192.166.22:802,discovered
52.192.166.22,52.192.166.22:837,discovered
52.192.166.22,52.192.166.22:841,discovered
52.192.166.22,52.192.166.22:855,discovered
52.192.166.22,52.192.166.22:857,discovered
52.192.166.22,52.192.166.22:867,discovered
52.192.166.22,52.192.166.22:877,discovered
52.192.166.22,52.192.166.22:878,discovered
52.192.166.22,52.192.166.22:903,discovered
52.192.166.22,52.192.166.22:912,discovered
52.192.166.22,52.192.166.22:918,discovered
52.192.166.22,52.192.166.22:928,discovered
52.192.166.22,52.192.166.22:966,discovered
52.192.166.22,52.192.166.22:977,discovered
52.192.166.22,52.192.166.22:978,discovered
52.192.166.22,52.192.166.22:979,discovered
52.192.166.22,52.192.166.22:980,discovered
52.192.166.22,52.192.166.22:981,discovered
52.192.166.22,52.192.166.22:982,discovered
52.192.166.22,52.192.166.22:983,discovered
52.192.166.22,52.192.166.22:989,discovered
52.192.166.22,52.192.166.22:997,discovered
52.192.166.22,52.192.166.22:998,discovered
52.192.166.22,52.192.166.22:999,discovered
52.192.166.22,52.192.166.22:1001,discovered
52.192.166.22,52.192.166.22:1002,discovered
52.192.166.22,52.192.166.22:1003,discovered
52.192.166.22,52.192.166.22:1004,discovered
52.192.166.22,52.192.166.22:1005,discovered
52.192.166.22,52.192.166.22:1006,discovered
52.192.166.22,52.192.166.22:1007,discovered
52.192.166.22,52.192.166.22:1008,discovered
52.192.166.22,52.192.166.22:1009,discovered
52.192.166.22,52.192.166.22:1010,discovered
52.192.166.22,52.192.166.22:1011,discovered
52.192.166.22,52.192.166.22:1012,discovered
52.192.166.22,52.192.166.22:8011,discovered
52.192.166.22,52.192.166.22:8018,discovered
52.192.166.22,52.192.166.22:8028,discovered
52.192.166.22,52.192.166.22:8031,discovered
52.192.166.22,52.192.166.22:8038,discovered
52.192.166.22,52.192.166.22:8048,discovered
52.192.166.22,52.192.166.22:8049,discovered
52.192.166.22,52.192.166.22:8061,discovered
52.192.166.22,52.192.166.22:8080,discovered
52.192.166.22,http://52.192.166.22:8080/,discovered
52.192.166.22,52.192.166.22:8082,discovered
52.192.166.22,52.192.166.22:8083,discovered
52.192.166.22,52.192.166.22:8085,discovered
52.192.166.22,52.192.166.22:8088,discovered
52.192.166.22,52.192.166.22:8090,discovered
52.192.166.22,52.192.166.22:8181,discovered
52.192.166.22,52.192.166.22:8222,discovered
52.192.166.22,52.192.166.22:8282,discovered
52.192.166.22,52.192.166.22:8443,discovered
52.192.166.22,https://52.192.166.22:8443/,discovered
52.192.166.22,52.192.166.22:9001,discovered
52.192.166.22,52.192.166.22:9008,discovered
52.192.166.22,52.192.166.22:9015,discovered
52.192.166.22,52.192.166.22:9025,discovered
52.192.166.22,52.192.166.22:9058,discovered
52.192.166.22,52.192.166.22:9090,discovered
52.192.166.22,52.192.166.22:9095,discovered
52.199.24.216,52.199.24.216:22,discovered
52.199.24.216,52.199.24.216:80,discovered
52.199.24.216,http://52.199.24.216:80/,discovered
52.199.24.216,52.199.24.216:81,discovered
52.199.24.216,52.199.24.216:82,discovered
52.199.24.216,52.199.24.216:83,discovered
52.199.24.216,52.199.24.216:90,discovered
52.199.24.216,52.199.24.216:97,discovered
52.199.24.216,52.199.24.216:98,discovered
52.199.24.216,52.199.24.216:99,discovered
52.199.24.216,52.199.24.216:108,discovered
52.199.24.216,52.199.24.216:121,discovered
52.199.24.216,52.199.24.216:122,discovered
52.199.24.216,52.199.24.216:126,discovered
52.199.24.216,52.199.24.216:151,discovered
52.199.24.216,52.199.24.216:155,discovered
52.199.24.216,52.199.24.216:158,discovered
52.199.24.216,52.199.24.216:159,discovered
52.199.24.216,52.199.24.216:188,discovered
52.199.24.216,52.199.24.216:193,discovered
52.199.24.216,52.199.24.216:200,discovered
52.199.24.216,52.199.24.216:201,discovered
52.199.24.216,52.199.24.216:202,discovered
52.199.24.216,52.199.24.216:203,discovered
52.199.24.216,52.199.24.216:204,discovered
52.199.24.216,52.199.24.216:205,discovered
52.199.24.216,52.199.24.216:206,discovered
52.199.24.216,52.199.24.216:207,discovered
52.199.24.216,52.199.24.216:208,discovered
52.199.24.216,52.199.24.216:209,discovered
52.199.24.216,52.199.24.216:221,discovered
52.199.24.216,52.199.24.216:236,discovered
52.199.24.216,52.199.24.216:258,discovered
52.199.24.216,52.199.24.216:288,discovered
52.199.24.216,52.199.24.216:301,discovered
52.199.24.216,52.199.24.216:302,discovered
52.199.24.216,52.199.24.216:303,discovered
52.199.24.216,52.199.24.216:304,discovered
52.199.24.216,52.199.24.216:305,discovered
52.199.24.216,52.199.24.216:308,discovered
52.199.24.216,52.199.24.216:321,discovered
52.199.24.216,52.199.24.216:356,discovered
52.199.24.216,52.199.24.216:364,discovered
52.199.24.216,52.199.24.216:365,discovered
52.199.24.216,52.199.24.216:408,discovered
52.199.24.216,52.199.24.216:441,discovered
52.199.24.216,52.199.24.216:443,discovered
52.199.24.216,https://52.199.24.216:443/,discovered
52.199.24.216,52.199.24.216:500,discovered
52.199.24.216,52.199.24.216:501,discovered
52.199.24.216,52.199.24.216:502,discovered
52.199.24.216,52.199.24.216:509,discovered
52.199.24.216,52.199.24.216:510,discovered
52.199.24.216,52.199.24.216:512,discovered
52.199.24.216,52.199.24.216:513,discovered
52.199.24.216,52.199.24.216:514,discovered
52.199.24.216,52.199.24.216:523,discovered
52.199.24.216,52.199.24.216:568,discovered
52.199.24.216,52.199.24.216:776,discovered
52.199.24.216,52.199.24.216:787,discovered
52.199.24.216,52.199.24.216:802,discovered
52.199.24.216,52.199.24.216:836,discovered
52.199.24.216,52.199.24.216:837,discovered
52.199.24.216,52.199.24.216:840,discovered
52.199.24.216,52.199.24.216:841,discovered
52.199.24.216,52.199.24.216:842,discovered
52.199.24.216,52.199.24.216:852,discovered
52.199.24.216,52.199.24.216:855,discovered
52.199.24.216,52.199.24.216:857,discovered
52.199.24.216,52.199.24.216:858,discovered
52.199.24.216,52.199.24.216:863,discovered
52.199.24.216,52.199.24.216:872,discovered
52.199.24.216,52.199.24.216:873,discovered
52.199.24.216,52.199.24.216:883,discovered
52.199.24.216,52.199.24.216:900,discovered
52.199.24.216,52.199.24.216:902,discovered
52.199.24.216,52.199.24.216:903,discovered
52.199.24.216,52.199.24.216:904,discovered
52.199.24.216,52.199.24.216:905,discovered
52.199.24.216,52.199.24.216:906,discovered
52.199.24.216,52.199.24.216:907,discovered
52.199.24.216,52.199.24.216:909,discovered
52.199.24.216,52.199.24.216:912,discovered
52.199.24.216,52.199.24.216:918,discovered
52.199.24.216,52.199.24.216:928,discovered
52.199.24.216,52.199.24.216:938,discovered
52.199.24.216,52.199.24.216:966,discovered
52.199.24.216,52.199.24.216:977,discovered
52.199.24.216,52.199.24.216:978,discovered
52.199.24.216,52.199.24.216:979,discovered
52.199.24.216,52.199.24.216:980,discovered
52.199.24.216,52.199.24.216:981,discovered
52.199.24.216,52.199.24.216:982,discovered
52.199.24.216,52.199.24.216:983,discovered
52.199.24.216,52.199.24.216:989,discovered
52.199.24.216,52.199.24.216:997,discovered
52.199.24.216,52.199.24.216:998,discovered
52.199.24.216,52.199.24.216:999,discovered
52.199.24.216,52.199.24.216:1001,discovered
52.199.24.216,52.199.24.216:1002,discovered
52.199.24.216,52.199.24.216:1003,discovered
52.199.24.216,52.199.24.216:1004,discovered
52.199.24.216,52.199.24.216:1005,discovered
52.199.24.216,52.199.24.216:1006,discovered
52.199.24.216,52.199.24.216:1007,discovered
52.199.24.216,52.199.24.216:1008,discovered
52.199.24.216,52.199.24.216:1009,discovered
52.199.24.216,52.199.24.216:1010,discovered
52.199.24.216,52.199.24.216:1011,discovered
52.199.24.216,52.199.24.216:1012,discovered
52.199.24.216,52.199.24.216:8018,discovered
52.199.24.216,52.199.24.216:8028,discovered
52.199.24.216,52.199.24.216:8038,discovered
52.199.24.216,52.199.24.216:8084,discovered
52.199.24.216,52.199.24.216:8085,discovered
52.199.24.216,52.199.24.216:8088,discovered
52.199.24.216,52.199.24.216:8181,discovered
52.199.24.216,52.199.24.216:8443,discovered
52.199.24.216,https://52.199.24.216:8443/,discovered
52.199.24.216,52.199.24.216:9090,discovered
52.199.24.216,52.199.24.216:9095,discovered
3.112.245.183,3.112.245.183:82,discovered
3.112.245.183,3.112.245.183:90,discovered
3.112.245.183,3.112.245.183:108,discovered
3.112.245.183,3.112.245.183:121,discovered
3.112.245.183,3.112.245.183:188,discovered
3.112.245.183,3.112.245.183:189,discovered
3.112.245.183,3.112.245.183:200,discovered
3.112.245.183,3.112.245.183:203,discovered
3.112.245.183,3.112.245.183:204,discovered
3.112.245.183,3.112.245.183:206,discovered
3.112.245.183,3.112.245.183:207,discovered
3.112.245.183,3.112.245.183:208,discovered
3.112.245.183,3.112.245.183:209,discovered
3.112.245.183,3.112.245.183:258,discovered
3.112.245.183,3.112.245.183:288,discovered
3.112.245.183,3.112.245.183:302,discovered
3.112.245.183,3.112.245.183:308,discovered
3.112.245.183,3.112.245.183:321,discovered
3.112.245.183,3.112.245.183:364,discovered
3.112.245.183,3.112.245.183:365,discovered
3.112.245.183,3.112.245.183:408,discovered
3.112.245.183,3.112.245.183:441,discovered
3.112.245.183,3.112.245.183:443,discovered
3.112.245.183,https://3.112.245.183:443/,discovered
3.112.245.183,3.112.245.183:502,discovered
3.112.245.183,3.112.245.183:509,discovered
3.112.245.183,3.112.245.183:520,discovered
3.112.245.183,3.112.245.183:523,discovered
3.112.245.183,3.112.245.183:568,discovered
3.112.245.183,3.112.245.183:588,discovered
3.112.245.183,3.112.245.183:589,discovered
3.112.245.183,3.112.245.183:600,discovered
3.112.245.183,3.112.245.183:632,discovered
3.112.245.183,3.112.245.183:686,discovered
3.112.245.183,3.112.245.183:776,discovered
3.112.245.183,3.112.245.183:787,discovered
3.112.245.183,3.112.245.183:801,discovered
3.112.245.183,3.112.245.183:837,discovered
3.112.245.183,3.112.245.183:841,discovered
3.112.245.183,3.112.245.183:854,discovered
3.112.245.183,3.112.245.183:857,discovered
3.112.245.183,3.112.245.183:858,discovered
3.112.245.183,3.112.245.183:863,discovered
3.112.245.183,3.112.245.183:867,discovered
3.112.245.183,3.112.245.183:873,discovered
3.112.245.183,3.112.245.183:883,discovered
3.112.245.183,3.112.245.183:898,discovered
3.112.245.183,3.112.245.183:901,discovered
3.112.245.183,3.112.245.183:902,discovered
3.112.245.183,3.112.245.183:904,discovered
3.112.245.183,3.112.245.183:905,discovered
3.112.245.183,3.112.245.183:907,discovered
3.112.245.183,3.112.245.183:909,discovered
3.112.245.183,3.112.245.183:910,discovered
3.112.245.183,3.112.245.183:918,discovered
3.112.245.183,3.112.245.183:938,discovered
3.112.245.183,3.112.245.183:966,discovered
3.112.245.183,3.112.245.183:977,discovered
3.112.245.183,3.112.245.183:978,discovered
3.112.245.183,3.112.245.183:979,discovered
3.112.245.183,3.112.245.183:980,discovered
3.112.245.183,3.112.245.183:981,discovered
3.112.245.183,3.112.245.183:982,discovered
3.112.245.183,3.112.245.183:983,discovered
3.112.245.183,3.112.245.183:989,discovered
3.112.245.183,3.112.245.183:997,discovered
3.112.245.183,3.112.245.183:998,discovered
3.112.245.183,3.112.245.183:999,discovered
3.112.245.183,3.112.245.183:1001,discovered
3.112.245.183,3.112.245.183:1002,discovered
3.112.245.183,3.112.245.183:1003,discovered
3.112.245.183,3.112.245.183:1004,discovered
3.112.245.183,3.112.245.183:1005,discovered
3.112.245.183,3.112.245.183:1006,discovered
3.112.245.183,3.112.245.183:1007,discovered
3.112.245.183,3.112.245.183:1008,discovered
3.112.245.183,3.112.245.183:1009,discovered
3.112.245.183,3.112.245.183:1010,discovered
3.112.245.183,3.112.245.183:1011,discovered
3.112.245.183,3.112.245.183:1012,discovered
3.112.245.183,3.112.245.183:8011,discovered
3.112.245.183,3.112.245.183:8018,discovered
3.112.245.183,3.112.245.183:8028,discovered
3.112.245.183,3.112.245.183:8031,discovered
3.112.245.183,3.112.245.183:8038,discovered
3.112.245.183,3.112.245.183:8048,discovered
3.112.245.183,3.112.245.183:8049,discovered
3.112.245.183,3.112.245.183:8061,discovered
3.112.245.183,3.112.245.183:8080,discovered
3.112.245.183,http://3.112.245.183:8080/,discovered
3.112.245.183,3.112.245.183:8082,discovered
3.112.245.183,3.112.245.183:8083,discovered
3.112.245.183,3.112.245.183:8084,discovered
3.112.245.183,3.112.245.183:8085,discovered
3.112.245.183,3.112.245.183:8088,discovered
3.112.245.183,3.112.245.183:8090,discovered
3.112.245.183,3.112.245.183:8181,discovered
3.112.245.183,3.112.245.183:8222,discovered
3.112.245.183,3.112.245.183:8282,discovered
3.112.245.183,3.112.245.183:8443,discovered
3.112.245.183,https://3.112.245.183:8443/,discovered
3.112.245.183,3.112.245.183:8888,discovered
3.112.245.183,3.112.245.183:9001,discovered
3.112.245.183,3.112.245.183:9007,discovered
3.112.245.183,3.112.245.183:9008,discovered
3.112.245.183,3.112.245.183:9015,discovered
3.112.245.183,3.112.245.183:9025,discovered
3.112.245.183,3.112.245.183:9058,discovered
3.112.245.183,3.112.245.183:9081,discovered
3.112.245.183,3.112.245.183:9090,discovered
3.112.245.183,3.112.245.183:9095,discovered
54.238.47.134,54.238.47.134:90,discovered
54.238.47.134,54.238.47.134:121,discovered
54.238.47.134,54.238.47.134:159,discovered
54.238.47.134,54.238.47.134:193,discovered
54.238.47.134,54.238.47.134:201,discovered
54.238.47.134,54.238.47.134:209,discovered
54.238.47.134,54.238.47.134:236,discovered
54.238.47.134,54.238.47.134:258,discovered
54.238.47.134,54.238.47.134:288,discovered
54.238.47.134,54.238.47.134:301,discovered
54.238.47.134,54.238.47.134:302,discovered
54.238.47.134,54.238.47.134:303,discovered
54.238.47.134,54.238.47.134:304,discovered
54.238.47.134,54.238.47.134:305,discovered
54.238.47.134,54.238.47.134:308,discovered
54.238.47.134,54.238.47.134:321,discovered
54.238.47.134,54.238.47.134:356,discovered
54.238.47.134,54.238.47.134:364,discovered
54.238.47.134,54.238.47.134:365,discovered
54.238.47.134,54.238.47.134:408,discovered
54.238.47.134,54.238.47.134:441,discovered
54.238.47.134,54.238.47.134:443,discovered
54.238.47.134,https://54.238.47.134:443/,discovered
54.238.47.134,54.238.47.134:500,discovered
54.238.47.134,54.238.47.134:501,discovered
54.238.47.134,54.238.47.134:502,discovered
54.238.47.134,54.238.47.134:509,discovered
54.238.47.134,54.238.47.134:510,discovered
54.238.47.134,54.238.47.134:511,discovered
54.238.47.134,54.238.47.134:512,discovered
54.238.47.134,54.238.47.134:513,discovered
54.238.47.134,54.238.47.134:514,discovered
54.238.47.134,54.238.47.134:568,discovered
54.238.47.134,54.238.47.134:588,discovered
54.238.47.134,54.238.47.134:589,discovered
54.238.47.134,54.238.47.134:600,discovered
54.238.47.134,54.238.47.134:632,discovered
54.238.47.134,54.238.47.134:663,discovered
54.238.47.134,54.238.47.134:686,discovered
54.238.47.134,54.238.47.134:688,discovered
54.238.47.134,54.238.47.134:777,discovered
54.238.47.134,54.238.47.134:778,discovered
54.238.47.134,54.238.47.134:808,discovered
54.238.47.134,54.238.47.134:836,discovered
54.238.47.134,54.238.47.134:837,discovered
54.238.47.134,54.238.47.134:842,discovered
54.238.47.134,54.238.47.134:852,discovered
54.238.47.134,54.238.47.134:854,discovered
54.238.47.134,54.238.47.134:855,discovered
54.238.47.134,54.238.47.134:903,discovered
54.238.47.134,54.238.47.134:904,discovered
54.238.47.134,54.238.47.134:910,discovered
54.238.47.134,54.238.47.134:912,discovered
54.238.47.134,54.238.47.134:966,discovered
54.238.47.134,54.238.47.134:977,discovered
54.238.47.134,54.238.47.134:978,discovered
54.238.47.134,54.238.47.134:979,discovered
54.238.47.134,54.238.47.134:980,discovered
54.238.47.134,54.238.47.134:981,discovered
54.238.47.134,54.238.47.134:982,discovered
54.238.47.134,54.238.47.134:983,discovered
54.238.47.134,54.238.47.134:989,discovered
54.238.47.134,54.238.47.134:1003,discovered
54.238.47.134,54.238.47.134:1005,discovered
54.238.47.134,54.238.47.134:1006,discovered
54.238.47.134,54.238.47.134:8028,discovered
54.238.47.134,54.238.47.134:8031,discovered
54.238.47.134,54.238.47.134:8061,discovered
54.238.47.134,54.238.47.134:8082,discovered
54.238.47.134,54.238.47.134:8083,discovered
54.238.47.134,54.238.47.134:8084,discovered
54.238.47.134,54.238.47.134:8085,discovered
54.238.47.134,54.238.47.134:8088,discovered
54.238.47.134,54.238.47.134:8090,discovered
54.238.47.134,54.238.47.134:8181,discovered
54.238.47.134,54.238.47.134:8222,discovered
54.238.47.134,54.238.47.134:8282,discovered
54.238.47.134,54.238.47.134:8443,discovered
54.238.47.134,https://54.238.47.134:8443/,discovered
54.238.47.134,54.238.47.134:9001,discovered
54.238.47.134,54.238.47.134:9058,discovered
54.238.47.134,54.238.47.134:9095,discovered
18.181.195.252,18.181.195.252:99,discovered
18.181.195.252,18.181.195.252:108,discovered
18.181.195.252,18.181.195.252:151,discovered
18.181.195.252,18.181.195.252:158,discovered
18.181.195.252,18.181.195.252:159,discovered
18.181.195.252,18.181.195.252:188,discovered
18.181.195.252,18.181.195.252:203,discovered
18.181.195.252,18.181.195.252:236,discovered
18.181.195.252,18.181.195.252:258,discovered
18.181.195.252,18.181.195.252:288,discovered
18.181.195.252,18.181.195.252:301,discovered
18.181.195.252,18.181.195.252:302,discovered
18.181.195.252,18.181.195.252:303,discovered
18.181.195.252,18.181.195.252:304,discovered
18.181.195.252,18.181.195.252:305,discovered
18.181.195.252,18.181.195.252:308,discovered
18.181.195.252,18.181.195.252:321,discovered
18.181.195.252,18.181.195.252:356,discovered
18.181.195.252,18.181.195.252:408,discovered
18.181.195.252,18.181.195.252:443,discovered
18.181.195.252,https://18.181.195.252:443/,discovered
18.181.195.252,18.181.195.252:500,discovered
18.181.195.252,18.181.195.252:501,discovered
18.181.195.252,18.181.195.252:502,discovered
18.181.195.252,18.181.195.252:509,discovered
18.181.195.252,18.181.195.252:510,discovered
18.181.195.252,18.181.195.252:511,discovered
18.181.195.252,18.181.195.252:512,discovered
18.181.195.252,18.181.195.252:513,discovered
18.181.195.252,18.181.195.252:514,discovered
18.181.195.252,18.181.195.252:525,discovered
18.181.195.252,18.181.195.252:568,discovered
18.181.195.252,18.181.195.252:588,discovered
18.181.195.252,18.181.195.252:589,discovered
18.181.195.252,18.181.195.252:600,discovered
18.181.195.252,18.181.195.252:632,discovered
18.181.195.252,18.181.195.252:663,discovered
18.181.195.252,18.181.195.252:685,discovered
18.181.195.252,18.181.195.252:686,discovered
18.181.195.252,18.181.195.252:841,discovered
18.181.195.252,18.181.195.252:852,discovered
18.181.195.252,18.181.195.252:855,discovered
18.181.195.252,18.181.195.252:874,discovered
18.181.195.252,18.181.195.252:877,discovered
18.181.195.252,18.181.195.252:905,discovered
18.181.195.252,18.181.195.252:909,discovered
18.181.195.252,18.181.195.252:966,discovered
18.181.195.252,18.181.195.252:977,discovered
18.181.195.252,18.181.195.252:978,discovered
18.181.195.252,18.181.195.252:979,discovered
18.181.195.252,18.181.195.252:980,discovered
18.181.195.252,18.181.195.252:989,discovered
18.181.195.252,18.181.195.252:997,discovered
18.181.195.252,18.181.195.252:999,discovered
18.181.195.252,18.181.195.252:1004,discovered
18.181.195.252,18.181.195.252:1005,discovered
18.181.195.252,18.181.195.252:1011,discovered
18.181.195.252,18.181.195.252:1012,discovered
18.181.195.252,18.181.195.252:8031,discovered
18.181.195.252,18.181.195.252:8038,discovered
18.181.195.252,18.181.195.252:8049,discovered
18.181.195.252,18.181.195.252:8080,discovered
18.181.195.252,http://18.181.195.252:8080/,discovered
18.181.195.252,18.181.195.252:8082,discovered
18.181.195.252,18.181.195.252:8083,discovered
18.181.195.252,18.181.195.252:8084,discovered
18.181.195.252,18.181.195.252:8085,discovered
18.181.195.252,18.181.195.252:8088,discovered
18.181.195.252,18.181.195.252:8090,discovered
18.181.195.252,18.181.195.252:8181,discovered
18.181.195.252,18.181.195.252:8222,discovered
18.181.195.252,18.181.195.252:9007,discovered
18.181.195.252,18.181.195.252:9025,discovered
18.181.195.252,18.181.195.252:9058,discovered
3.113.7.49,3.113.7.49:22,discovered
3.113.7.49,3.113.7.49:90,discovered
3.113.7.49,3.113.7.49:98,discovered
3.113.7.49,3.113.7.49:99,discovered
3.113.7.49,3.113.7.49:108,discovered
3.113.7.49,3.113.7.49:121,discovered
3.113.7.49,3.113.7.49:122,discovered
3.113.7.49,3.113.7.49:126,discovered
3.113.7.49,3.113.7.49:151,discovered
3.113.7.49,3.113.7.49:159,discovered
3.113.7.49,3.113.7.49:188,discovered
3.113.7.49,3.113.7.49:193,discovered
3.113.7.49,3.113.7.49:201,discovered
3.113.7.49,3.113.7.49:206,discovered
3.113.7.49,3.113.7.49:288,discovered
3.113.7.49,3.113.7.49:305,discovered
3.113.7.49,3.113.7.49:408,discovered
3.113.7.49,3.113.7.49:441,discovered
3.113.7.49,3.113.7.49:443,discovered
3.113.7.49,https://3.113.7.49:443/,discovered
3.113.7.49,3.113.7.49:502,discovered
3.113.7.49,3.113.7.49:509,discovered
3.113.7.49,3.113.7.49:512,discovered
3.113.7.49,3.113.7.49:513,discovered
3.113.7.49,3.113.7.49:514,discovered
3.113.7.49,3.113.7.49:520,discovered
3.113.7.49,3.113.7.49:523,discovered
3.113.7.49,3.113.7.49:568,discovered
3.113.7.49,3.113.7.49:588,discovered
3.113.7.49,3.113.7.49:589,discovered
3.113.7.49,3.113.7.49:632,discovered
3.113.7.49,3.113.7.49:663,discovered
3.113.7.49,3.113.7.49:686,discovered
3.113.7.49,3.113.7.49:688,discovered
3.113.7.49,3.113.7.49:836,discovered
3.113.7.49,3.113.7.49:837,discovered
3.113.7.49,3.113.7.49:840,discovered
3.113.7.49,3.113.7.49:842,discovered
3.113.7.49,3.113.7.49:877,discovered
3.113.7.49,3.113.7.49:878,discovered
3.113.7.49,3.113.7.49:883,discovered
3.113.7.49,3.113.7.49:901,discovered
3.113.7.49,3.113.7.49:902,discovered
3.113.7.49,3.113.7.49:903,discovered
3.113.7.49,3.113.7.49:904,discovered
3.113.7.49,3.113.7.49:905,discovered
3.113.7.49,3.113.7.49:906,discovered
3.113.7.49,3.113.7.49:907,discovered
3.113.7.49,3.113.7.49:909,discovered
3.113.7.49,3.113.7.49:910,discovered
3.113.7.49,3.113.7.49:938,discovered
3.113.7.49,3.113.7.49:977,discovered
3.113.7.49,3.113.7.49:981,discovered
3.113.7.49,3.113.7.49:982,discovered
3.113.7.49,3.113.7.49:983,discovered
3.113.7.49,3.113.7.49:989,discovered
3.113.7.49,3.113.7.49:997,discovered
3.113.7.49,3.113.7.49:998,discovered
3.113.7.49,3.113.7.49:999,discovered
3.113.7.49,3.113.7.49:1001,discovered
3.113.7.49,3.113.7.49:1002,discovered
3.113.7.49,3.113.7.49:1003,discovered
3.113.7.49,3.113.7.49:1004,discovered
3.113.7.49,3.113.7.49:1005,discovered
3.113.7.49,3.113.7.49:1006,discovered
3.113.7.49,3.113.7.49:1007,discovered
3.113.7.49,3.113.7.49:1008,discovered
3.113.7.49,3.113.7.49:1009,discovered
3.113.7.49,3.113.7.49:1010,discovered
3.113.7.49,3.113.7.49:1011,discovered
3.113.7.49,3.113.7.49:8011,discovered
3.113.7.49,3.113.7.49:8048,discovered
3.113.7.49,3.113.7.49:8049,discovered
3.113.7.49,3.113.7.49:8061,discovered
3.113.7.49,3.113.7.49:8082,discovered
3.113.7.49,3.113.7.49:8083,discovered
3.113.7.49,3.113.7.49:8084,discovered
3.113.7.49,3.113.7.49:8085,discovered
3.113.7.49,3.113.7.49:8088,discovered
3.113.7.49,3.113.7.49:8090,discovered
3.113.7.49,3.113.7.49:8181,discovered
3.113.7.49,3.113.7.49:8222,discovered
3.113.7.49,3.113.7.49:8443,discovered
3.113.7.49,https://3.113.7.49:8443/,discovered
3.113.7.49,3.113.7.49:9008,discovered
3.113.7.49,3.113.7.49:9015,discovered
3.113.7.49,3.113.7.49:9081,discovered
3.113.7.49,3.113.7.49:9090,discovered
13.231.143.44,13.231.143.44:22,discovered
13.231.143.44,13.231.143.44:81,discovered
13.231.143.44,13.231.143.44:82,discovered
13.231.143.44,13.231.143.44:83,discovered
13.231.143.44,13.231.143.44:97,discovered
13.231.143.44,13.231.143.44:98,discovered
13.231.143.44,13.231.143.44:99,discovered
13.231.143.44,13.231.143.44:108,discovered
13.231.143.44,13.231.143.44:121,discovered
13.231.143.44,13.231.143.44:122,discovered
13.231.143.44,13.231.143.44:126,discovered
13.231.143.44,13.231.143.44:201,discovered
13.231.143.44,13.231.143.44:207,discovered
13.231.143.44,13.231.143.44:221,discovered
13.231.143.44,13.231.143.44:302,discovered
13.231.143.44,13.231.143.44:308,discovered
13.231.143.44,13.231.143.44:408,discovered
13.231.143.44,13.231.143.44:441,discovered
13.231.143.44,13.231.143.44:443,discovered
13.231.143.44,https://13.231.143.44:443/,discovered
13.231.143.44,13.231.143.44:509,discovered
13.231.143.44,13.231.143.44:510,discovered
13.231.143.44,13.231.143.44:511,discovered
13.231.143.44,13.231.143.44:513,discovered
13.231.143.44,13.231.143.44:514,discovered
13.231.143.44,13.231.143.44:520,discovered
13.231.143.44,13.231.143.44:523,discovered
13.231.143.44,13.231.143.44:525,discovered
13.231.143.44,13.231.143.44:568,discovered
13.231.143.44,13.231.143.44:588,discovered
13.231.143.44,13.231.143.44:589,discovered
13.231.143.44,13.231.143.44:600,discovered
13.231.143.44,13.231.143.44:685,discovered
13.231.143.44,13.231.143.44:686,discovered
13.231.143.44,13.231.143.44:688,discovered
13.231.143.44,13.231.143.44:836,discovered
13.231.143.44,13.231.143.44:837,discovered
13.231.143.44,13.231.143.44:871,discovered
13.231.143.44,13.231.143.44:905,discovered
13.231.143.44,13.231.143.44:906,discovered
13.231.143.44,13.231.143.44:977,discovered
13.231.143.44,13.231.143.44:978,discovered
13.231.143.44,13.231.143.44:979,discovered
13.231.143.44,13.231.143.44:980,discovered
13.231.143.44,13.231.143.44:981,discovered
13.231.143.44,13.231.143.44:982,discovered
13.231.143.44,13.231.143.44:997,discovered
13.231.143.44,13.231.143.44:1001,discovered
13.231.143.44,13.231.143.44:1002,discovered
13.231.143.44,13.231.143.44:1011,discovered
13.231.143.44,13.231.143.44:1012,discovered
13.231.143.44,13.231.143.44:8011,discovered
13.231.143.44,13.231.143.44:8018,discovered
13.231.143.44,13.231.143.44:8028,discovered
13.231.143.44,13.231.143.44:8031,discovered
13.231.143.44,13.231.143.44:8038,discovered
13.231.143.44,13.231.143.44:8048,discovered
13.231.143.44,13.231.143.44:8049,discovered
13.231.143.44,13.231.143.44:8061,discovered
13.231.143.44,13.231.143.44:8080,discovered
13.231.143.44,http://13.231.143.44:8080/,discovered
13.231.143.44,13.231.143.44:8082,discovered
13.231.143.44,13.231.143.44:8083,discovered
13.231.143.44,13.231.143.44:8084,discovered
13.231.143.44,13.231.143.44:8085,discovered
13.231.143.44,13.231.143.44:8088,discovered
13.231.143.44,13.231.143.44:8090,discovered
13.231.143.44,13.231.143.44:8181,discovered
13.231.143.44,13.231.143.44:8282,discovered
13.231.143.44,13.231.143.44:9008,discovered
13.231.143.44,13.231.143.44:9015,discovered
13.231.143.44,13.231.143.44:9025,discovered
13.231.143.44,13.231.143.44:9095,discovered
54.64.212.29,54.64.212.29:80,discovered
54.64.212.29,http://54.64.212.29:80/,discovered
54.64.212.29,54.64.212.29:81,discovered
54.64.212.29,54.64.212.29:83,discovered
54.64.212.29,54.64.212.29:98,discovered
54.64.212.29,54.64.212.29:99,discovered
54.64.212.29,54.64.212.29:121,discovered
54.64.212.29,54.64.212.29:122,discovered
54.64.212.29,54.64.212.29:126,discovered
54.64.212.29,54.64.212.29:203,discovered
54.64.212.29,54.64.212.29:206,discovered
54.64.212.29,54.64.212.29:209,discovered
54.64.212.29,54.64.212.29:221,discovered
54.64.212.29,54.64.212.29:236,discovered
54.64.212.29,54.64.212.29:301,discovered
54.64.212.29,54.64.212.29:302,discovered
54.64.212.29,54.64.212.29:304,discovered
54.64.212.29,54.64.212.29:321,discovered
54.64.212.29,54.64.212.29:356,discovered
54.64.212.29,54.64.212.29:364,discovered
54.64.212.29,54.64.212.29:365,discovered
54.64.212.29,54.64.212.29:408,discovered
54.64.212.29,54.64.212.29:441,discovered
54.64.212.29,54.64.212.29:443,discovered
54.64.212.29,https://54.64.212.29:443/,discovered
54.64.212.29,54.64.212.29:502,discovered
54.64.212.29,54.64.212.29:509,discovered
54.64.212.29,54.64.212.29:510,discovered
54.64.212.29,54.64.212.29:511,discovered
54.64.212.29,54.64.212.29:512,discovered
54.64.212.29,54.64.212.29:513,discovered
54.64.212.29,54.64.212.29:514,discovered
54.64.212.29,54.64.212.29:520,discovered
54.64.212.29,54.64.212.29:523,discovered
54.64.212.29,54.64.212.29:525,discovered
54.64.212.29,54.64.212.29:568,discovered
54.64.212.29,54.64.212.29:588,discovered
54.64.212.29,54.64.212.29:589,discovered
54.64.212.29,54.64.212.29:685,discovered
54.64.212.29,54.64.212.29:686,discovered
54.64.212.29,54.64.212.29:688,discovered
54.64.212.29,54.64.212.29:775,discovered
54.64.212.29,54.64.212.29:801,discovered
54.64.212.29,54.64.212.29:836,discovered
54.64.212.29,54.64.212.29:852,discovered
54.64.212.29,54.64.212.29:855,discovered
54.64.212.29,54.64.212.29:863,discovered
54.64.212.29,54.64.212.29:877,discovered
54.64.212.29,54.64.212.29:898,discovered
54.64.212.29,54.64.212.29:903,discovered
54.64.212.29,54.64.212.29:904,discovered
54.64.212.29,54.64.212.29:906,discovered
54.64.212.29,54.64.212.29:907,discovered
54.64.212.29,54.64.212.29:909,discovered
54.64.212.29,54.64.212.29:910,discovered
54.64.212.29,54.64.212.29:977,discovered
54.64.212.29,54.64.212.29:978,discovered
54.64.212.29,54.64.212.29:979,discovered
54.64.212.29,54.64.212.29:980,discovered
54.64.212.29,54.64.212.29:981,discovered
54.64.212.29,54.64.212.29:982,discovered
54.64.212.29,54.64.212.29:983,discovered
54.64.212.29,54.64.212.29:989,discovered
54.64.212.29,54.64.212.29:997,discovered
54.64.212.29,54.64.212.29:998,discovered
54.64.212.29,54.64.212.29:999,discovered
54.64.212.29,54.64.212.29:1001,discovered
54.64.212.29,54.64.212.29:1004,discovered
54.64.212.29,54.64.212.29:1006,discovered
54.64.212.29,54.64.212.29:1007,discovered
54.64.212.29,54.64.212.29:1008,discovered
54.64.212.29,54.64.212.29:1009,discovered
54.64.212.29,54.64.212.29:1010,discovered
54.64.212.29,54.64.212.29:1011,discovered
54.64.212.29,54.64.212.29:8049,discovered
54.64.212.29,54.64.212.29:8061,discovered
54.64.212.29,54.64.212.29:8080,discovered
54.64.212.29,http://54.64.212.29:8080/,discovered
54.64.212.29,54.64.212.29:8082,discovered
54.64.212.29,54.64.212.29:8083,discovered
54.64.212.29,54.64.212.29:8084,discovered
54.64.212.29,54.64.212.29:8085,discovered
54.64.212.29,54.64.212.29:8088,discovered
54.64.212.29,54.64.212.29:8090,discovered
54.64.212.29,54.64.212.29:8181,discovered
54.64.212.29,54.64.212.29:8222,discovered
54.64.212.29,54.64.212.29:8443,discovered
54.64.212.29,https://54.64.212.29:8443/,discovered
54.64.212.29,54.64.212.29:8888,discovered
54.64.212.29,54.64.212.29:9007,discovered
54.64.212.29,54.64.212.29:9008,discovered
54.64.212.29,54.64.212.29:9015,discovered
54.64.212.29,54.64.212.29:9058,discovered
54.64.212.29,54.64.212.29:9081,discovered
18.179.196.144,18.179.196.144:80,discovered
18.179.196.144,http://18.179.196.144:80/,discovered
18.179.196.144,18.179.196.144:81,discovered
18.179.196.144,18.179.196.144:82,discovered
18.179.196.144,18.179.196.144:83,discovered
18.179.196.144,18.179.196.144:90,discovered
18.179.196.144,18.179.196.144:97,discovered
18.179.196.144,18.179.196.144:98,discovered
18.179.196.144,18.179.196.144:99,discovered
18.179.196.144,18.179.196.144:108,discovered
18.179.196.144,18.179.196.144:121,discovered
18.179.196.144,18.179.196.144:159,discovered
18.179.196.144,18.179.196.144:188,discovered
18.179.196.144,18.179.196.144:202,discovered
18.179.196.144,18.179.196.144:208,discovered
18.179.196.144,18.179.196.144:303,discovered
18.179.196.144,18.179.196.144:364,discovered
18.179.196.144,18.179.196.144:365,discovered
18.179.196.144,18.179.196.144:441,discovered
18.179.196.144,18.179.196.144:443,discovered
18.179.196.144,https://18.179.196.144:443/,discovered
18.179.196.144,18.179.196.144:500,discovered
18.179.196.144,18.179.196.144:501,discovered
18.179.196.144,18.179.196.144:502,discovered
18.179.196.144,18.179.196.144:509,discovered
18.179.196.144,18.179.196.144:510,discovered
18.179.196.144,18.179.196.144:511,discovered
18.179.196.144,18.179.196.144:512,discovered
18.179.196.144,18.179.196.144:513,discovered
18.179.196.144,18.179.196.144:514,discovered
18.179.196.144,18.179.196.144:520,discovered
18.179.196.144,18.179.196.144:523,discovered
18.179.196.144,18.179.196.144:525,discovered
18.179.196.144,18.179.196.144:568,discovered
18.179.196.144,18.179.196.144:588,discovered
18.179.196.144,18.179.196.144:600,discovered
18.179.196.144,18.179.196.144:632,discovered
18.179.196.144,18.179.196.144:663,discovered
18.179.196.144,18.179.196.144:688,discovered
18.179.196.144,18.179.196.144:775,discovered
18.179.196.144,18.179.196.144:841,discovered
18.179.196.144,18.179.196.144:858,discovered
18.179.196.144,18.179.196.144:883,discovered
18.179.196.144,18.179.196.144:898,discovered
18.179.196.144,18.179.196.144:901,discovered
18.179.196.144,18.179.196.144:902,discovered
18.179.196.144,18.179.196.144:903,discovered
18.179.196.144,18.179.196.144:904,discovered
18.179.196.144,18.179.196.144:905,discovered
18.179.196.144,18.179.196.144:906,discovered
18.179.196.144,18.179.196.144:907,discovered
18.179.196.144,18.179.196.144:909,discovered
18.179.196.144,18.179.196.144:910,discovered
18.179.196.144,18.179.196.144:912,discovered
18.179.196.144,18.179.196.144:918,discovered
18.179.196.144,18.179.196.144:928,discovered
18.179.196.144,18.179.196.144:938,discovered
18.179.196.144,18.179.196.144:966,discovered
18.179.196.144,18.179.196.144:977,discovered
18.179.196.144,18.179.196.144:978,discovered
18.179.196.144,18.179.196.144:979,discovered
18.179.196.144,18.179.196.144:980,discovered
18.179.196.144,18.179.196.144:981,discovered
18.179.196.144,18.179.196.144:982,discovered
18.179.196.144,18.179.196.144:983,discovered
18.179.196.144,18.179.196.144:989,discovered
18.179.196.144,18.179.196.144:998,discovered
18.179.196.144,18.179.196.144:999,discovered
18.179.196.144,18.179.196.144:1001,discovered
18.179.196.144,18.179.196.144:1002,discovered
18.179.196.144,18.179.196.144:1003,discovered
18.179.196.144,18.179.196.144:1004,discovered
18.179.196.144,18.179.196.144:1005,discovered
18.179.196.144,18.179.196.144:1006,discovered
18.179.196.144,18.179.196.144:1007,discovered
18.179.196.144,18.179.196.144:1008,discovered
18.179.196.144,18.179.196.144:1009,discovered
18.179.196.144,18.179.196.144:1010,discovered
18.179.196.144,18.179.196.144:1011,discovered
18.179.196.144,18.179.196.144:1012,discovered
18.179.196.144,18.179.196.144:8011,discovered
18.179.196.144,18.179.196.144:8018,discovered
18.179.196.144,18.179.196.144:8028,discovered
18.179.196.144,18.179.196.144:8031,discovered
18.179.196.144,18.179.196.144:8048,discovered
18.179.196.144,18.179.196.144:8049,discovered
18.179.196.144,18.179.196.144:8061,discovered
18.179.196.144,18.179.196.144:8080,discovered
18.179.196.144,http://18.179.196.144:8080/,discovered
18.179.196.144,18.179.196.144:8082,discovered
18.179.196.144,18.179.196.144:8083,discovered
18.179.196.144,18.179.196.144:8084,discovered
18.179.196.144,18.179.196.144:8085,discovered
18.179.196.144,18.179.196.144:8088,discovered
18.179.196.144,18.179.196.144:8090,discovered
18.179.196.144,18.179.196.144:8222,discovered
18.179.196.144,18.179.196.144:8282,discovered
18.179.196.144,18.179.196.144:8443,discovered
18.179.196.144,https://18.179.196.144:8443/,discovered
18.179.196.144,18.179.196.144:8888,discovered
18.179.196.144,18.179.196.144:9007,discovered
18.179.196.144,18.179.196.144:9008,discovered
18.179.196.144,18.179.196.144:9015,discovered
18.179.196.144,18.179.196.144:9025,discovered
18.179.196.144,18.179.196.144:9058,discovered
18.179.196.144,18.179.196.144:9081,discovered
18.179.196.144,18.179.196.144:9090,discovered
18.179.196.144,18.179.196.144:9095,discovered
52.195.93.142,52.195.93.142:22,discovered
52.195.93.142,52.195.93.142:80,discovered
52.195.93.142,http://52.195.93.142:80/,discovered
52.195.93.142,52.195.93.142:81,discovered
52.195.93.142,52.195.93.142:82,discovered
52.195.93.142,52.195.93.142:83,discovered
52.195.93.142,52.195.93.142:90,discovered
52.195.93.142,52.195.93.142:97,discovered
52.195.93.142,52.195.93.142:98,discovered
52.195.93.142,52.195.93.142:99,discovered
52.195.93.142,52.195.93.142:108,discovered
52.195.93.142,52.195.93.142:121,discovered
52.195.93.142,52.195.93.142:122,discovered
52.195.93.142,52.195.93.142:126,discovered
52.195.93.142,52.195.93.142:151,discovered
52.195.93.142,52.195.93.142:155,discovered
52.195.93.142,52.195.93.142:158,discovered
52.195.93.142,52.195.93.142:159,discovered
52.195.93.142,52.195.93.142:168,discovered
52.195.93.142,52.195.93.142:188,discovered
52.195.93.142,52.195.93.142:189,discovered
52.195.93.142,52.195.93.142:193,discovered
52.195.93.142,52.195.93.142:200,discovered
52.195.93.142,52.195.93.142:201,discovered
52.195.93.142,52.195.93.142:202,discovered
52.195.93.142,52.195.93.142:203,discovered
52.195.93.142,52.195.93.142:204,discovered
52.195.93.142,52.195.93.142:205,discovered
52.195.93.142,52.195.93.142:206,discovered
52.195.93.142,52.195.93.142:207,discovered
52.195.93.142,52.195.93.142:208,discovered
52.195.93.142,52.195.93.142:209,discovered
52.195.93.142,52.195.93.142:221,discovered
52.195.93.142,52.195.93.142:236,discovered
52.195.93.142,52.195.93.142:258,discovered
52.195.93.142,52.195.93.142:288,discovered
52.195.93.142,52.195.93.142:301,discovered
52.195.93.142,52.195.93.142:302,discovered
52.195.93.142,52.195.93.142:304,discovered
52.195.93.142,52.195.93.142:305,discovered
52.195.93.142,52.195.93.142:308,discovered
52.195.93.142,52.195.93.142:321,discovered
52.195.93.142,52.195.93.142:356,discovered
52.195.93.142,52.195.93.142:364,discovered
52.195.93.142,52.195.93.142:365,discovered
52.195.93.142,52.195.93.142:408,discovered
52.195.93.142,52.195.93.142:441,discovered
52.195.93.142,52.195.93.142:443,discovered
52.195.93.142,https://52.195.93.142:443/,discovered
52.195.93.142,52.195.93.142:500,discovered
52.195.93.142,52.195.93.142:501,discovered
52.195.93.142,52.195.93.142:502,discovered
52.195.93.142,52.195.93.142:509,discovered
52.195.93.142,52.195.93.142:510,discovered
52.195.93.142,52.195.93.142:511,discovered
52.195.93.142,52.195.93.142:512,discovered
52.195.93.142,52.195.93.142:513,discovered
52.195.93.142,52.195.93.142:514,discovered
52.195.93.142,52.195.93.142:520,discovered
52.195.93.142,52.195.93.142:523,discovered
52.195.93.142,52.195.93.142:525,discovered
52.195.93.142,52.195.93.142:568,discovered
52.195.93.142,52.195.93.142:588,discovered
52.195.93.142,52.195.93.142:589,discovered
52.195.93.142,52.195.93.142:600,discovered
52.195.93.142,52.195.93.142:632,discovered
52.195.93.142,52.195.93.142:663,discovered
52.195.93.142,52.195.93.142:685,discovered
52.195.93.142,52.195.93.142:686,discovered
52.195.93.142,52.195.93.142:688,discovered
52.195.93.142,52.195.93.142:775,discovered
52.195.93.142,52.195.93.142:776,discovered
52.195.93.142,52.195.93.142:777,discovered
52.195.93.142,52.195.93.142:778,discovered
52.195.93.142,52.195.93.142:787,discovered
52.195.93.142,52.195.93.142:801,discovered
52.195.93.142,52.195.93.142:802,discovered
52.195.93.142,52.195.93.142:808,discovered
52.195.93.142,52.195.93.142:836,discovered
52.195.93.142,52.195.93.142:837,discovered
52.195.93.142,52.195.93.142:840,discovered
52.195.93.142,52.195.93.142:841,discovered
52.195.93.142,52.195.93.142:842,discovered
52.195.93.142,52.195.93.142:852,discovered
52.195.93.142,52.195.93.142:854,discovered
52.195.93.142,52.195.93.142:855,discovered
52.195.93.142,52.195.93.142:857,discovered
52.195.93.142,52.195.93.142:858,discovered
52.195.93.142,52.195.93.142:863,discovered
52.195.93.142,52.195.93.142:867,discovered
52.195.93.142,52.195.93.142:871,discovered
52.195.93.142,52.195.93.142:872,discovered
52.195.93.142,52.195.93.142:873,discovered
52.195.93.142,52.195.93.142:874,discovered
52.195.93.142,52.195.93.142:877,discovered
52.195.93.142,52.195.93.142:878,discovered
52.195.93.142,52.195.93.142:883,discovered
52.195.93.142,52.195.93.142:898,discovered
52.195.93.142,52.195.93.142:900,discovered
52.195.93.142,52.195.93.142:901,discovered
52.195.93.142,52.195.93.142:902,discovered
52.195.93.142,52.195.93.142:903,discovered
52.195.93.142,52.195.93.142:904,discovered
52.195.93.142,52.195.93.142:905,discovered
52.195.93.142,52.195.93.142:906,discovered
52.195.93.142,52.195.93.142:907,discovered
52.195.93.142,52.195.93.142:909,discovered
52.195.93.142,52.195.93.142:910,discovered
52.195.93.142,52.195.93.142:912,discovered
52.195.93.142,52.195.93.142:918,discovered
52.195.93.142,52.195.93.142:928,discovered
52.195.93.142,52.195.93.142:938,discovered
52.195.93.142,52.195.93.142:966,discovered
52.195.93.142,52.195.93.142:977,discovered
52.195.93.142,52.195.93.142:978,discovered
52.195.93.142,52.195.93.142:979,discovered
52.195.93.142,52.195.93.142:980,discovered
52.195.93.142,52.195.93.142:981,discovered
52.195.93.142,52.195.93.142:982,discovered
52.195.93.142,52.195.93.142:983,discovered
52.195.93.142,52.195.93.142:989,discovered
52.195.93.142,52.195.93.142:997,discovered
52.195.93.142,52.195.93.142:998,discovered
52.195.93.142,52.195.93.142:999,discovered
52.195.93.142,52.195.93.142:1001,discovered
52.195.93.142,52.195.93.142:1002,discovered
52.195.93.142,52.195.93.142:1003,discovered
52.195.93.142,52.195.93.142:1004,discovered
52.195.93.142,52.195.93.142:1005,discovered
52.195.93.142,52.195.93.142:1006,discovered
52.195.93.142,52.195.93.142:1007,discovered
52.195.93.142,52.195.93.142:1008,discovered
52.195.93.142,52.195.93.142:1009,discovered
52.195.93.142,52.195.93.142:1010,discovered
52.195.93.142,52.195.93.142:1011,discovered
52.195.93.142,52.195.93.142:1012,discovered
52.195.93.142,52.195.93.142:8011,discovered
52.195.93.142,52.195.93.142:8018,discovered
52.195.93.142,52.195.93.142:8028,discovered
52.195.93.142,52.195.93.142:8031,discovered
52.195.93.142,52.195.93.142:8038,discovered
52.195.93.142,52.195.93.142:8048,discovered
52.195.93.142,52.195.93.142:8049,discovered
52.195.93.142,52.195.93.142:8061,discovered
52.195.93.142,52.195.93.142:8080,discovered
52.195.93.142,http://52.195.93.142:8080/,discovered
52.195.93.142,52.195.93.142:8082,discovered
52.195.93.142,52.195.93.142:8083,discovered
52.195.93.142,52.195.93.142:8084,discovered
52.195.93.142,52.195.93.142:8085,discovered
52.195.93.142,52.195.93.142:8088,discovered
52.195.93.142,52.195.93.142:8090,discovered
52.195.93.142,52.195.93.142:8181,discovered
52.195.93.142,52.195.93.142:8222,discovered
52.195.93.142,52.195.93.142:8282,discovered
52.195.93.142,52.195.93.142:8443,discovered
52.195.93.142,https://52.195.93.142:8443/,discovered
52.195.93.142,52.195.93.142:8888,discovered
52.195.93.142,52.195.93.142:9001,discovered
52.195.93.142,52.195.93.142:9007,discovered
52.195.93.142,52.195.93.142:9008,discovered
52.195.93.142,52.195.93.142:9015,discovered
52.195.93.142,52.195.93.142:9025,discovered
52.195.93.142,52.195.93.142:9058,discovered
52.195.93.142,52.195.93.142:9081,discovered
52.195.93.142,52.195.93.142:9090,discovered
52.195.93.142,52.195.93.142:9095,discovered
52.68.214.152,52.68.214.152:22,discovered
52.68.214.152,52.68.214.152:80,discovered
52.68.214.152,http://52.68.214.152:80/,discovered
52.68.214.152,52.68.214.152:81,discovered
52.68.214.152,52.68.214.152:82,discovered
52.68.214.152,52.68.214.152:83,discovered
52.68.214.152,52.68.214.152:90,discovered
52.68.214.152,52.68.214.152:97,discovered
52.68.214.152,52.68.214.152:98,discovered
52.68.214.152,52.68.214.152:99,discovered
52.68.214.152,52.68.214.152:108,discovered
52.68.214.152,52.68.214.152:121,discovered
52.68.214.152,52.68.214.152:122,discovered
52.68.214.152,52.68.214.152:126,discovered
52.68.214.152,52.68.214.152:155,discovered
52.68.214.152,52.68.214.152:158,discovered
52.68.214.152,52.68.214.152:159,discovered
52.68.214.152,52.68.214.152:168,discovered
52.68.214.152,52.68.214.152:188,discovered
52.68.214.152,52.68.214.152:189,discovered
52.68.214.152,52.68.214.152:193,discovered
52.68.214.152,52.68.214.152:200,discovered
52.68.214.152,52.68.214.152:201,discovered
52.68.214.152,52.68.214.152:202,discovered
52.68.214.152,52.68.214.152:203,discovered
52.68.214.152,52.68.214.152:204,discovered
52.68.214.152,52.68.214.152:205,discovered
52.68.214.152,52.68.214.152:206,discovered
52.68.214.152,52.68.214.152:207,discovered
52.68.214.152,52.68.214.152:208,discovered
52.68.214.152,52.68.214.152:209,discovered
52.68.214.152,52.68.214.152:221,discovered
52.68.214.152,52.68.214.152:236,discovered
52.68.214.152,52.68.214.152:258,discovered
52.68.214.152,52.68.214.152:288,discovered
52.68.214.152,52.68.214.152:301,discovered
52.68.214.152,52.68.214.152:302,discovered
52.68.214.152,52.68.214.152:303,discovered
52.68.214.152,52.68.214.152:304,discovered
52.68.214.152,52.68.214.152:305,discovered
52.68.214.152,52.68.214.152:308,discovered
52.68.214.152,52.68.214.152:321,discovered
52.68.214.152,52.68.214.152:356,discovered
52.68.214.152,52.68.214.152:364,discovered
52.68.214.152,52.68.214.152:365,discovered
52.68.214.152,52.68.214.152:408,discovered
52.68.214.152,52.68.214.152:443,discovered
52.68.214.152,https://52.68.214.152:443/,discovered
52.68.214.152,52.68.214.152:500,discovered
52.68.214.152,52.68.214.152:501,discovered
52.68.214.152,52.68.214.152:502,discovered
52.68.214.152,52.68.214.152:509,discovered
52.68.214.152,52.68.214.152:510,discovered
52.68.214.152,52.68.214.152:511,discovered
52.68.214.152,52.68.214.152:512,discovered
52.68.214.152,52.68.214.152:513,discovered
52.68.214.152,52.68.214.152:514,discovered
52.68.214.152,52.68.214.152:520,discovered
52.68.214.152,52.68.214.152:523,discovered
52.68.214.152,52.68.214.152:525,discovered
52.68.214.152,52.68.214.152:568,discovered
52.68.214.152,52.68.214.152:588,discovered
52.68.214.152,52.68.214.152:589,discovered
52.68.214.152,52.68.214.152:600,discovered
52.68.214.152,52.68.214.152:632,discovered
52.68.214.152,52.68.214.152:685,discovered
52.68.214.152,52.68.214.152:686,discovered
52.68.214.152,52.68.214.152:688,discovered
52.68.214.152,52.68.214.152:775,discovered
52.68.214.152,52.68.214.152:776,discovered
52.68.214.152,52.68.214.152:777,discovered
52.68.214.152,52.68.214.152:778,discovered
52.68.214.152,52.68.214.152:787,discovered
52.68.214.152,52.68.214.152:801,discovered
52.68.214.152,52.68.214.152:802,discovered
52.68.214.152,52.68.214.152:808,discovered
52.68.214.152,52.68.214.152:837,discovered
52.68.214.152,52.68.214.152:840,discovered
52.68.214.152,52.68.214.152:841,discovered
52.68.214.152,52.68.214.152:842,discovered
52.68.214.152,52.68.214.152:852,discovered
52.68.214.152,52.68.214.152:854,discovered
52.68.214.152,52.68.214.152:855,discovered
52.68.214.152,52.68.214.152:857,discovered
52.68.214.152,52.68.214.152:858,discovered
52.68.214.152,52.68.214.152:863,discovered
52.68.214.152,52.68.214.152:867,discovered
52.68.214.152,52.68.214.152:871,discovered
52.68.214.152,52.68.214.152:872,discovered
52.68.214.152,52.68.214.152:873,discovered
52.68.214.152,52.68.214.152:874,discovered
52.68.214.152,52.68.214.152:878,discovered
52.68.214.152,52.68.214.152:883,discovered
52.68.214.152,52.68.214.152:900,discovered
52.68.214.152,52.68.214.152:901,discovered
52.68.214.152,52.68.214.152:902,discovered
52.68.214.152,52.68.214.152:903,discovered
52.68.214.152,52.68.214.152:904,discovered
52.68.214.152,52.68.214.152:905,discovered
52.68.214.152,52.68.214.152:906,discovered
52.68.214.152,52.68.214.152:907,discovered
52.68.214.152,52.68.214.152:909,discovered
52.68.214.152,52.68.214.152:910,discovered
52.68.214.152,52.68.214.152:912,discovered
52.68.214.152,52.68.214.152:918,discovered
52.68.214.152,52.68.214.152:928,discovered
52.68.214.152,52.68.214.152:938,discovered
52.68.214.152,52.68.214.152:966,discovered
52.68.214.152,52.68.214.152:977,discovered
52.68.214.152,52.68.214.152:978,discovered
52.68.214.152,52.68.214.152:979,discovered
52.68.214.152,52.68.214.152:980,discovered
52.68.214.152,52.68.214.152:981,discovered
52.68.214.152,52.68.214.152:982,discovered
52.68.214.152,52.68.214.152:983,discovered
52.68.214.152,52.68.214.152:989,discovered
52.68.214.152,52.68.214.152:997,discovered
52.68.214.152,52.68.214.152:998,discovered
52.68.214.152,52.68.214.152:999,discovered
52.68.214.152,52.68.214.152:1002,discovered
52.68.214.152,52.68.214.152:1003,discovered
52.68.214.152,52.68.214.152:1004,discovered
52.68.214.152,52.68.214.152:1005,discovered
52.68.214.152,52.68.214.152:1006,discovered
52.68.214.152,52.68.214.152:1007,discovered
52.68.214.152,52.68.214.152:1008,discovered
52.68.214.152,52.68.214.152:1009,discovered
52.68.214.152,52.68.214.152:1010,discovered
52.68.214.152,52.68.214.152:1011,discovered
52.68.214.152,52.68.214.152:1012,discovered
52.68.214.152,52.68.214.152:8011,discovered
52.68.214.152,52.68.214.152:8018,discovered
52.68.214.152,52.68.214.152:8028,discovered
52.68.214.152,52.68.214.152:8038,discovered
52.68.214.152,52.68.214.152:8048,discovered
52.68.214.152,52.68.214.152:8049,discovered
52.68.214.152,52.68.214.152:8061,discovered
52.68.214.152,52.68.214.152:8080,discovered
52.68.214.152,http://52.68.214.152:8080/,discovered
52.68.214.152,52.68.214.152:8083,discovered
52.68.214.152,52.68.214.152:8084,discovered
52.68.214.152,52.68.214.152:8085,discovered
52.68.214.152,52.68.214.152:8088,discovered
52.68.214.152,52.68.214.152:8090,discovered
52.68.214.152,52.68.214.152:8181,discovered
52.68.214.152,52.68.214.152:8222,discovered
52.68.214.152,52.68.214.152:8282,discovered
52.68.214.152,52.68.214.152:8443,discovered
52.68.214.152,https://52.68.214.152:8443/,discovered
52.68.214.152,52.68.214.152:8888,discovered
52.68.214.152,52.68.214.152:9007,discovered
52.68.214.152,52.68.214.152:9008,discovered
52.68.214.152,52.68.214.152:9015,discovered
52.68.214.152,52.68.214.152:9025,discovered
52.68.214.152,52.68.214.152:9058,discovered
52.68.214.152,52.68.214.152:9081,discovered
52.68.214.152,52.68.214.152:9095,discovered
52.192.142.148,52.192.142.148:22,discovered
52.192.142.148,52.192.142.148:80,discovered
52.192.142.148,http://52.192.142.148:80/,discovered
52.192.142.148,52.192.142.148:81,discovered
52.192.142.148,52.192.142.148:82,discovered
52.192.142.148,52.192.142.148:83,discovered
52.192.142.148,52.192.142.148:90,discovered
52.192.142.148,52.192.142.148:97,discovered
52.192.142.148,52.192.142.148:98,discovered
52.192.142.148,52.192.142.148:99,discovered
52.192.142.148,52.192.142.148:108,discovered
52.192.142.148,52.192.142.148:121,discovered
52.192.142.148,52.192.142.148:122,discovered
52.192.142.148,52.192.142.148:126,discovered
52.192.142.148,52.192.142.148:151,discovered
52.192.142.148,52.192.142.148:155,discovered
52.192.142.148,52.192.142.148:158,discovered
52.192.142.148,52.192.142.148:159,discovered
52.192.142.148,52.192.142.148:168,discovered
52.192.142.148,52.192.142.148:188,discovered
52.192.142.148,52.192.142.148:189,discovered
52.192.142.148,52.192.142.148:193,discovered
52.192.142.148,52.192.142.148:200,discovered
52.192.142.148,52.192.142.148:201,discovered
52.192.142.148,52.192.142.148:202,discovered
52.192.142.148,52.192.142.148:203,discovered
52.192.142.148,52.192.142.148:204,discovered
52.192.142.148,52.192.142.148:205,discovered
52.192.142.148,52.192.142.148:206,discovered
52.192.142.148,52.192.142.148:207,discovered
52.192.142.148,52.192.142.148:208,discovered
52.192.142.148,52.192.142.148:209,discovered
52.192.142.148,52.192.142.148:221,discovered
52.192.142.148,52.192.142.148:236,discovered
52.192.142.148,52.192.142.148:258,discovered
52.192.142.148,52.192.142.148:288,discovered
52.192.142.148,52.192.142.148:301,discovered
52.192.142.148,52.192.142.148:302,discovered
52.192.142.148,52.192.142.148:303,discovered
52.192.142.148,52.192.142.148:304,discovered
52.192.142.148,52.192.142.148:305,discovered
52.192.142.148,52.192.142.148:308,discovered
52.192.142.148,52.192.142.148:321,discovered
52.192.142.148,52.192.142.148:364,discovered
52.192.142.148,52.192.142.148:365,discovered
52.192.142.148,52.192.142.148:408,discovered
52.192.142.148,52.192.142.148:441,discovered
52.192.142.148,52.192.142.148:443,discovered
52.192.142.148,https://52.192.142.148:443/,discovered
52.192.142.148,52.192.142.148:500,discovered
52.192.142.148,52.192.142.148:501,discovered
52.192.142.148,52.192.142.148:502,discovered
52.192.142.148,52.192.142.148:509,discovered
52.192.142.148,52.192.142.148:510,discovered
52.192.142.148,52.192.142.148:511,discovered
52.192.142.148,52.192.142.148:512,discovered
52.192.142.148,52.192.142.148:513,discovered
52.192.142.148,52.192.142.148:514,discovered
52.192.142.148,52.192.142.148:520,discovered
52.192.142.148,52.192.142.148:523,discovered
52.192.142.148,52.192.142.148:525,discovered
52.192.142.148,52.192.142.148:568,discovered
52.192.142.148,52.192.142.148:588,discovered
52.192.142.148,52.192.142.148:589,discovered
52.192.142.148,52.192.142.148:600,discovered
52.192.142.148,52.192.142.148:632,discovered
52.192.142.148,52.192.142.148:663,discovered
52.192.142.148,52.192.142.148:685,discovered
52.192.142.148,52.192.142.148:686,discovered
52.192.142.148,52.192.142.148:688,discovered
52.192.142.148,52.192.142.148:775,discovered
52.192.142.148,52.192.142.148:776,discovered
52.192.142.148,52.192.142.148:777,discovered
52.192.142.148,52.192.142.148:778,discovered
52.192.142.148,52.192.142.148:801,discovered
52.192.142.148,52.192.142.148:802,discovered
52.192.142.148,52.192.142.148:808,discovered
52.192.142.148,52.192.142.148:836,discovered
52.192.142.148,52.192.142.148:837,discovered
52.192.142.148,52.192.142.148:840,discovered
52.192.142.148,52.192.142.148:841,discovered
52.192.142.148,52.192.142.148:842,discovered
52.192.142.148,52.192.142.148:852,discovered
52.192.142.148,52.192.142.148:854,discovered
52.192.142.148,52.192.142.148:855,discovered
52.192.142.148,52.192.142.148:857,discovered
52.192.142.148,52.192.142.148:858,discovered
52.192.142.148,52.192.142.148:863,discovered
52.192.142.148,52.192.142.148:867,discovered
52.192.142.148,52.192.142.148:871,discovered
52.192.142.148,52.192.142.148:872,discovered
52.192.142.148,52.192.142.148:873,discovered
52.192.142.148,52.192.142.148:874,discovered
52.192.142.148,52.192.142.148:877,discovered
52.192.142.148,52.192.142.148:878,discovered
52.192.142.148,52.192.142.148:883,discovered
52.192.142.148,52.192.142.148:898,discovered
52.192.142.148,52.192.142.148:900,discovered
52.192.142.148,52.192.142.148:901,discovered
52.192.142.148,52.192.142.148:902,discovered
52.192.142.148,52.192.142.148:903,discovered
52.192.142.148,52.192.142.148:904,discovered
52.192.142.148,52.192.142.148:905,discovered
52.192.142.148,52.192.142.148:906,discovered
52.192.142.148,52.192.142.148:907,discovered
52.192.142.148,52.192.142.148:909,discovered
52.192.142.148,52.192.142.148:910,discovered
52.192.142.148,52.192.142.148:912,discovered
52.192.142.148,52.192.142.148:918,discovered
52.192.142.148,52.192.142.148:928,discovered
52.192.142.148,52.192.142.148:938,discovered
52.192.142.148,52.192.142.148:966,discovered
52.192.142.148,52.192.142.148:977,discovered
52.192.142.148,52.192.142.148:978,discovered
52.192.142.148,52.192.142.148:979,discovered
52.192.142.148,52.192.142.148:980,discovered
52.192.142.148,52.192.142.148:981,discovered
52.192.142.148,52.192.142.148:982,discovered
52.192.142.148,52.192.142.148:983,discovered
52.192.142.148,52.192.142.148:989,discovered
52.192.142.148,52.192.142.148:997,discovered
52.192.142.148,52.192.142.148:998,discovered
52.192.142.148,52.192.142.148:999,discovered
52.192.142.148,52.192.142.148:1001,discovered
52.192.142.148,52.192.142.148:1002,discovered
52.192.142.148,52.192.142.148:1003,discovered
52.192.142.148,52.192.142.148:1004,discovered
52.192.142.148,52.192.142.148:1005,discovered
52.192.142.148,52.192.142.148:1006,discovered
52.192.142.148,52.192.142.148:1007,discovered
52.192.142.148,52.192.142.148:1008,discovered
52.192.142.148,52.192.142.148:1009,discovered
52.192.142.148,52.192.142.148:1010,discovered
52.192.142.148,52.192.142.148:1011,discovered
52.192.142.148,52.192.142.148:1012,discovered
52.192.142.148,52.192.142.148:8011,discovered
52.192.142.148,52.192.142.148:8018,discovered
52.192.142.148,52.192.142.148:8028,discovered
52.192.142.148,52.192.142.148:8031,discovered
52.192.142.148,52.192.142.148:8038,discovered
52.192.142.148,52.192.142.148:8048,discovered
52.192.142.148,52.192.142.148:8049,discovered
52.192.142.148,52.192.142.148:8061,discovered
52.192.142.148,52.192.142.148:8080,discovered
52.192.142.148,http://52.192.142.148:8080/,discovered
52.192.142.148,52.192.142.148:8082,discovered
52.192.142.148,52.192.142.148:8083,discovered
52.192.142.148,52.192.142.148:8084,discovered
52.192.142.148,52.192.142.148:8085,discovered
52.192.142.148,52.192.142.148:8088,discovered
52.192.142.148,52.192.142.148:8090,discovered
52.192.142.148,52.192.142.148:8181,discovered
52.192.142.148,52.192.142.148:8222,discovered
52.192.142.148,52.192.142.148:8282,discovered
52.192.142.148,52.192.142.148:8443,discovered
52.192.142.148,https://52.192.142.148:8443/,discovered
52.192.142.148,52.192.142.148:8888,discovered
52.192.142.148,52.192.142.148:9001,discovered
52.192.142.148,52.192.142.148:9007,discovered
52.192.142.148,52.192.142.148:9008,discovered
52.192.142.148,52.192.142.148:9015,discovered
52.192.142.148,52.192.142.148:9025,discovered
52.192.142.148,52.192.142.148:9058,discovered
52.192.142.148,52.192.142.148:9081,discovered
52.192.142.148,52.192.142.148:9090,discovered
52.192.142.148,52.192.142.148:9095,discovered
13.192.183.199,13.192.183.199:22,discovered
13.192.183.199,13.192.183.199:80,discovered
13.192.183.199,http://13.192.183.199:80/,discovered
13.192.183.199,13.192.183.199:82,discovered
13.192.183.199,13.192.183.199:83,discovered
13.192.183.199,13.192.183.199:90,discovered
13.192.183.199,13.192.183.199:97,discovered
13.192.183.199,13.192.183.199:98,discovered
13.192.183.199,13.192.183.199:99,discovered
13.192.183.199,13.192.183.199:108,discovered
13.192.183.199,13.192.183.199:121,discovered
13.192.183.199,13.192.183.199:122,discovered
13.192.183.199,13.192.183.199:126,discovered
13.192.183.199,13.192.183.199:151,discovered
13.192.183.199,13.192.183.199:155,discovered
13.192.183.199,13.192.183.199:158,discovered
13.192.183.199,13.192.183.199:159,discovered
13.192.183.199,13.192.183.199:168,discovered
13.192.183.199,13.192.183.199:188,discovered
13.192.183.199,13.192.183.199:189,discovered
13.192.183.199,13.192.183.199:193,discovered
13.192.183.199,13.192.183.199:200,discovered
13.192.183.199,13.192.183.199:201,discovered
13.192.183.199,13.192.183.199:202,discovered
13.192.183.199,13.192.183.199:203,discovered
13.192.183.199,13.192.183.199:204,discovered
13.192.183.199,13.192.183.199:205,discovered
13.192.183.199,13.192.183.199:206,discovered
13.192.183.199,13.192.183.199:207,discovered
13.192.183.199,13.192.183.199:208,discovered
13.192.183.199,13.192.183.199:209,discovered
13.192.183.199,13.192.183.199:221,discovered
13.192.183.199,13.192.183.199:236,discovered
13.192.183.199,13.192.183.199:258,discovered
13.192.183.199,13.192.183.199:288,discovered
13.192.183.199,13.192.183.199:301,discovered
13.192.183.199,13.192.183.199:302,discovered
13.192.183.199,13.192.183.199:303,discovered
13.192.183.199,13.192.183.199:304,discovered
13.192.183.199,13.192.183.199:305,discovered
13.192.183.199,13.192.183.199:308,discovered
13.192.183.199,13.192.183.199:321,discovered
13.192.183.199,13.192.183.199:356,discovered
13.192.183.199,13.192.183.199:364,discovered
13.192.183.199,13.192.183.199:365,discovered
13.192.183.199,13.192.183.199:408,discovered
13.192.183.199,13.192.183.199:441,discovered
13.192.183.199,13.192.183.199:443,discovered
13.192.183.199,https://13.192.183.199:443/,discovered
13.192.183.199,13.192.183.199:500,discovered
13.192.183.199,13.192.183.199:501,discovered
13.192.183.199,13.192.183.199:502,discovered
13.192.183.199,13.192.183.199:509,discovered
13.192.183.199,13.192.183.199:510,discovered
13.192.183.199,13.192.183.199:511,discovered
13.192.183.199,13.192.183.199:512,discovered
13.192.183.199,13.192.183.199:513,discovered
13.192.183.199,13.192.183.199:514,discovered
13.192.183.199,13.192.183.199:520,discovered
13.192.183.199,13.192.183.199:523,discovered
13.192.183.199,13.192.183.199:525,discovered
13.192.183.199,13.192.183.199:568,discovered
13.192.183.199,13.192.183.199:588,discovered
13.192.183.199,13.192.183.199:589,discovered
13.192.183.199,13.192.183.199:600,discovered
13.192.183.199,13.192.183.199:632,discovered
13.192.183.199,13.192.183.199:663,discovered
13.192.183.199,13.192.183.199:685,discovered
13.192.183.199,13.192.183.199:686,discovered
13.192.183.199,13.192.183.199:688,discovered
13.192.183.199,13.192.183.199:775,discovered
13.192.183.199,13.192.183.199:776,discovered
13.192.183.199,13.192.183.199:777,discovered
13.192.183.199,13.192.183.199:778,discovered
13.192.183.199,13.192.183.199:787,discovered
13.192.183.199,13.192.183.199:801,discovered
13.192.183.199,13.192.183.199:802,discovered
13.192.183.199,13.192.183.199:808,discovered
13.192.183.199,13.192.183.199:836,discovered
13.192.183.199,13.192.183.199:837,discovered
13.192.183.199,13.192.183.199:840,discovered
13.192.183.199,13.192.183.199:841,discovered
13.192.183.199,13.192.183.199:842,discovered
13.192.183.199,13.192.183.199:852,discovered
13.192.183.199,13.192.183.199:854,discovered
13.192.183.199,13.192.183.199:855,discovered
13.192.183.199,13.192.183.199:857,discovered
13.192.183.199,13.192.183.199:858,discovered
13.192.183.199,13.192.183.199:863,discovered
13.192.183.199,13.192.183.199:867,discovered
13.192.183.199,13.192.183.199:871,discovered
13.192.183.199,13.192.183.199:872,discovered
13.192.183.199,13.192.183.199:873,discovered
13.192.183.199,13.192.183.199:874,discovered
13.192.183.199,13.192.183.199:877,discovered
13.192.183.199,13.192.183.199:878,discovered
13.192.183.199,13.192.183.199:883,discovered
13.192.183.199,13.192.183.199:898,discovered
13.192.183.199,13.192.183.199:900,discovered
13.192.183.199,13.192.183.199:901,discovered
13.192.183.199,13.192.183.199:902,discovered
13.192.183.199,13.192.183.199:903,discovered
13.192.183.199,13.192.183.199:904,discovered
13.192.183.199,13.192.183.199:905,discovered
13.192.183.199,13.192.183.199:906,discovered
13.192.183.199,13.192.183.199:907,discovered
13.192.183.199,13.192.183.199:909,discovered
13.192.183.199,13.192.183.199:910,discovered
13.192.183.199,13.192.183.199:912,discovered
13.192.183.199,13.192.183.199:918,discovered
13.192.183.199,13.192.183.199:928,discovered
13.192.183.199,13.192.183.199:938,discovered
13.192.183.199,13.192.183.199:966,discovered
13.192.183.199,13.192.183.199:977,discovered
13.192.183.199,13.192.183.199:978,discovered
13.192.183.199,13.192.183.199:979,discovered
13.192.183.199,13.192.183.199:980,discovered
13.192.183.199,13.192.183.199:981,discovered
13.192.183.199,13.192.183.199:982,discovered
13.192.183.199,13.192.183.199:983,discovered
13.192.183.199,13.192.183.199:989,discovered
13.192.183.199,13.192.183.199:997,discovered
13.192.183.199,13.192.183.199:998,discovered
13.192.183.199,13.192.183.199:999,discovered
13.192.183.199,13.192.183.199:1001,discovered
13.192.183.199,13.192.183.199:1002,discovered
13.192.183.199,13.192.183.199:1003,discovered
13.192.183.199,13.192.183.199:1004,discovered
13.192.183.199,13.192.183.199:1005,discovered
13.192.183.199,13.192.183.199:1006,discovered
13.192.183.199,13.192.183.199:1007,discovered
13.192.183.199,13.192.183.199:1008,discovered
13.192.183.199,13.192.183.199:1009,discovered
13.192.183.199,13.192.183.199:1010,discovered
13.192.183.199,13.192.183.199:1011,discovered
13.192.183.199,13.192.183.199:1012,discovered
13.192.183.199,13.192.183.199:8011,discovered
13.192.183.199,13.192.183.199:8018,discovered
13.192.183.199,13.192.183.199:8028,discovered
13.192.183.199,13.192.183.199:8031,discovered
13.192.183.199,13.192.183.199:8038,discovered
13.192.183.199,13.192.183.199:8048,discovered
13.192.183.199,13.192.183.199:8049,discovered
13.192.183.199,13.192.183.199:8061,discovered
13.192.183.199,13.192.183.199:8080,discovered
13.192.183.199,http://13.192.183.199:8080/,discovered
13.192.183.199,13.192.183.199:8082,discovered
13.192.183.199,13.192.183.199:8083,discovered
13.192.183.199,13.192.183.199:8084,discovered
13.192.183.199,13.192.183.199:8085,discovered
13.192.183.199,13.192.183.199:8088,discovered
13.192.183.199,13.192.183.199:8090,discovered
13.192.183.199,13.192.183.199:8181,discovered
13.192.183.199,13.192.183.199:8222,discovered
13.192.183.199,13.192.183.199:8282,discovered
13.192.183.199,13.192.183.199:8443,discovered
13.192.183.199,https://13.192.183.199:8443/,discovered
13.192.183.199,13.192.183.199:8888,discovered
13.192.183.199,13.192.183.199:9001,discovered
13.192.183.199,13.192.183.199:9007,discovered
13.192.183.199,13.192.183.199:9008,discovered
13.192.183.199,13.192.183.199:9015,discovered
13.192.183.199,13.192.183.199:9025,discovered
13.192.183.199,13.192.183.199:9058,discovered
13.192.183.199,13.192.183.199:9081,discovered
13.192.183.199,13.192.183.199:9090,discovered
13.192.183.199,13.192.183.199:9095,discovered
54.238.185.226,54.238.185.226:22,discovered
54.238.185.226,54.238.185.226:80,discovered
54.238.185.226,http://54.238.185.226:80/,discovered
54.238.185.226,54.238.185.226:81,discovered
54.238.185.226,54.238.185.226:82,discovered
54.238.185.226,54.238.185.226:83,discovered
54.238.185.226,54.238.185.226:90,discovered
54.238.185.226,54.238.185.226:97,discovered
54.238.185.226,54.238.185.226:98,discovered
54.238.185.226,54.238.185.226:99,discovered
54.238.185.226,54.238.185.226:108,discovered
54.238.185.226,54.238.185.226:121,discovered
54.238.185.226,54.238.185.226:122,discovered
54.238.185.226,54.238.185.226:126,discovered
54.238.185.226,54.238.185.226:151,discovered
54.238.185.226,54.238.185.226:155,discovered
54.238.185.226,54.238.185.226:158,discovered
54.238.185.226,54.238.185.226:159,discovered
54.238.185.226,54.238.185.226:168,discovered
54.238.185.226,54.238.185.226:188,discovered
54.238.185.226,54.238.185.226:189,discovered
54.238.185.226,54.238.185.226:193,discovered
54.238.185.226,54.238.185.226:200,discovered
54.238.185.226,54.238.185.226:201,discovered
54.238.185.226,54.238.185.226:202,discovered
54.238.185.226,54.238.185.226:203,discovered
54.238.185.226,54.238.185.226:204,discovered
54.238.185.226,54.238.185.226:205,discovered
54.238.185.226,54.238.185.226:206,discovered
54.238.185.226,54.238.185.226:207,discovered
54.238.185.226,54.238.185.226:208,discovered
54.238.185.226,54.238.185.226:209,discovered
54.238.185.226,54.238.185.226:221,discovered
54.238.185.226,54.238.185.226:236,discovered
54.238.185.226,54.238.185.226:258,discovered
54.238.185.226,54.238.185.226:288,discovered
54.238.185.226,54.238.185.226:301,discovered
54.238.185.226,54.238.185.226:302,discovered
54.238.185.226,54.238.185.226:303,discovered
54.238.185.226,54.238.185.226:304,discovered
54.238.185.226,54.238.185.226:305,discovered
54.238.185.226,54.238.185.226:308,discovered
54.238.185.226,54.238.185.226:321,discovered
54.238.185.226,54.238.185.226:356,discovered
54.238.185.226,54.238.185.226:365,discovered
54.238.185.226,54.238.185.226:408,discovered
54.238.185.226,54.238.185.226:441,discovered
54.238.185.226,54.238.185.226:443,discovered
54.238.185.226,https://54.238.185.226:443/,discovered
54.238.185.226,54.238.185.226:500,discovered
54.238.185.226,54.238.185.226:501,discovered
54.238.185.226,54.238.185.226:502,discovered
54.238.185.226,54.238.185.226:509,discovered
54.238.185.226,54.238.185.226:510,discovered
54.238.185.226,54.238.185.226:511,discovered
54.238.185.226,54.238.185.226:512,discovered
54.238.185.226,54.238.185.226:513,discovered
54.238.185.226,54.238.185.226:514,discovered
54.238.185.226,54.238.185.226:520,discovered
54.238.185.226,54.238.185.226:523,discovered
54.238.185.226,54.238.185.226:525,discovered
54.238.185.226,54.238.185.226:568,discovered
54.238.185.226,54.238.185.226:588,discovered
54.238.185.226,54.238.185.226:589,discovered
54.238.185.226,54.238.185.226:600,discovered
54.238.185.226,54.238.185.226:632,discovered
54.238.185.226,54.238.185.226:663,discovered
54.238.185.226,54.238.185.226:685,discovered
54.238.185.226,54.238.185.226:686,discovered
54.238.185.226,54.238.185.226:688,discovered
54.238.185.226,54.238.185.226:775,discovered
54.238.185.226,54.238.185.226:776,discovered
54.238.185.226,54.238.185.226:777,discovered
54.238.185.226,54.238.185.226:778,discovered
54.238.185.226,54.238.185.226:787,discovered
54.238.185.226,54.238.185.226:801,discovered
54.238.185.226,54.238.185.226:802,discovered
54.238.185.226,54.238.185.226:808,discovered
54.238.185.226,54.238.185.226:836,discovered
54.238.185.226,54.238.185.226:837,discovered
54.238.185.226,54.238.185.226:840,discovered
54.238.185.226,54.238.185.226:841,discovered
54.238.185.226,54.238.185.226:842,discovered
54.238.185.226,54.238.185.226:852,discovered
54.238.185.226,54.238.185.226:854,discovered
54.238.185.226,54.238.185.226:855,discovered
54.238.185.226,54.238.185.226:857,discovered
54.238.185.226,54.238.185.226:858,discovered
54.238.185.226,54.238.185.226:863,discovered
54.238.185.226,54.238.185.226:867,discovered
54.238.185.226,54.238.185.226:871,discovered
54.238.185.226,54.238.185.226:872,discovered
54.238.185.226,54.238.185.226:873,discovered
54.238.185.226,54.238.185.226:874,discovered
54.238.185.226,54.238.185.226:877,discovered
54.238.185.226,54.238.185.226:883,discovered
54.238.185.226,54.238.185.226:900,discovered
54.238.185.226,54.238.185.226:901,discovered
54.238.185.226,54.238.185.226:902,discovered
54.238.185.226,54.238.185.226:903,discovered
54.238.185.226,54.238.185.226:904,discovered
54.238.185.226,54.238.185.226:905,discovered
54.238.185.226,54.238.185.226:906,discovered
54.238.185.226,54.238.185.226:907,discovered
54.238.185.226,54.238.185.226:909,discovered
54.238.185.226,54.238.185.226:910,discovered
54.238.185.226,54.238.185.226:912,discovered
54.238.185.226,54.238.185.226:918,discovered
54.238.185.226,54.238.185.226:928,discovered
54.238.185.226,54.238.185.226:938,discovered
54.238.185.226,54.238.185.226:966,discovered
54.238.185.226,54.238.185.226:977,discovered
54.238.185.226,54.238.185.226:978,discovered
54.238.185.226,54.238.185.226:979,discovered
54.238.185.226,54.238.185.226:980,discovered
54.238.185.226,54.238.185.226:981,discovered
54.238.185.226,54.238.185.226:982,discovered
54.238.185.226,54.238.185.226:983,discovered
54.238.185.226,54.238.185.226:989,discovered
54.238.185.226,54.238.185.226:997,discovered
54.238.185.226,54.238.185.226:998,discovered
54.238.185.226,54.238.185.226:999,discovered
54.238.185.226,54.238.185.226:1001,discovered
54.238.185.226,54.238.185.226:1002,discovered
54.238.185.226,54.238.185.226:1003,discovered
54.238.185.226,54.238.185.226:1004,discovered
54.238.185.226,54.238.185.226:1005,discovered
54.238.185.226,54.238.185.226:1006,discovered
54.238.185.226,54.238.185.226:1007,discovered
54.238.185.226,54.238.185.226:1008,discovered
54.238.185.226,54.238.185.226:1009,discovered
54.238.185.226,54.238.185.226:1010,discovered
54.238.185.226,54.238.185.226:1011,discovered
54.238.185.226,54.238.185.226:1012,discovered
54.238.185.226,54.238.185.226:8011,discovered
54.238.185.226,54.238.185.226:8018,discovered
54.238.185.226,54.238.185.226:8028,discovered
54.238.185.226,54.238.185.226:8031,discovered
54.238.185.226,54.238.185.226:8038,discovered
54.238.185.226,54.238.185.226:8048,discovered
54.238.185.226,54.238.185.226:8049,discovered
54.238.185.226,54.238.185.226:8061,discovered
54.238.185.226,54.238.185.226:8080,discovered
54.238.185.226,http://54.238.185.226:8080/,discovered
54.238.185.226,54.238.185.226:8082,discovered
54.238.185.226,54.238.185.226:8083,discovered
54.238.185.226,54.238.185.226:8084,discovered
54.238.185.226,54.238.185.226:8085,discovered
54.238.185.226,54.238.185.226:8088,discovered
54.238.185.226,54.238.185.226:8090,discovered
54.238.185.226,54.238.185.226:8181,discovered
54.238.185.226,54.238.185.226:8222,discovered
54.238.185.226,54.238.185.226:8443,discovered
54.238.185.226,https://54.238.185.226:8443/,discovered
54.238.185.226,54.238.185.226:8888,discovered
54.238.185.226,54.238.185.226:9001,discovered
54.238.185.226,54.238.185.226:9007,discovered
54.238.185.226,54.238.185.226:9008,discovered
54.238.185.226,54.238.185.226:9015,discovered
54.238.185.226,54.238.185.226:9025,discovered
54.238.185.226,54.238.185.226:9058,discovered
54.238.185.226,54.238.185.226:9081,discovered
54.238.185.226,54.238.185.226:9090,discovered
54.238.185.226,54.238.185.226:9095,discovered
